case_id,cpfc_first_degraded_step,cpfc_onset_rank,cpfc_pattern_label,cpfc_pattern_rank_or_confidence,verification_entropy_rank,A_rank,I_nec_rank,I_plus,I_minus,burst_flag,gate_pass,unverifiable_flag,boundary_flag,created_at,script_name
dtest_case_0000,t0,1,dependency_mediated_propagation,0.695,3,1,1,0.2787,0.0624,False,True,False,False,2025-01-15 08:30:00,cpfc_pipeline_v2.1.py
dtest_case_0001,t2,3,unverifiable_or_excluded,0.702,1,3,2,0.3809,0.3126,False,True,False,False,2025-01-15 08:30:00,cpfc_pipeline_v2.1.py
dtest_case_0002,t1,2,boundary_case,0.824,1,2,2,0.4686,0.1247,False,True,False,False,2025-01-15 08:30:00,cpfc_pipeline_v2.1.py
dtest_case_0003,none,1,unverifiable_or_excluded,0.577,3,3,3,0.3868,0.0176,False,True,False,False,2025-01-15 08:30:00,cpfc_pipeline_v2.1.py
dtest_case_0004,t2,2,local_verification_collapse,0.883,1,1,1,0.4496,0.3849,False,False,False,False,2025-01-15 08:30:00,cpfc_pipeline_v2.1.py
dtest_case_0005,t2,1,unverifiable_or_excluded,0.637,2,3,2,0.0781,0.088,False,True,False,False,2025-01-15 08:30:00,cpfc_pipeline_v2.1.py
dtest_case_0006,none,1,unverifiable_or_excluded,0.675,2,3,3,0.1898,0.1266,False,True,False,False,2025-01-15 08:30:00,cpfc_pipeline_v2.1.py
dtest_case_0007,none,1,unverifiable_or_excluded,0.709,2,3,2,0.0732,0.3332,False,False,False,False,2025-01-15 08:30:00,cpfc_pipeline_v2.1.py
dtest_case_0008,none,2,unverifiable_or_excluded,0.724,3,2,1,0.1542,0.2292,False,True,False,False,2025-01-15 08:30:00,cpfc_pipeline_v2.1.py
dtest_case_0009,none,2,boundary_case,0.936,1,1,3,0.1729,0.2684,False,False,False,False,2025-01-15 08:30:00,cpfc_pipeline_v2.1.py
dtest_case_0010,none,1,unverifiable_or_excluded,0.946,3,1,3,0.2298,0.1724,False,True,False,False,2025-01-15 08:30:00,cpfc_pipeline_v2.1.py
dtest_case_0011,t1,2,dependency_mediated_propagation,0.673,3,2,1,0.0801,0.0684,False,False,False,False,2025-01-15 08:30:00,cpfc_pipeline_v2.1.py
dtest_case_0012,t1,2,unverifiable_or_excluded,0.59,1,1,2,0.0798,0.1342,True,True,False,False,2025-01-15 08:30:00,cpfc_pipeline_v2.1.py
dtest_case_0013,t2,1,unverifiable_or_excluded,0.656,2,2,1,0.2098,0.0202,True,True,False,False,2025-01-15 08:30:00,cpfc_pipeline_v2.1.py
dtest_case_0014,none,1,unverifiable_or_excluded,0.555,3,3,3,0.0201,0.2353,False,False,False,False,2025-01-15 08:30:00,cpfc_pipeline_v2.1.py
dtest_case_0015,none,3,unverifiable_or_excluded,0.776,3,3,3,0.2566,0.0778,True,True,False,False,2025-01-15 08:30:00,cpfc_pipeline_v2.1.py
dtest_case_0016,t1,2,dependency_mediated_propagation,0.677,1,1,2,0.0477,0.18,False,False,False,False,2025-01-15 08:30:00,cpfc_pipeline_v2.1.py
dtest_case_0017,t0,1,dependency_mediated_propagation,0.851,1,1,1,0.3638,0.1938,False,True,False,False,2025-01-15 08:30:00,cpfc_pipeline_v2.1.py
dtest_case_0018,t2,3,burst_associated_degradation,0.669,3,1,1,0.1341,0.1444,False,True,False,False,2025-01-15 08:30:00,cpfc_pipeline_v2.1.py
dtest_case_0019,none,1,unverifiable_or_excluded,0.829,1,3,2,0.488,0.1379,False,True,False,False,2025-01-15 08:30:00,cpfc_pipeline_v2.1.py
dtest_case_0020,none,2,unverifiable_or_excluded,0.646,3,3,1,0.0706,0.2182,True,True,False,False,2025-01-15 08:30:00,cpfc_pipeline_v2.1.py
dtest_case_0021,t2,3,unverifiable_or_excluded,0.819,1,2,1,0.4963,0.0625,False,False,False,False,2025-01-15 08:30:00,cpfc_pipeline_v2.1.py
dtest_case_0022,t1,2,burst_associated_degradation,0.896,3,3,1,0.384,0.1737,False,True,False,False,2025-01-15 08:30:00,cpfc_pipeline_v2.1.py
dtest_case_0023,t1,2,boundary_case,0.559,3,3,1,0.0646,0.0398,False,True,False,False,2025-01-15 08:30:00,cpfc_pipeline_v2.1.py
dtest_case_0024,t1,2,burst_associated_degradation,0.747,1,3,1,0.3827,0.1012,False,True,False,False,2025-01-15 08:30:00,cpfc_pipeline_v2.1.py
dtest_case_0025,none,3,unverifiable_or_excluded,0.604,3,2,3,0.2971,0.2413,False,True,False,False,2025-01-15 08:30:00,cpfc_pipeline_v2.1.py
dtest_case_0026,t1,2,unverifiable_or_excluded,0.557,2,2,1,0.3127,0.2988,False,True,False,True,2025-01-15 08:30:00,cpfc_pipeline_v2.1.py
dtest_case_0027,t1,2,burst_associated_degradation,0.89,3,3,1,0.4985,0.0734,False,True,False,False,2025-01-15 08:30:00,cpfc_pipeline_v2.1.py
dtest_case_0028,none,1,unverifiable_or_excluded,0.583,2,3,2,0.2132,0.2193,False,True,True,False,2025-01-15 08:30:00,cpfc_pipeline_v2.1.py
dtest_case_0029,none,2,unverifiable_or_excluded,0.872,1,1,3,0.2501,0.0278,True,True,False,False,2025-01-15 08:30:00,cpfc_pipeline_v2.1.py
dtest_case_0030,t1,2,boundary_case,0.61,2,1,2,0.2627,0.2791,False,False,False,False,2025-01-15 08:30:00,cpfc_pipeline_v2.1.py
dtest_case_0031,none,1,unverifiable_or_excluded,0.651,1,3,3,0.4621,0.1303,True,True,False,False,2025-01-15 08:30:00,cpfc_pipeline_v2.1.py
dtest_case_0032,none,3,dependency_mediated_propagation,0.601,2,3,1,0.4158,0.3674,False,True,False,False,2025-01-15 08:30:00,cpfc_pipeline_v2.1.py
dtest_case_0033,t2,3,burst_associated_degradation,0.67,3,1,1,0.3561,0.1426,False,True,False,False,2025-01-15 08:30:00,cpfc_pipeline_v2.1.py
dtest_case_0034,t0,1,burst_associated_degradation,0.879,1,1,1,0.0425,0.2195,False,True,False,False,2025-01-15 08:30:00,cpfc_pipeline_v2.1.py
dtest_case_0035,t0,1,local_verification_collapse,0.588,3,3,3,0.4937,0.1776,False,False,False,False,2025-01-15 08:30:00,cpfc_pipeline_v2.1.py
dtest_case_0036,none,1,unverifiable_or_excluded,0.741,1,1,2,0.3363,0.2729,False,True,False,False,2025-01-15 08:30:00,cpfc_pipeline_v2.1.py
dtest_case_0037,none,3,unverifiable_or_excluded,0.827,1,1,3,0.4364,0.2,False,True,False,False,2025-01-15 08:30:00,cpfc_pipeline_v2.1.py
dtest_case_0038,t1,2,dependency_mediated_propagation,0.664,3,1,1,0.425,0.0785,True,False,False,False,2025-01-15 08:30:00,cpfc_pipeline_v2.1.py
dtest_case_0039,t2,3,local_verification_collapse,0.784,1,3,3,0.4877,0.1897,True,True,False,False,2025-01-15 08:30:00,cpfc_pipeline_v2.1.py
dtest_case_0040,none,2,unverifiable_or_excluded,0.749,2,2,2,0.3265,0.0616,False,True,False,False,2025-01-15 08:30:00,cpfc_pipeline_v2.1.py
dtest_case_0041,t2,3,local_verification_collapse,0.806,1,1,2,0.3852,0.1349,False,True,False,False,2025-01-15 08:30:00,cpfc_pipeline_v2.1.py
dtest_case_0042,none,2,unverifiable_or_excluded,0.671,2,3,1,0.3381,0.1229,False,True,False,False,2025-01-15 08:30:00,cpfc_pipeline_v2.1.py
dtest_case_0043,t0,1,dependency_mediated_propagation,0.938,2,1,2,0.2334,0.0307,False,True,False,False,2025-01-15 08:30:00,cpfc_pipeline_v2.1.py
dtest_case_0044,none,3,unverifiable_or_excluded,0.692,1,1,3,0.226,0.3943,True,True,False,False,2025-01-15 08:30:00,cpfc_pipeline_v2.1.py
dtest_case_0045,t2,3,burst_associated_degradation,0.709,3,1,2,0.3652,0.0541,False,True,False,False,2025-01-15 08:30:00,cpfc_pipeline_v2.1.py
dtest_case_0046,t1,2,boundary_case,0.594,3,1,1,0.0813,0.2702,True,True,False,False,2025-01-15 08:30:00,cpfc_pipeline_v2.1.py
dtest_case_0047,none,3,unverifiable_or_excluded,0.695,1,3,1,0.1271,0.1182,False,True,False,False,2025-01-15 08:30:00,cpfc_pipeline_v2.1.py
dtest_case_0048,t2,3,burst_associated_degradation,0.619,1,3,3,0.435,0.1486,False,True,False,False,2025-01-15 08:30:00,cpfc_pipeline_v2.1.py
dtest_case_0049,t2,2,unverifiable_or_excluded,0.63,2,3,2,0.315,0.3315,False,True,False,False,2025-01-15 08:30:00,cpfc_pipeline_v2.1.py
dtest_case_0050,t2,3,burst_associated_degradation,0.945,2,1,2,0.361,0.0161,False,True,False,False,2025-01-15 08:30:00,cpfc_pipeline_v2.1.py
dtest_case_0051,t0,1,burst_associated_degradation,0.908,2,1,2,0.309,0.1367,False,True,False,False,2025-01-15 08:30:00,cpfc_pipeline_v2.1.py
dtest_case_0052,t1,2,unverifiable_or_excluded,0.691,2,3,1,0.0582,0.0508,False,True,True,False,2025-01-15 08:30:00,cpfc_pipeline_v2.1.py
dtest_case_0053,t1,2,dependency_mediated_propagation,0.569,2,3,3,0.294,0.1412,False,True,False,False,2025-01-15 08:30:00,cpfc_pipeline_v2.1.py
dtest_case_0054,t0,1,local_verification_collapse,0.728,1,3,3,0.479,0.2164,False,True,False,False,2025-01-15 08:30:00,cpfc_pipeline_v2.1.py
dtest_case_0055,t1,2,dependency_mediated_propagation,0.624,1,3,1,0.3818,0.2094,False,True,False,False,2025-01-15 08:30:00,cpfc_pipeline_v2.1.py
dtest_case_0056,t2,3,boundary_case,0.615,3,2,1,0.1934,0.0205,False,True,False,True,2025-01-15 08:30:00,cpfc_pipeline_v2.1.py
dtest_case_0057,none,2,unverifiable_or_excluded,0.74,3,1,3,0.0356,0.2295,False,False,False,False,2025-01-15 08:30:00,cpfc_pipeline_v2.1.py
dtest_case_0058,t1,2,local_verification_collapse,0.917,3,2,2,0.0926,0.2165,False,True,False,False,2025-01-15 08:30:00,cpfc_pipeline_v2.1.py
dtest_case_0059,t1,2,burst_associated_degradation,0.731,2,1,1,0.3982,0.3027,False,True,False,False,2025-01-15 08:30:00,cpfc_pipeline_v2.1.py
dtest_case_0060,t1,2,dependency_mediated_propagation,0.93,2,2,1,0.0456,0.1144,False,True,False,False,2025-01-15 08:30:00,cpfc_pipeline_v2.1.py
dtest_case_0061,none,2,unverifiable_or_excluded,0.716,1,2,1,0.0492,0.3827,False,True,True,False,2025-01-15 08:30:00,cpfc_pipeline_v2.1.py
dtest_case_0062,t2,3,burst_associated_degradation,0.645,1,2,2,0.3988,0.271,False,True,False,False,2025-01-15 08:30:00,cpfc_pipeline_v2.1.py
dtest_case_0063,t1,2,local_verification_collapse,0.801,3,3,3,0.4963,0.0963,False,False,False,False,2025-01-15 08:30:00,cpfc_pipeline_v2.1.py
dtest_case_0064,t0,1,dependency_mediated_propagation,0.714,3,2,3,0.0083,0.0779,False,True,False,False,2025-01-15 08:30:00,cpfc_pipeline_v2.1.py
dtest_case_0065,t0,1,burst_associated_degradation,0.577,2,1,1,0.346,0.056,False,True,False,False,2025-01-15 08:30:00,cpfc_pipeline_v2.1.py
dtest_case_0066,t0,2,unverifiable_or_excluded,0.574,3,1,2,0.0055,0.2921,False,True,False,False,2025-01-15 08:30:00,cpfc_pipeline_v2.1.py
dtest_case_0067,none,3,unverifiable_or_excluded,0.692,3,3,3,0.2092,0.1431,False,True,False,False,2025-01-15 08:30:00,cpfc_pipeline_v2.1.py
dtest_case_0068,none,2,unverifiable_or_excluded,0.676,2,3,3,0.0126,0.1419,False,True,False,False,2025-01-15 08:30:00,cpfc_pipeline_v2.1.py
dtest_case_0069,t1,2,burst_associated_degradation,0.715,1,2,1,0.2441,0.0533,False,True,False,False,2025-01-15 08:30:00,cpfc_pipeline_v2.1.py
dtest_case_0070,t2,3,dependency_mediated_propagation,0.665,2,1,2,0.454,0.097,True,True,False,False,2025-01-15 08:30:00,cpfc_pipeline_v2.1.py
dtest_case_0071,none,3,unverifiable_or_excluded,0.739,3,2,1,0.1808,0.0502,False,True,False,False,2025-01-15 08:30:00,cpfc_pipeline_v2.1.py
dtest_case_0072,none,2,unverifiable_or_excluded,0.785,2,1,3,0.4042,0.2447,False,True,False,False,2025-01-15 08:30:00,cpfc_pipeline_v2.1.py
dtest_case_0073,t1,2,burst_associated_degradation,0.622,3,2,2,0.218,0.2376,False,True,False,False,2025-01-15 08:30:00,cpfc_pipeline_v2.1.py
dtest_case_0074,t0,1,local_verification_collapse,0.619,2,1,2,0.1416,0.1601,False,True,False,False,2025-01-15 08:30:00,cpfc_pipeline_v2.1.py
dtest_case_0075,t1,2,burst_associated_degradation,0.667,1,3,3,0.2787,0.2828,False,False,False,False,2025-01-15 08:30:00,cpfc_pipeline_v2.1.py
dtest_case_0076,t0,1,local_verification_collapse,0.844,1,3,1,0.4399,0.0197,False,False,False,False,2025-01-15 08:30:00,cpfc_pipeline_v2.1.py
dtest_case_0077,none,2,boundary_case,0.894,1,1,2,0.4559,0.0161,False,True,False,False,2025-01-15 08:30:00,cpfc_pipeline_v2.1.py
dtest_case_0078,t0,1,local_verification_collapse,0.583,1,2,2,0.3909,0.3063,False,False,False,False,2025-01-15 08:30:00,cpfc_pipeline_v2.1.py
dtest_case_0079,none,2,dependency_mediated_propagation,0.936,2,3,2,0.3631,0.1468,True,True,False,False,2025-01-15 08:30:00,cpfc_pipeline_v2.1.py
dtest_case_0080,t2,3,unverifiable_or_excluded,0.709,3,2,3,0.4608,0.3248,False,False,True,True,2025-01-15 08:30:00,cpfc_pipeline_v2.1.py
dtest_case_0081,t1,2,boundary_case,0.623,2,3,2,0.1696,0.025,False,True,False,False,2025-01-15 08:30:00,cpfc_pipeline_v2.1.py
dtest_case_0082,t1,2,local_verification_collapse,0.874,2,1,3,0.4631,0.3485,False,True,False,False,2025-01-15 08:30:00,cpfc_pipeline_v2.1.py
dtest_case_0083,none,1,unverifiable_or_excluded,0.683,1,2,3,0.2553,0.048,False,False,True,True,2025-01-15 08:30:00,cpfc_pipeline_v2.1.py
dtest_case_0084,t2,3,boundary_case,0.584,2,3,2,0.4718,0.3485,False,False,False,False,2025-01-15 08:30:00,cpfc_pipeline_v2.1.py
dtest_case_0085,t1,2,boundary_case,0.583,2,3,3,0.3192,0.1229,False,False,False,False,2025-01-15 08:30:00,cpfc_pipeline_v2.1.py
dtest_case_0086,t2,3,local_verification_collapse,0.628,3,3,2,0.2745,0.0757,False,True,False,False,2025-01-15 08:30:00,cpfc_pipeline_v2.1.py
dtest_case_0087,t2,3,unverifiable_or_excluded,0.881,3,3,2,0.2011,0.1875,False,False,True,False,2025-01-15 08:30:00,cpfc_pipeline_v2.1.py
dtest_case_0088,t1,2,local_verification_collapse,0.606,2,2,2,0.4432,0.0189,False,True,False,False,2025-01-15 08:30:00,cpfc_pipeline_v2.1.py
dtest_case_0089,t2,3,dependency_mediated_propagation,0.927,1,2,1,0.0696,0.0043,False,False,False,False,2025-01-15 08:30:00,cpfc_pipeline_v2.1.py
dtest_case_0090,t2,1,unverifiable_or_excluded,0.758,2,3,1,0.0166,0.0488,False,True,False,False,2025-01-15 08:30:00,cpfc_pipeline_v2.1.py
dtest_case_0091,t1,2,local_verification_collapse,0.731,1,2,1,0.234,0.1643,False,False,False,False,2025-01-15 08:30:00,cpfc_pipeline_v2.1.py
dtest_case_0092,none,1,unverifiable_or_excluded,0.653,2,1,3,0.1604,0.2384,False,True,False,False,2025-01-15 08:30:00,cpfc_pipeline_v2.1.py
dtest_case_0093,t0,1,local_verification_collapse,0.778,1,1,2,0.1098,0.0001,False,False,False,False,2025-01-15 08:30:00,cpfc_pipeline_v2.1.py
dtest_case_0094,t1,2,unverifiable_or_excluded,0.577,2,3,1,0.1159,0.2822,False,True,True,False,2025-01-15 08:30:00,cpfc_pipeline_v2.1.py
dtest_case_0095,t1,2,unverifiable_or_excluded,0.837,1,3,2,0.054,0.0931,False,True,True,False,2025-01-15 08:30:00,cpfc_pipeline_v2.1.py
dtest_case_0096,t1,2,local_verification_collapse,0.731,1,1,3,0.3378,0.2036,False,False,False,False,2025-01-15 08:30:00,cpfc_pipeline_v2.1.py
dtest_case_0097,t1,2,local_verification_collapse,0.565,3,2,2,0.2812,0.1118,False,False,False,False,2025-01-15 08:30:00,cpfc_pipeline_v2.1.py
dtest_case_0098,none,2,unverifiable_or_excluded,0.833,2,1,3,0.1629,0.3816,True,True,False,False,2025-01-15 08:30:00,cpfc_pipeline_v2.1.py
dtest_case_0099,t2,3,unverifiable_or_excluded,0.646,3,3,3,0.2141,0.0246,False,True,False,False,2025-01-15 08:30:00,cpfc_pipeline_v2.1.py
dtest_case_0100,none,1,unverifiable_or_excluded,0.845,2,2,1,0.4767,0.0241,False,True,False,False,2025-01-15 08:30:00,cpfc_pipeline_v2.1.py
dtest_case_0101,t0,1,dependency_mediated_propagation,0.863,2,3,3,0.0619,0.0282,False,True,False,False,2025-01-15 08:30:00,cpfc_pipeline_v2.1.py
dtest_case_0102,t0,1,boundary_case,0.619,1,3,1,0.4298,0.0675,False,True,False,True,2025-01-15 08:30:00,cpfc_pipeline_v2.1.py
dtest_case_0103,t0,1,dependency_mediated_propagation,0.751,1,1,3,0.4441,0.0797,False,True,False,False,2025-01-15 08:30:00,cpfc_pipeline_v2.1.py
dtest_case_0104,t1,2,unverifiable_or_excluded,0.768,3,3,2,0.0838,0.1241,False,False,False,False,2025-01-15 08:30:00,cpfc_pipeline_v2.1.py
dtest_case_0105,t0,1,boundary_case,0.769,2,3,2,0.1103,0.0744,False,True,False,False,2025-01-15 08:30:00,cpfc_pipeline_v2.1.py
dtest_case_0106,t1,2,burst_associated_degradation,0.567,1,3,3,0.4739,0.0565,False,True,False,False,2025-01-15 08:30:00,cpfc_pipeline_v2.1.py
dtest_case_0107,t1,2,dependency_mediated_propagation,0.741,3,3,3,0.096,0.0584,False,False,False,False,2025-01-15 08:30:00,cpfc_pipeline_v2.1.py
dtest_case_0108,none,1,unverifiable_or_excluded,0.684,2,2,3,0.3096,0.3299,False,True,False,True,2025-01-15 08:30:00,cpfc_pipeline_v2.1.py
dtest_case_0109,t0,3,boundary_case,0.645,2,3,1,0.263,0.3037,False,True,False,False,2025-01-15 08:30:00,cpfc_pipeline_v2.1.py
dtest_case_0110,t1,2,boundary_case,0.594,3,1,3,0.0997,0.1649,True,True,False,False,2025-01-15 08:30:00,cpfc_pipeline_v2.1.py
dtest_case_0111,t1,2,dependency_mediated_propagation,0.585,1,1,2,0.149,0.0359,False,True,False,False,2025-01-15 08:30:00,cpfc_pipeline_v2.1.py
dtest_case_0112,t2,3,boundary_case,0.673,1,1,1,0.2852,0.2326,False,True,False,True,2025-01-15 08:30:00,cpfc_pipeline_v2.1.py
dtest_case_0113,t2,3,dependency_mediated_propagation,0.582,1,2,2,0.0831,0.3666,False,True,False,False,2025-01-15 08:30:00,cpfc_pipeline_v2.1.py
dtest_case_0114,t2,3,local_verification_collapse,0.751,3,3,1,0.157,0.1997,False,False,False,False,2025-01-15 08:30:00,cpfc_pipeline_v2.1.py
dtest_case_0115,t2,3,local_verification_collapse,0.827,2,1,2,0.4147,0.0761,False,True,False,False,2025-01-15 08:30:00,cpfc_pipeline_v2.1.py
dtest_case_0116,t1,2,burst_associated_degradation,0.675,3,3,1,0.4242,0.1453,False,False,False,False,2025-01-15 08:30:00,cpfc_pipeline_v2.1.py
dtest_case_0117,none,2,burst_associated_degradation,0.566,2,2,1,0.0256,0.1608,False,True,False,False,2025-01-15 08:30:00,cpfc_pipeline_v2.1.py
dtest_case_0118,t2,3,dependency_mediated_propagation,0.742,3,1,2,0.2728,0.0816,False,True,False,True,2025-01-15 08:30:00,cpfc_pipeline_v2.1.py
dtest_case_0119,t0,1,burst_associated_degradation,0.937,1,2,3,0.3066,0.3222,False,False,False,False,2025-01-15 08:30:00,cpfc_pipeline_v2.1.py
dtest_case_0120,t1,2,burst_associated_degradation,0.822,2,1,2,0.011,0.1432,False,True,False,False,2025-01-15 08:30:00,cpfc_pipeline_v2.1.py
dtest_case_0121,t2,3,burst_associated_degradation,0.841,3,3,2,0.4278,0.1673,False,False,False,True,2025-01-15 08:30:00,cpfc_pipeline_v2.1.py
dtest_case_0122,t1,2,dependency_mediated_propagation,0.621,2,3,2,0.2987,0.1575,False,False,False,False,2025-01-15 08:30:00,cpfc_pipeline_v2.1.py
dtest_case_0123,none,1,burst_associated_degradation,0.861,3,1,3,0.1371,0.3311,False,False,False,False,2025-01-15 08:30:00,cpfc_pipeline_v2.1.py
dtest_case_0124,t1,2,burst_associated_degradation,0.665,2,1,1,0.4183,0.2817,False,True,False,False,2025-01-15 08:30:00,cpfc_pipeline_v2.1.py
dtest_case_0125,t1,2,local_verification_collapse,0.828,2,3,2,0.2661,0.3287,True,False,False,False,2025-01-15 08:30:00,cpfc_pipeline_v2.1.py
dtest_case_0126,t2,1,dependency_mediated_propagation,0.617,2,1,2,0.4492,0.2331,True,True,True,False,2025-01-15 08:30:00,cpfc_pipeline_v2.1.py
dtest_case_0127,t2,3,local_verification_collapse,0.817,3,1,3,0.1244,0.1632,False,True,False,False,2025-01-15 08:30:00,cpfc_pipeline_v2.1.py
dtest_case_0128,t0,3,unverifiable_or_excluded,0.753,2,2,1,0.4026,0.0547,True,False,False,False,2025-01-15 08:30:00,cpfc_pipeline_v2.1.py
dtest_case_0129,t0,1,burst_associated_degradation,0.84,2,2,1,0.2374,0.1345,False,True,False,False,2025-01-15 08:30:00,cpfc_pipeline_v2.1.py
dtest_case_0130,none,3,boundary_case,0.68,1,2,1,0.1407,0.183,False,False,False,False,2025-01-15 08:30:00,cpfc_pipeline_v2.1.py
dtest_case_0131,none,1,unverifiable_or_excluded,0.881,2,2,2,0.2331,0.3168,False,True,False,False,2025-01-15 08:30:00,cpfc_pipeline_v2.1.py
dtest_case_0132,none,1,unverifiable_or_excluded,0.725,1,2,2,0.0503,0.1573,False,False,False,False,2025-01-15 08:30:00,cpfc_pipeline_v2.1.py
dtest_case_0133,t1,3,unverifiable_or_excluded,0.676,1,2,1,0.0497,0.3066,False,False,False,False,2025-01-15 08:30:00,cpfc_pipeline_v2.1.py
dtest_case_0134,none,1,unverifiable_or_excluded,0.889,2,1,2,0.241,0.3031,False,True,False,False,2025-01-15 08:30:00,cpfc_pipeline_v2.1.py
dtest_case_0135,t0,1,burst_associated_degradation,0.619,1,2,2,0.0319,0.127,False,True,False,False,2025-01-15 08:30:00,cpfc_pipeline_v2.1.py
dtest_case_0136,none,3,unverifiable_or_excluded,0.556,2,1,1,0.3016,0.0319,False,False,False,True,2025-01-15 08:30:00,cpfc_pipeline_v2.1.py
dtest_case_0137,t1,2,local_verification_collapse,0.783,1,3,1,0.2687,0.0768,False,True,False,False,2025-01-15 08:30:00,cpfc_pipeline_v2.1.py
dtest_case_0138,t1,2,unverifiable_or_excluded,0.914,3,3,3,0.092,0.3026,False,True,False,False,2025-01-15 08:30:00,cpfc_pipeline_v2.1.py
dtest_case_0139,t1,2,burst_associated_degradation,0.68,1,1,1,0.4923,0.0836,True,True,False,False,2025-01-15 08:30:00,cpfc_pipeline_v2.1.py
dtest_case_0140,t2,3,unverifiable_or_excluded,0.558,1,2,1,0.1509,0.015,False,True,True,True,2025-01-15 08:30:00,cpfc_pipeline_v2.1.py
dtest_case_0141,t2,3,burst_associated_degradation,0.941,2,1,3,0.4707,0.2706,False,False,False,False,2025-01-15 08:30:00,cpfc_pipeline_v2.1.py
dtest_case_0142,t1,2,local_verification_collapse,0.83,1,3,2,0.0162,0.0942,False,True,False,False,2025-01-15 08:30:00,cpfc_pipeline_v2.1.py
dtest_case_0143,t0,1,local_verification_collapse,0.932,3,2,1,0.2026,0.0956,False,True,False,False,2025-01-15 08:30:00,cpfc_pipeline_v2.1.py
dtest_case_0144,t1,2,boundary_case,0.811,2,1,2,0.1969,0.2433,False,True,False,True,2025-01-15 08:30:00,cpfc_pipeline_v2.1.py
dtest_case_0145,t1,1,unverifiable_or_excluded,0.698,2,1,3,0.0287,0.2333,False,True,False,False,2025-01-15 08:30:00,cpfc_pipeline_v2.1.py
dtest_case_0146,t1,2,dependency_mediated_propagation,0.581,3,1,3,0.1282,0.3736,True,False,False,False,2025-01-15 08:30:00,cpfc_pipeline_v2.1.py
dtest_case_0147,t0,1,burst_associated_degradation,0.718,2,3,1,0.3586,0.2328,False,False,False,False,2025-01-15 08:30:00,cpfc_pipeline_v2.1.py
dtest_case_0148,t1,2,local_verification_collapse,0.704,3,2,1,0.0416,0.3452,False,True,False,False,2025-01-15 08:30:00,cpfc_pipeline_v2.1.py
dtest_case_0149,t0,1,burst_associated_degradation,0.901,3,2,3,0.0792,0.0249,False,True,False,False,2025-01-15 08:30:00,cpfc_pipeline_v2.1.py
dtest_case_0150,t2,3,boundary_case,0.886,3,2,1,0.0963,0.0516,False,False,False,True,2025-01-15 08:30:00,cpfc_pipeline_v2.1.py
dtest_case_0151,none,3,local_verification_collapse,0.58,3,2,2,0.1715,0.3952,False,True,True,False,2025-01-15 08:30:00,cpfc_pipeline_v2.1.py
dtest_case_0152,t0,1,local_verification_collapse,0.691,3,1,1,0.3602,0.1127,False,True,False,False,2025-01-15 08:30:00,cpfc_pipeline_v2.1.py
dtest_case_0153,t1,2,burst_associated_degradation,0.626,1,2,3,0.0136,0.3134,True,False,False,False,2025-01-15 08:30:00,cpfc_pipeline_v2.1.py
dtest_case_0154,t1,2,local_verification_collapse,0.741,2,3,2,0.4544,0.3141,False,False,False,False,2025-01-15 08:30:00,cpfc_pipeline_v2.1.py
dtest_case_0155,none,1,dependency_mediated_propagation,0.731,2,1,1,0.0714,0.2319,False,True,False,False,2025-01-15 08:30:00,cpfc_pipeline_v2.1.py
dtest_case_0156,t2,3,local_verification_collapse,0.878,3,1,3,0.365,0.1431,True,True,False,False,2025-01-15 08:30:00,cpfc_pipeline_v2.1.py
dtest_case_0157,none,1,unverifiable_or_excluded,0.937,3,2,3,0.1294,0.1389,False,True,True,False,2025-01-15 08:30:00,cpfc_pipeline_v2.1.py
dtest_case_0158,none,3,unverifiable_or_excluded,0.934,1,1,3,0.1288,0.18,False,True,True,False,2025-01-15 08:30:00,cpfc_pipeline_v2.1.py
dtest_case_0159,t0,1,burst_associated_degradation,0.763,1,2,1,0.4267,0.1993,False,True,False,False,2025-01-15 08:30:00,cpfc_pipeline_v2.1.py
dtest_case_0160,t1,2,boundary_case,0.586,3,2,1,0.4259,0.3269,True,False,False,True,2025-01-15 08:30:00,cpfc_pipeline_v2.1.py
dtest_case_0161,t0,1,boundary_case,0.563,1,3,2,0.3983,0.1352,False,True,False,True,2025-01-15 08:30:00,cpfc_pipeline_v2.1.py
dtest_case_0162,t0,1,boundary_case,0.554,2,3,2,0.2228,0.3868,False,False,False,False,2025-01-15 08:30:00,cpfc_pipeline_v2.1.py
dtest_case_0163,t0,1,burst_associated_degradation,0.897,2,3,2,0.33,0.1555,True,True,False,True,2025-01-15 08:30:00,cpfc_pipeline_v2.1.py
dtest_case_0164,t1,1,boundary_case,0.937,3,2,1,0.257,0.276,False,True,False,False,2025-01-15 08:30:00,cpfc_pipeline_v2.1.py
dtest_case_0165,t1,2,boundary_case,0.825,3,1,2,0.0532,0.3287,True,True,False,False,2025-01-15 08:30:00,cpfc_pipeline_v2.1.py
dtest_case_0166,t1,2,unverifiable_or_excluded,0.627,2,3,2,0.3897,0.209,False,False,True,False,2025-01-15 08:30:00,cpfc_pipeline_v2.1.py
dtest_case_0167,none,3,unverifiable_or_excluded,0.702,3,3,2,0.032,0.2385,False,True,False,False,2025-01-15 08:30:00,cpfc_pipeline_v2.1.py
dtest_case_0168,t0,1,local_verification_collapse,0.734,3,3,2,0.3386,0.0476,True,True,False,False,2025-01-15 08:30:00,cpfc_pipeline_v2.1.py
dtest_case_0169,t2,3,burst_associated_degradation,0.901,2,3,1,0.1356,0.3041,False,True,False,False,2025-01-15 08:30:00,cpfc_pipeline_v2.1.py
dtest_case_0170,t2,3,local_verification_collapse,0.896,3,3,3,0.2222,0.1213,False,True,False,False,2025-01-15 08:30:00,cpfc_pipeline_v2.1.py
dtest_case_0171,none,1,unverifiable_or_excluded,0.849,1,3,2,0.3436,0.1251,True,True,False,False,2025-01-15 08:30:00,cpfc_pipeline_v2.1.py
dtest_case_0172,none,2,local_verification_collapse,0.827,2,2,3,0.0685,0.3449,False,False,False,False,2025-01-15 08:30:00,cpfc_pipeline_v2.1.py
dtest_case_0173,t2,3,local_verification_collapse,0.592,1,1,2,0.0782,0.3007,False,True,False,False,2025-01-15 08:30:00,cpfc_pipeline_v2.1.py
dtest_case_0174,t0,1,local_verification_collapse,0.782,3,1,2,0.3159,0.2075,True,True,False,False,2025-01-15 08:30:00,cpfc_pipeline_v2.1.py
dtest_case_0175,t0,1,local_verification_collapse,0.752,1,2,2,0.2231,0.2216,False,True,False,False,2025-01-15 08:30:00,cpfc_pipeline_v2.1.py
dtest_case_0176,t2,3,unverifiable_or_excluded,0.798,2,2,2,0.3142,0.1755,True,True,True,False,2025-01-15 08:30:00,cpfc_pipeline_v2.1.py
dtest_case_0177,none,2,burst_associated_degradation,0.564,2,2,1,0.4331,0.1997,False,True,False,False,2025-01-15 08:30:00,cpfc_pipeline_v2.1.py
dtest_case_0178,t0,1,burst_associated_degradation,0.615,2,2,3,0.2443,0.2097,False,True,False,False,2025-01-15 08:30:00,cpfc_pipeline_v2.1.py
dtest_case_0179,none,1,boundary_case,0.807,2,2,1,0.0247,0.103,True,True,False,False,2025-01-15 08:30:00,cpfc_pipeline_v2.1.py
dtest_case_0180,t2,3,local_verification_collapse,0.938,2,3,3,0.368,0.11,False,True,False,False,2025-01-15 08:30:00,cpfc_pipeline_v2.1.py
dtest_case_0181,none,2,unverifiable_or_excluded,0.949,3,3,1,0.4182,0.3898,False,True,True,False,2025-01-15 08:30:00,cpfc_pipeline_v2.1.py
dtest_case_0182,t0,2,unverifiable_or_excluded,0.601,3,3,1,0.4559,0.1757,True,True,True,False,2025-01-15 08:30:00,cpfc_pipeline_v2.1.py
dtest_case_0183,t2,3,burst_associated_degradation,0.88,1,2,2,0.2345,0.3714,False,True,False,False,2025-01-15 08:30:00,cpfc_pipeline_v2.1.py
dtest_case_0184,t1,2,local_verification_collapse,0.939,1,3,2,0.3309,0.3268,False,True,False,False,2025-01-15 08:30:00,cpfc_pipeline_v2.1.py
dtest_case_0185,t2,3,burst_associated_degradation,0.687,3,3,1,0.006,0.0559,False,False,False,False,2025-01-15 08:30:00,cpfc_pipeline_v2.1.py
dtest_case_0186,t0,1,burst_associated_degradation,0.818,2,2,2,0.2864,0.0549,False,True,False,False,2025-01-15 08:30:00,cpfc_pipeline_v2.1.py
dtest_case_0187,t2,3,boundary_case,0.591,3,2,3,0.0125,0.2883,False,True,False,True,2025-01-15 08:30:00,cpfc_pipeline_v2.1.py
dtest_case_0188,none,2,local_verification_collapse,0.587,2,2,1,0.3637,0.3478,False,True,False,False,2025-01-15 08:30:00,cpfc_pipeline_v2.1.py
dtest_case_0189,t1,1,unverifiable_or_excluded,0.57,2,3,2,0.4992,0.2165,False,False,False,False,2025-01-15 08:30:00,cpfc_pipeline_v2.1.py
dtest_case_0190,t1,1,unverifiable_or_excluded,0.885,3,1,1,0.4466,0.2758,False,True,False,False,2025-01-15 08:30:00,cpfc_pipeline_v2.1.py
dtest_case_0191,t2,3,unverifiable_or_excluded,0.935,2,2,1,0.0528,0.3251,False,True,False,False,2025-01-15 08:30:00,cpfc_pipeline_v2.1.py
dtest_case_0192,t1,2,local_verification_collapse,0.572,1,3,1,0.0096,0.1728,True,False,False,False,2025-01-15 08:30:00,cpfc_pipeline_v2.1.py
dtest_case_0193,t1,2,unverifiable_or_excluded,0.62,2,1,2,0.2418,0.0059,False,False,True,False,2025-01-15 08:30:00,cpfc_pipeline_v2.1.py
dtest_case_0194,t0,1,dependency_mediated_propagation,0.851,3,2,3,0.0784,0.2734,False,False,False,False,2025-01-15 08:30:00,cpfc_pipeline_v2.1.py
dtest_case_0195,t1,2,boundary_case,0.944,2,2,3,0.4531,0.0222,False,True,True,False,2025-01-15 08:30:00,cpfc_pipeline_v2.1.py
dtest_case_0196,t1,2,local_verification_collapse,0.591,3,2,1,0.3068,0.0892,False,True,False,False,2025-01-15 08:30:00,cpfc_pipeline_v2.1.py
dtest_case_0197,t2,3,dependency_mediated_propagation,0.738,3,2,2,0.1678,0.2298,False,True,False,False,2025-01-15 08:30:00,cpfc_pipeline_v2.1.py
dtest_case_0198,t2,3,unverifiable_or_excluded,0.731,1,1,1,0.2725,0.0347,False,True,False,True,2025-01-15 08:30:00,cpfc_pipeline_v2.1.py
dtest_case_0199,none,2,boundary_case,0.821,3,3,3,0.0514,0.0689,False,True,False,False,2025-01-15 08:30:00,cpfc_pipeline_v2.1.py
dtest_case_0200,t0,1,burst_associated_degradation,0.687,2,2,2,0.49,0.3942,False,True,False,False,2025-01-15 08:30:00,cpfc_pipeline_v2.1.py
dtest_case_0201,t1,2,burst_associated_degradation,0.893,2,1,3,0.1089,0.0313,False,True,False,False,2025-01-15 08:30:00,cpfc_pipeline_v2.1.py
dtest_case_0202,t1,3,unverifiable_or_excluded,0.9,1,1,1,0.237,0.3503,False,True,False,False,2025-01-15 08:30:00,cpfc_pipeline_v2.1.py
dtest_case_0203,t0,1,local_verification_collapse,0.676,2,1,3,0.1877,0.2507,True,False,False,False,2025-01-15 08:30:00,cpfc_pipeline_v2.1.py
dtest_case_0204,t2,3,burst_associated_degradation,0.897,2,2,1,0.2898,0.365,False,True,False,False,2025-01-15 08:30:00,cpfc_pipeline_v2.1.py
dtest_case_0205,t0,3,local_verification_collapse,0.645,2,1,2,0.4942,0.1377,True,True,False,False,2025-01-15 08:30:00,cpfc_pipeline_v2.1.py
dtest_case_0206,none,2,unverifiable_or_excluded,0.876,1,1,2,0.0463,0.1598,False,True,False,False,2025-01-15 08:30:00,cpfc_pipeline_v2.1.py
dtest_case_0207,t0,1,boundary_case,0.572,2,1,2,0.0283,0.0482,False,False,False,True,2025-01-15 08:30:00,cpfc_pipeline_v2.1.py
dtest_case_0208,none,2,unverifiable_or_excluded,0.575,2,3,3,0.1806,0.2549,True,True,False,False,2025-01-15 08:30:00,cpfc_pipeline_v2.1.py
dtest_case_0209,t0,1,boundary_case,0.804,1,2,3,0.1951,0.3564,False,True,False,False,2025-01-15 08:30:00,cpfc_pipeline_v2.1.py
dtest_case_0210,t1,2,local_verification_collapse,0.608,2,2,1,0.1182,0.0846,False,True,False,False,2025-01-15 08:30:00,cpfc_pipeline_v2.1.py
dtest_case_0211,t2,3,burst_associated_degradation,0.934,1,3,1,0.1717,0.0076,False,False,False,False,2025-01-15 08:30:00,cpfc_pipeline_v2.1.py
dtest_case_0212,t1,2,boundary_case,0.757,2,1,3,0.3732,0.0582,False,True,True,False,2025-01-15 08:30:00,cpfc_pipeline_v2.1.py
dtest_case_0213,none,2,local_verification_collapse,0.691,2,1,1,0.2891,0.2391,False,True,False,False,2025-01-15 08:30:00,cpfc_pipeline_v2.1.py
dtest_case_0214,t0,1,burst_associated_degradation,0.83,1,2,2,0.1794,0.3983,False,True,False,False,2025-01-15 08:30:00,cpfc_pipeline_v2.1.py
dtest_case_0215,t1,2,dependency_mediated_propagation,0.912,2,2,3,0.3597,0.2475,True,True,False,False,2025-01-15 08:30:00,cpfc_pipeline_v2.1.py
dtest_case_0216,t1,2,burst_associated_degradation,0.931,3,3,2,0.2715,0.0518,False,True,False,False,2025-01-15 08:30:00,cpfc_pipeline_v2.1.py
dtest_case_0217,t1,2,unverifiable_or_excluded,0.671,1,3,2,0.4266,0.3734,False,True,False,False,2025-01-15 08:30:00,cpfc_pipeline_v2.1.py
dtest_case_0218,t1,2,local_verification_collapse,0.892,3,1,3,0.0547,0.3863,False,True,False,False,2025-01-15 08:30:00,cpfc_pipeline_v2.1.py
dtest_case_0219,t0,1,boundary_case,0.939,3,1,2,0.0502,0.2037,True,True,False,True,2025-01-15 08:30:00,cpfc_pipeline_v2.1.py
dtest_case_0220,t0,1,dependency_mediated_propagation,0.948,2,2,1,0.1195,0.1125,False,True,False,False,2025-01-15 08:30:00,cpfc_pipeline_v2.1.py
dtest_case_0221,t0,1,local_verification_collapse,0.831,3,2,3,0.499,0.3433,False,False,False,False,2025-01-15 08:30:00,cpfc_pipeline_v2.1.py
dtest_case_0222,none,3,burst_associated_degradation,0.599,2,2,2,0.1844,0.3079,False,True,False,True,2025-01-15 08:30:00,cpfc_pipeline_v2.1.py
dtest_case_0223,t1,2,local_verification_collapse,0.565,1,1,3,0.3446,0.1366,False,False,False,False,2025-01-15 08:30:00,cpfc_pipeline_v2.1.py
dtest_case_0224,t1,2,burst_associated_degradation,0.937,1,1,1,0.4761,0.0199,True,True,False,False,2025-01-15 08:30:00,cpfc_pipeline_v2.1.py
dtest_case_0225,none,1,burst_associated_degradation,0.943,3,3,3,0.1289,0.2805,True,True,False,False,2025-01-15 08:30:00,cpfc_pipeline_v2.1.py
dtest_case_0226,t0,1,burst_associated_degradation,0.931,1,1,3,0.4091,0.2669,True,False,False,False,2025-01-15 08:30:00,cpfc_pipeline_v2.1.py
dtest_case_0227,t1,2,burst_associated_degradation,0.878,1,3,1,0.4362,0.2452,False,False,False,False,2025-01-15 08:30:00,cpfc_pipeline_v2.1.py
dtest_case_0228,none,3,burst_associated_degradation,0.656,1,3,2,0.4089,0.3916,False,True,False,False,2025-01-15 08:30:00,cpfc_pipeline_v2.1.py
dtest_case_0229,none,2,unverifiable_or_excluded,0.669,2,3,1,0.0496,0.0363,False,False,False,False,2025-01-15 08:30:00,cpfc_pipeline_v2.1.py
dtest_case_0230,t1,2,local_verification_collapse,0.796,3,2,3,0.1168,0.2557,False,True,False,False,2025-01-15 08:30:00,cpfc_pipeline_v2.1.py
dtest_case_0231,t1,2,unverifiable_or_excluded,0.717,1,3,3,0.0804,0.2801,False,True,True,False,2025-01-15 08:30:00,cpfc_pipeline_v2.1.py
dtest_case_0232,t1,2,unverifiable_or_excluded,0.74,3,1,2,0.2678,0.1577,False,True,True,False,2025-01-15 08:30:00,cpfc_pipeline_v2.1.py
dtest_case_0233,none,1,burst_associated_degradation,0.572,2,1,1,0.4673,0.2904,False,False,False,False,2025-01-15 08:30:00,cpfc_pipeline_v2.1.py
dtest_case_0234,none,1,unverifiable_or_excluded,0.593,2,1,3,0.1525,0.0675,False,True,False,False,2025-01-15 08:30:00,cpfc_pipeline_v2.1.py
dtest_case_0235,t1,2,burst_associated_degradation,0.768,2,3,1,0.3362,0.1315,False,True,False,False,2025-01-15 08:30:00,cpfc_pipeline_v2.1.py
dtest_case_0236,t1,2,dependency_mediated_propagation,0.842,1,1,1,0.1188,0.1957,False,True,False,True,2025-01-15 08:30:00,cpfc_pipeline_v2.1.py
dtest_case_0237,t1,3,unverifiable_or_excluded,0.735,1,2,2,0.4372,0.141,False,True,False,False,2025-01-15 08:30:00,cpfc_pipeline_v2.1.py
dtest_case_0238,none,2,local_verification_collapse,0.644,2,1,3,0.4882,0.1505,False,True,False,False,2025-01-15 08:30:00,cpfc_pipeline_v2.1.py
dtest_case_0239,t0,1,burst_associated_degradation,0.731,2,2,2,0.026,0.0455,True,False,False,True,2025-01-15 08:30:00,cpfc_pipeline_v2.1.py
dtest_case_0240,t1,2,unverifiable_or_excluded,0.841,3,3,3,0.3335,0.0803,False,True,False,False,2025-01-15 08:30:00,cpfc_pipeline_v2.1.py
dtest_case_0241,t1,2,dependency_mediated_propagation,0.805,2,2,2,0.3187,0.3207,False,True,False,False,2025-01-15 08:30:00,cpfc_pipeline_v2.1.py
dtest_case_0242,t0,1,unverifiable_or_excluded,0.853,2,2,2,0.2437,0.25,False,True,True,False,2025-01-15 08:30:00,cpfc_pipeline_v2.1.py
dtest_case_0243,none,3,dependency_mediated_propagation,0.625,3,1,1,0.3728,0.3982,False,True,False,False,2025-01-15 08:30:00,cpfc_pipeline_v2.1.py
dtest_case_0244,none,1,unverifiable_or_excluded,0.652,2,1,1,0.4933,0.0224,True,True,False,False,2025-01-15 08:30:00,cpfc_pipeline_v2.1.py
dtest_case_0245,t1,2,boundary_case,0.885,2,2,2,0.005,0.353,False,True,False,True,2025-01-15 08:30:00,cpfc_pipeline_v2.1.py
dtest_case_0246,t2,3,local_verification_collapse,0.594,2,2,1,0.0078,0.144,True,True,False,False,2025-01-15 08:30:00,cpfc_pipeline_v2.1.py
dtest_case_0247,t1,2,dependency_mediated_propagation,0.63,3,3,3,0.3193,0.0565,False,True,False,False,2025-01-15 08:30:00,cpfc_pipeline_v2.1.py
dtest_case_0248,t2,3,local_verification_collapse,0.908,3,2,2,0.0452,0.3791,False,True,False,False,2025-01-15 08:30:00,cpfc_pipeline_v2.1.py
dtest_case_0249,t1,2,unverifiable_or_excluded,0.749,1,1,3,0.4658,0.0419,False,True,False,False,2025-01-15 08:30:00,cpfc_pipeline_v2.1.py
dtest_case_0250,t1,2,local_verification_collapse,0.862,3,3,3,0.1834,0.0423,False,True,False,False,2025-01-15 08:30:00,cpfc_pipeline_v2.1.py
dtest_case_0251,t0,1,unverifiable_or_excluded,0.751,2,1,3,0.2506,0.1535,False,True,False,False,2025-01-15 08:30:00,cpfc_pipeline_v2.1.py
dtest_case_0252,t1,2,local_verification_collapse,0.706,3,1,3,0.0474,0.2177,False,False,False,False,2025-01-15 08:30:00,cpfc_pipeline_v2.1.py
dtest_case_0253,t0,1,local_verification_collapse,0.869,2,1,3,0.4459,0.1149,False,True,False,False,2025-01-15 08:30:00,cpfc_pipeline_v2.1.py
dtest_case_0254,t2,2,unverifiable_or_excluded,0.815,3,2,1,0.4414,0.1892,False,True,False,False,2025-01-15 08:30:00,cpfc_pipeline_v2.1.py
dtest_case_0255,none,1,unverifiable_or_excluded,0.895,3,1,3,0.175,0.3713,True,True,False,False,2025-01-15 08:30:00,cpfc_pipeline_v2.1.py
dtest_case_0256,t2,3,unverifiable_or_excluded,0.799,1,3,2,0.0975,0.3307,False,False,False,False,2025-01-15 08:30:00,cpfc_pipeline_v2.1.py
dtest_case_0257,t2,3,boundary_case,0.607,1,2,1,0.0426,0.1212,False,False,False,True,2025-01-15 08:30:00,cpfc_pipeline_v2.1.py
dtest_case_0258,t1,2,burst_associated_degradation,0.668,2,3,2,0.3623,0.1246,False,True,False,False,2025-01-15 08:30:00,cpfc_pipeline_v2.1.py
dtest_case_0259,t2,3,unverifiable_or_excluded,0.776,1,3,2,0.263,0.3235,False,True,False,False,2025-01-15 08:30:00,cpfc_pipeline_v2.1.py
dtest_case_0260,t1,2,burst_associated_degradation,0.687,1,1,1,0.2886,0.2591,True,True,False,False,2025-01-15 08:30:00,cpfc_pipeline_v2.1.py
dtest_case_0261,t0,3,unverifiable_or_excluded,0.721,2,1,1,0.1577,0.273,False,True,False,False,2025-01-15 08:30:00,cpfc_pipeline_v2.1.py
dtest_case_0262,t0,2,unverifiable_or_excluded,0.719,2,3,1,0.095,0.1843,False,True,False,False,2025-01-15 08:30:00,cpfc_pipeline_v2.1.py
dtest_case_0263,t1,2,dependency_mediated_propagation,0.872,3,2,1,0.49,0.2385,False,True,False,False,2025-01-15 08:30:00,cpfc_pipeline_v2.1.py
dtest_case_0264,t0,3,unverifiable_or_excluded,0.918,2,1,1,0.4598,0.1245,False,False,False,False,2025-01-15 08:30:00,cpfc_pipeline_v2.1.py
dtest_case_0265,t2,3,boundary_case,0.732,3,3,3,0.2518,0.024,False,True,False,False,2025-01-15 08:30:00,cpfc_pipeline_v2.1.py
dtest_case_0266,t2,3,dependency_mediated_propagation,0.821,1,1,3,0.3707,0.331,False,False,False,False,2025-01-15 08:30:00,cpfc_pipeline_v2.1.py
dtest_case_0267,t1,2,unverifiable_or_excluded,0.561,3,3,3,0.3664,0.2033,False,True,False,False,2025-01-15 08:30:00,cpfc_pipeline_v2.1.py
dtest_case_0268,t2,3,unverifiable_or_excluded,0.841,1,2,1,0.4953,0.1112,False,True,False,False,2025-01-15 08:30:00,cpfc_pipeline_v2.1.py
dtest_case_0269,t1,2,local_verification_collapse,0.77,2,1,2,0.4367,0.0239,False,True,False,False,2025-01-15 08:30:00,cpfc_pipeline_v2.1.py
dtest_case_0270,t0,1,burst_associated_degradation,0.926,2,3,3,0.198,0.0797,False,True,False,False,2025-01-15 08:30:00,cpfc_pipeline_v2.1.py
dtest_case_0271,t1,2,dependency_mediated_propagation,0.945,3,3,2,0.1311,0.1744,False,False,False,False,2025-01-15 08:30:00,cpfc_pipeline_v2.1.py
dtest_case_0272,t0,1,burst_associated_degradation,0.622,3,3,2,0.4408,0.2061,False,True,False,False,2025-01-15 08:30:00,cpfc_pipeline_v2.1.py
dtest_case_0273,t0,1,unverifiable_or_excluded,0.6,2,2,2,0.0105,0.2891,True,True,False,False,2025-01-15 08:30:00,cpfc_pipeline_v2.1.py
dtest_case_0274,t0,1,unverifiable_or_excluded,0.722,3,2,2,0.0248,0.0379,True,True,False,False,2025-01-15 08:30:00,cpfc_pipeline_v2.1.py
dtest_case_0275,none,1,local_verification_collapse,0.712,2,2,1,0.1326,0.2744,False,True,False,True,2025-01-15 08:30:00,cpfc_pipeline_v2.1.py
dtest_case_0276,t2,3,burst_associated_degradation,0.578,3,1,3,0.329,0.3296,False,False,False,False,2025-01-15 08:30:00,cpfc_pipeline_v2.1.py
dtest_case_0277,none,2,unverifiable_or_excluded,0.766,1,3,3,0.2412,0.249,True,True,False,False,2025-01-15 08:30:00,cpfc_pipeline_v2.1.py
dtest_case_0278,t0,1,burst_associated_degradation,0.885,1,1,1,0.1495,0.1643,False,False,False,False,2025-01-15 08:30:00,cpfc_pipeline_v2.1.py
dtest_case_0279,t0,1,unverifiable_or_excluded,0.639,1,1,2,0.3038,0.3934,False,True,False,False,2025-01-15 08:30:00,cpfc_pipeline_v2.1.py
dtest_case_0280,t2,3,unverifiable_or_excluded,0.662,3,2,1,0.0262,0.3131,False,False,False,False,2025-01-15 08:30:00,cpfc_pipeline_v2.1.py
dtest_case_0281,t0,1,boundary_case,0.888,2,3,3,0.2685,0.2949,False,True,False,True,2025-01-15 08:30:00,cpfc_pipeline_v2.1.py
dtest_case_0282,t1,2,local_verification_collapse,0.949,3,3,2,0.1797,0.3433,False,True,False,False,2025-01-15 08:30:00,cpfc_pipeline_v2.1.py
dtest_case_0283,none,1,local_verification_collapse,0.65,2,3,1,0.0307,0.2858,False,False,False,False,2025-01-15 08:30:00,cpfc_pipeline_v2.1.py
dtest_case_0284,t2,3,unverifiable_or_excluded,0.758,1,1,1,0.2796,0.2011,True,True,True,False,2025-01-15 08:30:00,cpfc_pipeline_v2.1.py
dtest_case_0285,t1,2,burst_associated_degradation,0.784,3,2,1,0.3565,0.1465,True,False,False,False,2025-01-15 08:30:00,cpfc_pipeline_v2.1.py
dtest_case_0286,t1,2,local_verification_collapse,0.793,2,3,2,0.0774,0.1425,False,True,False,False,2025-01-15 08:30:00,cpfc_pipeline_v2.1.py
dtest_case_0287,t1,2,unverifiable_or_excluded,0.775,1,2,1,0.0389,0.2827,False,True,False,False,2025-01-15 08:30:00,cpfc_pipeline_v2.1.py
dtest_case_0288,t2,3,local_verification_collapse,0.903,1,2,3,0.4369,0.2007,False,True,False,False,2025-01-15 08:30:00,cpfc_pipeline_v2.1.py
dtest_case_0289,t0,1,unverifiable_or_excluded,0.866,2,3,3,0.3081,0.1932,False,False,False,False,2025-01-15 08:30:00,cpfc_pipeline_v2.1.py
dtest_case_0290,t2,2,boundary_case,0.763,1,3,3,0.2601,0.1899,False,False,False,False,2025-01-15 08:30:00,cpfc_pipeline_v2.1.py
dtest_case_0291,t0,1,burst_associated_degradation,0.898,2,1,1,0.0285,0.2691,False,True,False,False,2025-01-15 08:30:00,cpfc_pipeline_v2.1.py
dtest_case_0292,t2,3,local_verification_collapse,0.63,2,1,2,0.2425,0.2163,False,True,False,True,2025-01-15 08:30:00,cpfc_pipeline_v2.1.py
dtest_case_0293,t0,1,local_verification_collapse,0.847,3,3,3,0.3329,0.2099,False,True,False,False,2025-01-15 08:30:00,cpfc_pipeline_v2.1.py
dtest_case_0294,t1,2,burst_associated_degradation,0.73,2,3,3,0.301,0.279,True,True,False,False,2025-01-15 08:30:00,cpfc_pipeline_v2.1.py
dtest_case_0295,t2,2,unverifiable_or_excluded,0.907,2,3,3,0.4325,0.1282,False,True,True,False,2025-01-15 08:30:00,cpfc_pipeline_v2.1.py
dtest_case_0296,t0,1,burst_associated_degradation,0.678,2,1,3,0.2799,0.1436,False,True,False,True,2025-01-15 08:30:00,cpfc_pipeline_v2.1.py
dtest_case_0297,t1,2,unverifiable_or_excluded,0.611,2,2,1,0.3232,0.3493,True,False,False,False,2025-01-15 08:30:00,cpfc_pipeline_v2.1.py
dtest_case_0298,t1,2,unverifiable_or_excluded,0.759,2,2,2,0.2638,0.2622,False,False,False,False,2025-01-15 08:30:00,cpfc_pipeline_v2.1.py
dtest_case_0299,none,1,unverifiable_or_excluded,0.71,2,1,3,0.1039,0.3196,False,True,False,False,2025-01-15 08:30:00,cpfc_pipeline_v2.1.py
dtest_case_0300,t1,3,unverifiable_or_excluded,0.694,1,2,2,0.1474,0.2285,False,True,False,True,2025-01-15 08:30:00,cpfc_pipeline_v2.1.py
dtest_case_0301,t0,1,local_verification_collapse,0.877,1,1,3,0.3307,0.3613,True,True,False,False,2025-01-15 08:30:00,cpfc_pipeline_v2.1.py
dtest_case_0302,t0,1,dependency_mediated_propagation,0.555,2,3,2,0.1218,0.1874,False,False,False,False,2025-01-15 08:30:00,cpfc_pipeline_v2.1.py
dtest_case_0303,t2,3,dependency_mediated_propagation,0.788,2,2,2,0.0086,0.2199,False,True,False,False,2025-01-15 08:30:00,cpfc_pipeline_v2.1.py
dtest_case_0304,none,1,unverifiable_or_excluded,0.612,1,1,1,0.0889,0.3554,False,True,False,False,2025-01-15 08:30:00,cpfc_pipeline_v2.1.py
dtest_case_0305,t0,1,local_verification_collapse,0.895,1,2,1,0.4411,0.1736,False,False,False,False,2025-01-15 08:30:00,cpfc_pipeline_v2.1.py
dtest_case_0306,t1,2,local_verification_collapse,0.672,3,3,1,0.0878,0.071,False,True,True,False,2025-01-15 08:30:00,cpfc_pipeline_v2.1.py
dtest_case_0307,t1,2,dependency_mediated_propagation,0.791,1,3,2,0.3964,0.3623,False,True,False,False,2025-01-15 08:30:00,cpfc_pipeline_v2.1.py
dtest_case_0308,none,3,unverifiable_or_excluded,0.57,3,2,2,0.0075,0.1251,False,True,False,False,2025-01-15 08:30:00,cpfc_pipeline_v2.1.py
dtest_case_0309,t1,2,unverifiable_or_excluded,0.79,1,2,3,0.4694,0.322,False,True,True,True,2025-01-15 08:30:00,cpfc_pipeline_v2.1.py
dtest_case_0310,t0,1,burst_associated_degradation,0.593,1,3,1,0.1273,0.3993,False,True,False,False,2025-01-15 08:30:00,cpfc_pipeline_v2.1.py
dtest_case_0311,t0,1,boundary_case,0.801,3,1,3,0.3942,0.3272,False,False,False,True,2025-01-15 08:30:00,cpfc_pipeline_v2.1.py
dtest_case_0312,t0,1,dependency_mediated_propagation,0.572,3,1,2,0.0654,0.0942,False,False,False,False,2025-01-15 08:30:00,cpfc_pipeline_v2.1.py
dtest_case_0313,t0,1,burst_associated_degradation,0.94,2,2,2,0.1171,0.024,False,True,False,False,2025-01-15 08:30:00,cpfc_pipeline_v2.1.py
dtest_case_0314,t1,2,boundary_case,0.705,2,2,1,0.0783,0.1467,False,True,False,False,2025-01-15 08:30:00,cpfc_pipeline_v2.1.py
dtest_case_0315,t1,2,unverifiable_or_excluded,0.838,2,2,2,0.4547,0.0774,False,True,True,False,2025-01-15 08:30:00,cpfc_pipeline_v2.1.py
dtest_case_0316,t2,3,boundary_case,0.641,3,1,3,0.3906,0.0078,False,True,False,False,2025-01-15 08:30:00,cpfc_pipeline_v2.1.py
dtest_case_0317,none,1,unverifiable_or_excluded,0.579,2,1,3,0.4073,0.0936,False,True,False,False,2025-01-15 08:30:00,cpfc_pipeline_v2.1.py
dtest_case_0318,t2,2,unverifiable_or_excluded,0.933,3,1,1,0.3664,0.1345,False,True,False,False,2025-01-15 08:30:00,cpfc_pipeline_v2.1.py
dtest_case_0319,t0,1,unverifiable_or_excluded,0.744,2,1,1,0.0049,0.03,False,False,True,False,2025-01-15 08:30:00,cpfc_pipeline_v2.1.py
dtest_case_0320,none,1,burst_associated_degradation,0.693,3,2,3,0.2303,0.3603,False,True,False,False,2025-01-15 08:30:00,cpfc_pipeline_v2.1.py
dtest_case_0321,t1,2,local_verification_collapse,0.596,2,2,2,0.2408,0.2722,False,True,False,False,2025-01-15 08:30:00,cpfc_pipeline_v2.1.py
dtest_case_0322,t2,3,local_verification_collapse,0.642,1,2,3,0.1886,0.3613,True,True,False,False,2025-01-15 08:30:00,cpfc_pipeline_v2.1.py
dtest_case_0323,t0,1,boundary_case,0.619,3,2,3,0.4061,0.3464,False,False,False,False,2025-01-15 08:30:00,cpfc_pipeline_v2.1.py
dtest_case_0324,t2,3,burst_associated_degradation,0.711,1,1,2,0.1603,0.0374,False,True,False,False,2025-01-15 08:30:00,cpfc_pipeline_v2.1.py
dtest_case_0325,t0,1,dependency_mediated_propagation,0.778,2,2,2,0.155,0.3248,False,True,False,False,2025-01-15 08:30:00,cpfc_pipeline_v2.1.py
dtest_case_0326,t2,3,burst_associated_degradation,0.855,2,2,1,0.3554,0.3893,False,True,False,False,2025-01-15 08:30:00,cpfc_pipeline_v2.1.py
dtest_case_0327,t1,2,burst_associated_degradation,0.878,2,3,1,0.1464,0.15,False,True,False,False,2025-01-15 08:30:00,cpfc_pipeline_v2.1.py
dtest_case_0328,none,3,unverifiable_or_excluded,0.601,2,2,1,0.4252,0.1657,True,True,True,False,2025-01-15 08:30:00,cpfc_pipeline_v2.1.py
dtest_case_0329,none,2,unverifiable_or_excluded,0.769,3,1,3,0.1895,0.1414,True,True,False,False,2025-01-15 08:30:00,cpfc_pipeline_v2.1.py
dtest_case_0330,none,2,unverifiable_or_excluded,0.68,1,3,1,0.2147,0.1883,False,True,False,False,2025-01-15 08:30:00,cpfc_pipeline_v2.1.py
dtest_case_0331,t1,2,dependency_mediated_propagation,0.828,2,2,2,0.2022,0.1823,False,False,False,False,2025-01-15 08:30:00,cpfc_pipeline_v2.1.py
dtest_case_0332,none,3,unverifiable_or_excluded,0.882,3,3,1,0.1936,0.1384,False,True,False,False,2025-01-15 08:30:00,cpfc_pipeline_v2.1.py
dtest_case_0333,none,2,boundary_case,0.872,3,2,2,0.3546,0.0084,True,False,False,False,2025-01-15 08:30:00,cpfc_pipeline_v2.1.py
dtest_case_0334,t0,3,unverifiable_or_excluded,0.877,3,3,1,0.3502,0.1607,True,True,False,True,2025-01-15 08:30:00,cpfc_pipeline_v2.1.py
dtest_case_0335,t0,2,local_verification_collapse,0.654,2,1,1,0.2229,0.3344,False,True,False,True,2025-01-15 08:30:00,cpfc_pipeline_v2.1.py
dtest_case_0336,t2,3,local_verification_collapse,0.786,3,1,2,0.4664,0.0313,False,False,False,False,2025-01-15 08:30:00,cpfc_pipeline_v2.1.py
dtest_case_0337,t1,2,burst_associated_degradation,0.901,1,1,3,0.2339,0.1091,False,False,False,False,2025-01-15 08:30:00,cpfc_pipeline_v2.1.py
dtest_case_0338,t0,1,boundary_case,0.712,1,3,2,0.1419,0.1746,False,True,False,False,2025-01-15 08:30:00,cpfc_pipeline_v2.1.py
dtest_case_0339,t1,2,unverifiable_or_excluded,0.92,3,1,3,0.3116,0.0298,False,True,False,False,2025-01-15 08:30:00,cpfc_pipeline_v2.1.py
dtest_case_0340,none,3,unverifiable_or_excluded,0.845,3,3,1,0.2421,0.2592,True,True,False,False,2025-01-15 08:30:00,cpfc_pipeline_v2.1.py
dtest_case_0341,t0,2,unverifiable_or_excluded,0.948,1,1,1,0.0216,0.1238,False,False,False,False,2025-01-15 08:30:00,cpfc_pipeline_v2.1.py
dtest_case_0342,none,3,unverifiable_or_excluded,0.679,2,3,2,0.0956,0.1251,False,True,False,False,2025-01-15 08:30:00,cpfc_pipeline_v2.1.py
dtest_case_0343,t2,3,local_verification_collapse,0.838,3,3,2,0.3442,0.0634,False,True,False,True,2025-01-15 08:30:00,cpfc_pipeline_v2.1.py
dtest_case_0344,t2,3,dependency_mediated_propagation,0.83,3,3,1,0.0612,0.2136,False,True,False,False,2025-01-15 08:30:00,cpfc_pipeline_v2.1.py
dtest_case_0345,t1,2,local_verification_collapse,0.661,2,2,3,0.3762,0.3646,False,True,False,False,2025-01-15 08:30:00,cpfc_pipeline_v2.1.py
dtest_case_0346,none,1,unverifiable_or_excluded,0.801,3,1,1,0.3871,0.2625,False,True,False,False,2025-01-15 08:30:00,cpfc_pipeline_v2.1.py
dtest_case_0347,none,3,unverifiable_or_excluded,0.906,2,1,1,0.3089,0.308,True,False,True,False,2025-01-15 08:30:00,cpfc_pipeline_v2.1.py
dtest_case_0348,t1,2,local_verification_collapse,0.753,2,3,2,0.1572,0.2324,False,True,False,False,2025-01-15 08:30:00,cpfc_pipeline_v2.1.py
dtest_case_0349,t1,2,local_verification_collapse,0.794,1,3,2,0.3781,0.1104,False,False,False,False,2025-01-15 08:30:00,cpfc_pipeline_v2.1.py
dtest_case_0350,t1,2,burst_associated_degradation,0.589,2,1,2,0.3852,0.0842,False,True,False,False,2025-01-15 08:30:00,cpfc_pipeline_v2.1.py
dtest_case_0351,t1,2,burst_associated_degradation,0.744,1,3,3,0.2963,0.152,False,True,False,False,2025-01-15 08:30:00,cpfc_pipeline_v2.1.py
dtest_case_0352,none,1,local_verification_collapse,0.621,3,3,3,0.1315,0.0898,False,True,False,False,2025-01-15 08:30:00,cpfc_pipeline_v2.1.py
dtest_case_0353,none,2,boundary_case,0.595,1,3,2,0.2453,0.1754,False,True,False,False,2025-01-15 08:30:00,cpfc_pipeline_v2.1.py
dtest_case_0354,t0,3,unverifiable_or_excluded,0.754,2,1,3,0.2829,0.2859,False,False,False,False,2025-01-15 08:30:00,cpfc_pipeline_v2.1.py
dtest_case_0355,none,3,dependency_mediated_propagation,0.671,2,1,1,0.2732,0.2278,False,True,False,False,2025-01-15 08:30:00,cpfc_pipeline_v2.1.py
dtest_case_0356,t2,3,local_verification_collapse,0.768,3,1,3,0.3479,0.0658,False,False,False,False,2025-01-15 08:30:00,cpfc_pipeline_v2.1.py
dtest_case_0357,t0,1,burst_associated_degradation,0.763,3,1,2,0.028,0.192,False,True,False,False,2025-01-15 08:30:00,cpfc_pipeline_v2.1.py
dtest_case_0358,t1,2,local_verification_collapse,0.883,2,2,3,0.1603,0.2209,True,True,True,False,2025-01-15 08:30:00,cpfc_pipeline_v2.1.py
dtest_case_0359,t1,2,local_verification_collapse,0.626,2,2,1,0.1634,0.2979,True,True,False,False,2025-01-15 08:30:00,cpfc_pipeline_v2.1.py
dtest_case_0360,none,1,unverifiable_or_excluded,0.936,2,3,2,0.2151,0.35,False,True,False,False,2025-01-15 08:30:00,cpfc_pipeline_v2.1.py
dtest_case_0361,t2,3,dependency_mediated_propagation,0.571,3,1,1,0.1039,0.2016,False,True,False,False,2025-01-15 08:30:00,cpfc_pipeline_v2.1.py
dtest_case_0362,none,1,unverifiable_or_excluded,0.592,1,1,2,0.4891,0.0634,False,True,False,True,2025-01-15 08:30:00,cpfc_pipeline_v2.1.py
dtest_case_0363,t1,2,burst_associated_degradation,0.667,1,1,1,0.0203,0.3655,False,True,False,False,2025-01-15 08:30:00,cpfc_pipeline_v2.1.py
dtest_case_0364,t1,3,unverifiable_or_excluded,0.858,3,3,2,0.3343,0.3891,False,True,False,False,2025-01-15 08:30:00,cpfc_pipeline_v2.1.py
dtest_case_0365,t1,2,local_verification_collapse,0.763,1,1,3,0.034,0.0775,False,True,False,False,2025-01-15 08:30:00,cpfc_pipeline_v2.1.py
dtest_case_0366,none,1,unverifiable_or_excluded,0.771,3,1,3,0.2592,0.1409,False,True,False,False,2025-01-15 08:30:00,cpfc_pipeline_v2.1.py
dtest_case_0367,t1,2,burst_associated_degradation,0.607,2,2,3,0.2447,0.205,False,True,False,False,2025-01-15 08:30:00,cpfc_pipeline_v2.1.py
dtest_case_0368,none,2,burst_associated_degradation,0.682,1,3,1,0.0842,0.3042,False,False,False,False,2025-01-15 08:30:00,cpfc_pipeline_v2.1.py
