case_id,spider_question_id,database_id,split,model_source,difficulty_tier,num_checkpoints,num_checkable_checkpoints,num_unverifiable_checkpoints,endpoint_correct,checkpoint_degraded_flag,deep_nesting_flag,boundary_flag,include_onset_eval,include_pattern_eval,exclusion_reason,created_at,input_hash_or_manifest
dtest_case_0000,spider_q6565,geo,dtest,gpt-4,complex,3,3,0,False,True,True,False,True,True,,2025-01-15 08:30:00,aa54087cd9eb0c7b
dtest_case_0001,spider_q8241,hr,dtest,gemini-pro,hard,3,2,1,False,True,True,False,True,True,,2025-01-15 08:30:00,e8b35f2f2186d33e
dtest_case_0002,spider_q8651,geo,dtest,claude-3,hard,3,3,0,False,True,True,False,True,True,,2025-01-15 08:30:00,cf230b96fcab00ae
dtest_case_0003,spider_q6575,restaurant,dtest,claude-3,medium,3,2,1,False,False,True,False,True,False,degraded_but_unverifiable,2025-01-15 08:30:00,251919b759a3c01e
dtest_case_0004,spider_q2589,world,dtest,claude-3,complex,3,3,0,True,False,False,False,False,False,endpoint_correct_no_degradation,2025-01-15 08:30:00,444b6f6467e05775
dtest_case_0005,spider_q9851,imdb,dtest,gemini-pro,easy,3,1,2,True,False,True,False,False,False,endpoint_correct_no_degradation,2025-01-15 08:30:00,afaf63b5f29a5bb8
dtest_case_0006,spider_q1159,academic,dtest,codellama,hard,3,3,0,True,False,False,False,False,False,endpoint_correct_no_degradation,2025-01-15 08:30:00,fce1f4fdf2315b82
dtest_case_0007,spider_q7555,academic,dtest,gemini-pro,easy,3,3,0,False,False,False,False,True,False,degraded_but_unverifiable,2025-01-15 08:30:00,77388688b55f8fe6
dtest_case_0008,spider_q9244,scholar,dtest,mistral,medium,3,1,2,False,False,True,False,True,False,degraded_but_unverifiable,2025-01-15 08:30:00,724edd9328e036b6
dtest_case_0009,spider_q7846,world,dtest,gemini-pro,medium,3,2,1,False,False,False,False,True,False,degraded_but_unverifiable,2025-01-15 08:30:00,265fec3e7f937744
dtest_case_0010,spider_q3307,world,dtest,claude-3,medium,3,1,2,True,False,False,False,False,False,endpoint_correct_no_degradation,2025-01-15 08:30:00,461cef5b918bba01
dtest_case_0011,spider_q2228,restaurant,dtest,gpt-4,hard,3,2,1,False,True,True,False,True,True,,2025-01-15 08:30:00,6e50271668f8e16e
dtest_case_0012,spider_q8226,world,dtest,gemini-pro,medium,3,2,1,False,True,False,False,True,True,,2025-01-15 08:30:00,b4de54c81019c042
dtest_case_0013,spider_q6590,imdb,dtest,gemini-pro,medium,3,3,0,True,False,False,False,False,False,endpoint_correct_no_degradation,2025-01-15 08:30:00,6071fff19cf7af9c
dtest_case_0014,spider_q7919,geo,dtest,claude-3,medium,3,2,1,True,False,False,False,False,False,endpoint_correct_no_degradation,2025-01-15 08:30:00,013607325b8530ce
dtest_case_0015,spider_q6585,world,dtest,gpt-4,medium,3,2,1,True,False,False,False,False,False,endpoint_correct_no_degradation,2025-01-15 08:30:00,0a448c2ceef46185
dtest_case_0016,spider_q7046,world,dtest,gpt-4,medium,3,3,0,False,True,False,False,True,True,,2025-01-15 08:30:00,740fd3cdf9ba35e3
dtest_case_0017,spider_q5945,restaurant,dtest,mistral,easy,3,1,2,False,True,False,False,True,True,,2025-01-15 08:30:00,fd955ef6dc7d984f
dtest_case_0018,spider_q8927,hr,dtest,gemini-pro,hard,3,3,0,False,True,False,False,True,True,,2025-01-15 08:30:00,a92ed51c50dcb8c5
dtest_case_0019,spider_q8016,yelp,dtest,gpt-4,hard,3,3,0,False,False,False,False,True,False,degraded_but_unverifiable,2025-01-15 08:30:00,7294842ca0888c10
dtest_case_0020,spider_q8758,hr,dtest,gpt-4,hard,3,3,0,False,False,False,False,True,False,degraded_but_unverifiable,2025-01-15 08:30:00,c26f6fed8720656c
dtest_case_0021,spider_q6086,restaurant,dtest,codellama,medium,3,3,0,True,True,False,False,True,True,,2025-01-15 08:30:00,619c0935707c4876
dtest_case_0022,spider_q8161,hr,dtest,codellama,medium,3,3,0,False,True,False,False,True,True,,2025-01-15 08:30:00,e8c142c329cb7dde
dtest_case_0023,spider_q2884,restaurant,dtest,gpt-4,complex,3,2,1,False,True,False,False,True,True,,2025-01-15 08:30:00,37400d8ae3584197
dtest_case_0024,spider_q2809,imdb,dtest,mistral,hard,3,1,2,False,True,False,False,True,True,,2025-01-15 08:30:00,163ba71b0b4c7ca8
dtest_case_0025,spider_q4167,scholar,dtest,gpt-4,medium,3,2,1,False,False,False,False,True,False,degraded_but_unverifiable,2025-01-15 08:30:00,2ad0d33bf26f0b0d
dtest_case_0026,spider_q7352,world,dtest,claude-3,easy,3,3,0,True,False,False,True,False,False,endpoint_correct_no_degradation,2025-01-15 08:30:00,b86d6c7fa89ea662
dtest_case_0027,spider_q7056,restaurant,dtest,gemini-pro,medium,3,1,2,False,True,False,False,True,True,,2025-01-15 08:30:00,528e19d939975eae
dtest_case_0028,spider_q3437,restaurant,dtest,mistral,medium,3,1,2,False,False,False,False,True,False,degraded_but_unverifiable,2025-01-15 08:30:00,be0925292879d908
dtest_case_0029,spider_q7468,yelp,dtest,claude-3,medium,3,3,0,True,False,False,False,False,False,endpoint_correct_no_degradation,2025-01-15 08:30:00,2a5d3f51e98582d6
dtest_case_0030,spider_q6951,restaurant,dtest,mistral,hard,3,3,0,False,True,False,False,True,True,,2025-01-15 08:30:00,99145600245b2f8f
dtest_case_0031,spider_q6276,academic,dtest,claude-3,hard,3,3,0,True,False,True,False,False,False,endpoint_correct_no_degradation,2025-01-15 08:30:00,cd187e8bd8d81de9
dtest_case_0032,spider_q9859,scholar,dtest,gemini-pro,hard,3,1,2,True,False,False,False,False,False,endpoint_correct_no_degradation,2025-01-15 08:30:00,88cd537c31694935
dtest_case_0033,spider_q8818,world,dtest,gemini-pro,hard,3,3,0,False,True,False,False,True,True,,2025-01-15 08:30:00,5203a1d50fbdd34c
dtest_case_0034,spider_q5728,world,dtest,codellama,complex,3,3,0,False,True,False,False,True,True,,2025-01-15 08:30:00,da7251dabfe5f0a9
dtest_case_0035,spider_q3624,yelp,dtest,claude-3,hard,3,1,2,False,True,False,False,True,True,,2025-01-15 08:30:00,43137e787cfc3126
dtest_case_0036,spider_q6738,imdb,dtest,codellama,complex,3,1,2,False,False,False,False,True,False,degraded_but_unverifiable,2025-01-15 08:30:00,b99252eddda8bb3e
dtest_case_0037,spider_q5232,world,dtest,claude-3,easy,3,3,0,True,False,False,False,False,False,endpoint_correct_no_degradation,2025-01-15 08:30:00,d332588a9d443fc3
dtest_case_0038,spider_q6793,academic,dtest,codellama,medium,3,3,0,False,True,True,False,True,True,,2025-01-15 08:30:00,34f5de29a096d502
dtest_case_0039,spider_q5523,world,dtest,gemini-pro,easy,3,3,0,False,True,False,False,True,True,,2025-01-15 08:30:00,4b4c35f00fd3fea2
dtest_case_0040,spider_q6571,academic,dtest,mistral,hard,3,3,0,True,False,True,False,False,False,endpoint_correct_no_degradation,2025-01-15 08:30:00,0df60e34e7aa01de
dtest_case_0041,spider_q3224,scholar,dtest,codellama,complex,3,3,0,False,True,False,False,True,True,,2025-01-15 08:30:00,3da12c9af08bb208
dtest_case_0042,spider_q9389,scholar,dtest,claude-3,medium,3,3,0,True,False,False,False,False,False,endpoint_correct_no_degradation,2025-01-15 08:30:00,d4830b8b1bdeb8f4
dtest_case_0043,spider_q7091,geo,dtest,claude-3,complex,3,2,1,False,True,False,False,True,True,,2025-01-15 08:30:00,bba0cad7a0d09d70
dtest_case_0044,spider_q9662,geo,dtest,gemini-pro,easy,3,2,1,False,False,False,False,True,False,degraded_but_unverifiable,2025-01-15 08:30:00,8fb5e344f0233dcd
dtest_case_0045,spider_q7361,academic,dtest,claude-3,complex,3,2,1,False,True,False,False,True,True,,2025-01-15 08:30:00,47246178c0a5d445
dtest_case_0046,spider_q2948,imdb,dtest,gpt-4,medium,3,3,0,False,True,False,False,True,True,,2025-01-15 08:30:00,8663bcf7ffca5fe7
dtest_case_0047,spider_q8094,world,dtest,mistral,easy,3,3,0,False,False,False,False,True,False,degraded_but_unverifiable,2025-01-15 08:30:00,ca2619d3a8591bb8
dtest_case_0048,spider_q7318,restaurant,dtest,codellama,medium,3,3,0,False,True,False,False,True,True,,2025-01-15 08:30:00,5bc98c7650c5ffd8
dtest_case_0049,spider_q4796,world,dtest,mistral,medium,3,2,1,True,False,False,False,False,False,endpoint_correct_no_degradation,2025-01-15 08:30:00,f16b632dffe42137
dtest_case_0050,spider_q1234,geo,dtest,gemini-pro,medium,3,3,0,False,True,False,False,True,True,,2025-01-15 08:30:00,77757a1a5276ca84
dtest_case_0051,spider_q4607,hr,dtest,codellama,medium,3,3,0,False,True,False,False,True,True,,2025-01-15 08:30:00,5de0167aa498abdc
dtest_case_0052,spider_q9043,restaurant,dtest,codellama,complex,3,1,2,False,True,False,False,True,True,,2025-01-15 08:30:00,cebbcbd7d18c7d87
dtest_case_0053,spider_q1522,academic,dtest,gpt-4,hard,3,3,0,False,True,True,False,True,True,,2025-01-15 08:30:00,4cb6bfbe5faf3dbc
dtest_case_0054,spider_q6904,restaurant,dtest,gemini-pro,medium,3,2,1,False,True,False,False,True,True,,2025-01-15 08:30:00,b80dbd3e1653e56b
dtest_case_0055,spider_q5888,hr,dtest,claude-3,hard,3,3,0,False,True,True,False,True,True,,2025-01-15 08:30:00,0f9b3b4bd8a18058
dtest_case_0056,spider_q6832,world,dtest,gpt-4,hard,3,1,2,True,True,False,True,True,True,,2025-01-15 08:30:00,d612f0d96a75bab5
dtest_case_0057,spider_q8122,world,dtest,gpt-4,medium,3,2,1,True,False,False,False,False,False,endpoint_correct_no_degradation,2025-01-15 08:30:00,744b9281258766dc
dtest_case_0058,spider_q6842,imdb,dtest,mistral,medium,3,2,1,True,True,False,False,True,True,,2025-01-15 08:30:00,f49b3af7755420d8
dtest_case_0059,spider_q2316,yelp,dtest,mistral,easy,3,3,0,False,True,False,False,True,True,,2025-01-15 08:30:00,8c514be00ed4ae11
dtest_case_0060,spider_q2124,restaurant,dtest,mistral,medium,3,3,0,False,True,True,False,True,True,,2025-01-15 08:30:00,fee7bfeb4d0b9f4d
dtest_case_0061,spider_q6621,geo,dtest,gpt-4,hard,3,1,2,False,False,False,False,True,False,degraded_but_unverifiable,2025-01-15 08:30:00,6abb9eb7be425875
dtest_case_0062,spider_q6423,hr,dtest,claude-3,medium,3,3,0,False,True,False,False,True,True,,2025-01-15 08:30:00,3b505ea92b527277
dtest_case_0063,spider_q3587,hr,dtest,codellama,hard,3,3,0,False,True,False,False,True,True,,2025-01-15 08:30:00,a713fb8bfb119836
dtest_case_0064,spider_q6672,hr,dtest,mistral,hard,3,3,0,False,True,True,False,True,True,,2025-01-15 08:30:00,25a7c2b46df4edf9
dtest_case_0065,spider_q2378,geo,dtest,claude-3,easy,3,1,2,False,True,True,False,True,True,,2025-01-15 08:30:00,1578d2a948398d39
dtest_case_0066,spider_q4374,yelp,dtest,gemini-pro,hard,3,2,1,True,False,False,False,False,False,endpoint_correct_no_degradation,2025-01-15 08:30:00,c0ec33e45faf0843
dtest_case_0067,spider_q2519,world,dtest,mistral,medium,3,2,1,False,False,True,False,True,False,degraded_but_unverifiable,2025-01-15 08:30:00,c424e67a104882f1
dtest_case_0068,spider_q6777,imdb,dtest,codellama,complex,3,2,1,True,False,False,False,False,False,endpoint_correct_no_degradation,2025-01-15 08:30:00,c5d536e3fa8146a2
dtest_case_0069,spider_q8935,imdb,dtest,gemini-pro,medium,3,1,2,False,True,False,False,True,True,,2025-01-15 08:30:00,af5c0a88c3aef90f
dtest_case_0070,spider_q7093,geo,dtest,gemini-pro,complex,3,1,2,False,True,True,False,True,True,,2025-01-15 08:30:00,f152cad3a67645b7
dtest_case_0071,spider_q9418,imdb,dtest,codellama,hard,3,2,1,True,False,True,False,False,False,endpoint_correct_no_degradation,2025-01-15 08:30:00,267483d43be8e4ee
dtest_case_0072,spider_q6355,hr,dtest,mistral,easy,3,3,0,True,False,False,False,False,False,endpoint_correct_no_degradation,2025-01-15 08:30:00,76b3db2e12913e16
dtest_case_0073,spider_q5968,scholar,dtest,gpt-4,hard,3,2,1,False,True,False,False,True,True,,2025-01-15 08:30:00,56af05d21d628f41
dtest_case_0074,spider_q6574,yelp,dtest,codellama,complex,3,2,1,False,True,False,False,True,True,,2025-01-15 08:30:00,c86dedc04026e45b
dtest_case_0075,spider_q5072,world,dtest,codellama,hard,3,2,1,False,True,False,False,True,True,,2025-01-15 08:30:00,53a8e4d0df74ca5d
dtest_case_0076,spider_q3257,scholar,dtest,codellama,complex,3,3,0,False,True,False,False,True,True,,2025-01-15 08:30:00,39f624dec67be533
dtest_case_0077,spider_q9588,yelp,dtest,gemini-pro,complex,3,2,1,True,False,False,False,False,False,endpoint_correct_no_degradation,2025-01-15 08:30:00,9628ac2dfdd32691
dtest_case_0078,spider_q5424,academic,dtest,claude-3,medium,3,2,1,False,True,False,False,True,True,,2025-01-15 08:30:00,d485efb0edb58aa8
dtest_case_0079,spider_q4237,restaurant,dtest,gpt-4,medium,3,3,0,True,False,False,False,False,False,endpoint_correct_no_degradation,2025-01-15 08:30:00,319190a23f5b7dc2
dtest_case_0080,spider_q4893,geo,dtest,mistral,hard,3,0,3,False,True,True,True,True,False,degraded_but_unverifiable,2025-01-15 08:30:00,1679b05378742da0
dtest_case_0081,spider_q3005,hr,dtest,mistral,medium,3,1,2,False,True,False,False,True,True,,2025-01-15 08:30:00,48ae4341fbfaf4d3
dtest_case_0082,spider_q3016,imdb,dtest,claude-3,complex,3,2,1,False,True,False,False,True,True,,2025-01-15 08:30:00,16cda844bb88f2c1
dtest_case_0083,spider_q2772,academic,dtest,codellama,complex,3,0,3,True,False,False,True,False,False,endpoint_correct_no_degradation,2025-01-15 08:30:00,e6e78fba228a2dfb
dtest_case_0084,spider_q9353,imdb,dtest,gpt-4,medium,3,1,2,False,True,False,False,True,True,,2025-01-15 08:30:00,111a7a6db9ccac9f
dtest_case_0085,spider_q4976,scholar,dtest,mistral,medium,3,2,1,False,True,True,False,True,True,,2025-01-15 08:30:00,60b03b0ca7bdd27c
dtest_case_0086,spider_q2751,world,dtest,mistral,hard,3,3,0,False,True,False,False,True,True,,2025-01-15 08:30:00,a75c0fe48f2340e2
dtest_case_0087,spider_q9967,world,dtest,codellama,medium,3,1,2,False,True,True,False,True,True,,2025-01-15 08:30:00,7023cb2f70c93968
dtest_case_0088,spider_q8430,world,dtest,claude-3,complex,3,3,0,False,True,False,False,True,True,,2025-01-15 08:30:00,0be8ad080c14c144
dtest_case_0089,spider_q8170,hr,dtest,gpt-4,medium,3,2,1,False,True,True,False,True,True,,2025-01-15 08:30:00,9522200974c75508
dtest_case_0090,spider_q7469,imdb,dtest,claude-3,hard,3,3,0,True,False,True,False,False,False,endpoint_correct_no_degradation,2025-01-15 08:30:00,d17dd4b6e4651f61
dtest_case_0091,spider_q4220,academic,dtest,claude-3,easy,3,2,1,False,True,True,False,True,True,,2025-01-15 08:30:00,84f4fbadab93b50d
dtest_case_0092,spider_q1539,world,dtest,gpt-4,hard,3,1,2,False,False,False,False,True,False,degraded_but_unverifiable,2025-01-15 08:30:00,52bb00f040ef99c5
dtest_case_0093,spider_q2461,academic,dtest,gpt-4,medium,3,3,0,False,True,False,False,True,True,,2025-01-15 08:30:00,069316bbad9a0855
dtest_case_0094,spider_q6184,imdb,dtest,mistral,hard,3,0,3,False,True,False,False,True,False,degraded_but_unverifiable,2025-01-15 08:30:00,067505deb420417b
dtest_case_0095,spider_q9547,hr,dtest,mistral,medium,3,0,3,False,True,False,False,True,False,degraded_but_unverifiable,2025-01-15 08:30:00,718d799b9e903eb4
dtest_case_0096,spider_q1234,scholar,dtest,gpt-4,hard,3,3,0,False,True,False,False,True,True,,2025-01-15 08:30:00,cebf4b7d7f168c5a
dtest_case_0097,spider_q2548,hr,dtest,gemini-pro,complex,3,3,0,False,True,False,False,True,True,,2025-01-15 08:30:00,981e85dccf675be9
dtest_case_0098,spider_q8480,academic,dtest,mistral,medium,3,2,1,True,False,False,False,False,False,endpoint_correct_no_degradation,2025-01-15 08:30:00,34620f7b1108e2d0
dtest_case_0099,spider_q5213,hr,dtest,gemini-pro,easy,3,3,0,True,False,False,False,False,False,endpoint_correct_no_degradation,2025-01-15 08:30:00,0b751521c386d3e8
dtest_case_0100,spider_q2673,hr,dtest,gpt-4,easy,3,3,0,True,False,False,False,False,False,endpoint_correct_no_degradation,2025-01-15 08:30:00,82aa78915cf711c5
dtest_case_0101,spider_q7708,scholar,dtest,mistral,hard,3,1,2,False,True,True,False,True,True,,2025-01-15 08:30:00,b291ca06ce8c75de
dtest_case_0102,spider_q8982,imdb,dtest,claude-3,hard,3,2,1,False,True,False,True,True,True,,2025-01-15 08:30:00,28fae97b769cb466
dtest_case_0103,spider_q3100,imdb,dtest,gpt-4,hard,3,2,1,False,True,True,False,True,True,,2025-01-15 08:30:00,110617ff1b032875
dtest_case_0104,spider_q4748,geo,dtest,codellama,medium,3,2,1,False,True,False,False,True,True,,2025-01-15 08:30:00,66c0838d8ecf71ff
dtest_case_0105,spider_q4173,hr,dtest,gemini-pro,medium,3,2,1,True,True,False,False,True,True,,2025-01-15 08:30:00,bc901e0d5b72a2d7
dtest_case_0106,spider_q2815,imdb,dtest,gpt-4,hard,3,3,0,False,True,False,False,True,True,,2025-01-15 08:30:00,472fe81369617fcd
dtest_case_0107,spider_q4841,imdb,dtest,gpt-4,medium,3,3,0,False,True,True,False,True,True,,2025-01-15 08:30:00,2d02a98c7cf4ab53
dtest_case_0108,spider_q9016,yelp,dtest,mistral,complex,3,3,0,True,False,False,True,False,False,endpoint_correct_no_degradation,2025-01-15 08:30:00,f2c530a9239912ad
dtest_case_0109,spider_q8011,world,dtest,mistral,easy,3,2,1,True,False,False,False,False,False,endpoint_correct_no_degradation,2025-01-15 08:30:00,837228e4744615df
dtest_case_0110,spider_q5493,geo,dtest,mistral,hard,3,3,0,False,False,False,False,True,False,degraded_but_unverifiable,2025-01-15 08:30:00,d7af5b45949e8bf9
dtest_case_0111,spider_q1674,restaurant,dtest,codellama,medium,3,3,0,True,False,False,False,False,False,endpoint_correct_no_degradation,2025-01-15 08:30:00,683e24ccde28d8cc
dtest_case_0112,spider_q9088,geo,dtest,mistral,medium,3,3,0,False,True,False,True,True,True,,2025-01-15 08:30:00,d07f6009505532b8
dtest_case_0113,spider_q9578,geo,dtest,gpt-4,hard,3,1,2,False,True,False,False,True,True,,2025-01-15 08:30:00,c92e1ef7e96103a5
dtest_case_0114,spider_q3158,restaurant,dtest,mistral,hard,3,3,0,False,True,False,False,True,True,,2025-01-15 08:30:00,36576722a4cc8c0b
dtest_case_0115,spider_q3661,yelp,dtest,claude-3,complex,3,1,2,False,True,False,False,True,True,,2025-01-15 08:30:00,e11400bd5bbb2c8e
dtest_case_0116,spider_q3064,hr,dtest,mistral,easy,3,2,1,False,True,False,False,True,True,,2025-01-15 08:30:00,503b71199d067f7f
dtest_case_0117,spider_q4253,scholar,dtest,codellama,easy,3,1,2,True,False,True,False,False,False,endpoint_correct_no_degradation,2025-01-15 08:30:00,1d857af82a3a99ce
dtest_case_0118,spider_q5979,imdb,dtest,claude-3,hard,3,3,0,False,True,False,True,True,True,,2025-01-15 08:30:00,8d1b0e5832241c5c
dtest_case_0119,spider_q8703,world,dtest,gpt-4,hard,3,3,0,False,True,False,False,True,True,,2025-01-15 08:30:00,d97da31a0441400b
dtest_case_0120,spider_q9931,academic,dtest,gpt-4,medium,3,1,2,False,True,False,False,True,True,,2025-01-15 08:30:00,b2b73034e91f5488
dtest_case_0121,spider_q2401,hr,dtest,gemini-pro,easy,3,2,1,False,True,False,True,True,True,,2025-01-15 08:30:00,f9ade76c6b1c7381
dtest_case_0122,spider_q4259,restaurant,dtest,claude-3,easy,3,2,1,False,True,False,False,True,True,,2025-01-15 08:30:00,99797ec9c9a821f3
dtest_case_0123,spider_q4923,scholar,dtest,gemini-pro,complex,3,2,1,True,False,False,False,False,False,endpoint_correct_no_degradation,2025-01-15 08:30:00,87835fa9e51ad761
dtest_case_0124,spider_q5214,hr,dtest,claude-3,medium,3,1,2,True,True,False,False,True,True,,2025-01-15 08:30:00,e3afeb0bcfe94c50
dtest_case_0125,spider_q4227,restaurant,dtest,claude-3,medium,3,2,1,False,True,False,False,True,True,,2025-01-15 08:30:00,120d62d8e13fc751
dtest_case_0126,spider_q3745,imdb,dtest,codellama,medium,3,1,2,False,False,False,False,True,False,degraded_but_unverifiable,2025-01-15 08:30:00,5cd3609aee865ec9
dtest_case_0127,spider_q7091,yelp,dtest,gemini-pro,medium,3,1,2,False,True,False,False,True,True,,2025-01-15 08:30:00,f20f718f3780afb9
dtest_case_0128,spider_q4866,hr,dtest,codellama,easy,3,1,2,True,False,True,False,False,False,endpoint_correct_no_degradation,2025-01-15 08:30:00,3e7e13620cfc7d1f
dtest_case_0129,spider_q6818,restaurant,dtest,claude-3,hard,3,2,1,False,True,False,False,True,True,,2025-01-15 08:30:00,cc7ebe25cc72135d
dtest_case_0130,spider_q3222,imdb,dtest,gpt-4,easy,3,3,0,False,False,False,False,True,False,degraded_but_unverifiable,2025-01-15 08:30:00,0bc62259ac514f05
dtest_case_0131,spider_q3792,imdb,dtest,claude-3,complex,3,3,0,True,False,False,False,False,False,endpoint_correct_no_degradation,2025-01-15 08:30:00,0a88408a2ee83a1a
dtest_case_0132,spider_q5063,yelp,dtest,codellama,medium,3,3,0,True,False,False,False,False,False,endpoint_correct_no_degradation,2025-01-15 08:30:00,6a15e2cb24ecbb2f
dtest_case_0133,spider_q2524,geo,dtest,gemini-pro,hard,3,2,1,False,False,False,False,True,False,degraded_but_unverifiable,2025-01-15 08:30:00,048747946094d542
dtest_case_0134,spider_q9224,hr,dtest,gemini-pro,complex,3,3,0,False,False,False,False,True,False,degraded_but_unverifiable,2025-01-15 08:30:00,8c879ff225c864af
dtest_case_0135,spider_q7198,hr,dtest,codellama,hard,3,1,2,False,True,False,False,True,True,,2025-01-15 08:30:00,4b2d7677978c88e2
dtest_case_0136,spider_q5025,geo,dtest,gemini-pro,hard,3,3,0,False,False,False,True,True,False,degraded_but_unverifiable,2025-01-15 08:30:00,1b0a61e5b6ec1fbe
dtest_case_0137,spider_q3566,world,dtest,mistral,medium,3,3,0,False,True,False,False,True,True,,2025-01-15 08:30:00,87943f418d0e99cd
dtest_case_0138,spider_q3803,world,dtest,gpt-4,medium,3,3,0,False,True,False,False,True,True,,2025-01-15 08:30:00,cf00856fb505fa2a
dtest_case_0139,spider_q4709,geo,dtest,gpt-4,hard,3,3,0,False,True,False,False,True,True,,2025-01-15 08:30:00,9ee05127bfff511d
dtest_case_0140,spider_q7155,scholar,dtest,gpt-4,complex,3,1,2,False,True,False,True,True,True,,2025-01-15 08:30:00,2433405ac3e47ae3
dtest_case_0141,spider_q1719,academic,dtest,gemini-pro,hard,3,1,2,False,True,False,False,True,True,,2025-01-15 08:30:00,cf9d6509cba7ae53
dtest_case_0142,spider_q7516,imdb,dtest,gemini-pro,hard,3,3,0,False,True,False,False,True,True,,2025-01-15 08:30:00,d806b63bf2dde338
dtest_case_0143,spider_q5579,academic,dtest,claude-3,hard,3,1,2,False,True,False,False,True,True,,2025-01-15 08:30:00,8387b825eac9e304
dtest_case_0144,spider_q1972,imdb,dtest,claude-3,medium,3,3,0,False,True,False,True,True,True,,2025-01-15 08:30:00,21e7b86d252c7315
dtest_case_0145,spider_q4718,geo,dtest,gpt-4,easy,3,1,2,True,False,True,False,False,False,endpoint_correct_no_degradation,2025-01-15 08:30:00,f4fa0cc7e48ae566
dtest_case_0146,spider_q8395,world,dtest,mistral,hard,3,1,2,False,True,True,False,True,True,,2025-01-15 08:30:00,1d7adba6d28cbcdd
dtest_case_0147,spider_q5402,scholar,dtest,claude-3,complex,3,2,1,False,True,False,False,True,True,,2025-01-15 08:30:00,00b4437b46d0f0fa
dtest_case_0148,spider_q5552,world,dtest,claude-3,medium,3,2,1,True,True,False,False,True,True,,2025-01-15 08:30:00,c72ed720c9871552
dtest_case_0149,spider_q3207,academic,dtest,gemini-pro,hard,3,2,1,False,True,False,False,True,True,,2025-01-15 08:30:00,7a9e382e27fdcc87
dtest_case_0150,spider_q5426,world,dtest,mistral,medium,3,3,0,False,True,False,True,True,True,,2025-01-15 08:30:00,6bf2eaaec736e8a1
dtest_case_0151,spider_q7919,geo,dtest,gpt-4,hard,3,0,3,True,False,False,False,False,False,endpoint_correct_no_degradation,2025-01-15 08:30:00,bd1512a2c9942015
dtest_case_0152,spider_q9835,scholar,dtest,claude-3,easy,3,1,2,True,True,False,False,True,True,,2025-01-15 08:30:00,d3be05862a20b5e1
dtest_case_0153,spider_q9386,academic,dtest,mistral,medium,3,3,0,False,True,False,False,True,True,,2025-01-15 08:30:00,b6e034a6ec046185
dtest_case_0154,spider_q9680,scholar,dtest,mistral,hard,3,2,1,False,True,False,False,True,True,,2025-01-15 08:30:00,d7a6142916ecff36
dtest_case_0155,spider_q3204,hr,dtest,gpt-4,medium,3,3,0,True,False,False,False,False,False,endpoint_correct_no_degradation,2025-01-15 08:30:00,eb19c7fef9135cf3
dtest_case_0156,spider_q6345,imdb,dtest,mistral,hard,3,3,0,False,True,False,False,True,True,,2025-01-15 08:30:00,4fe7944ebaa8f270
dtest_case_0157,spider_q4276,world,dtest,mistral,hard,3,2,1,False,False,False,False,True,False,degraded_but_unverifiable,2025-01-15 08:30:00,9680fc1a9d10e79b
dtest_case_0158,spider_q2102,scholar,dtest,mistral,complex,3,1,2,True,False,False,False,False,False,endpoint_correct_no_degradation,2025-01-15 08:30:00,3dcd525006d8f7c9
dtest_case_0159,spider_q6243,yelp,dtest,claude-3,medium,3,2,1,False,True,True,False,True,True,,2025-01-15 08:30:00,282c56de7c276b7d
dtest_case_0160,spider_q7614,hr,dtest,gpt-4,medium,3,3,0,False,True,False,True,True,True,,2025-01-15 08:30:00,4007f978c7806995
dtest_case_0161,spider_q9707,world,dtest,mistral,medium,3,2,1,False,True,False,True,True,True,,2025-01-15 08:30:00,4bfd121a6506bb6f
dtest_case_0162,spider_q6223,imdb,dtest,mistral,complex,3,2,1,False,True,False,False,True,True,,2025-01-15 08:30:00,c707253b0bffd74e
dtest_case_0163,spider_q9584,scholar,dtest,claude-3,complex,3,3,0,False,True,False,True,True,True,,2025-01-15 08:30:00,3670e9f2341713b4
dtest_case_0164,spider_q1630,academic,dtest,gpt-4,hard,3,2,1,True,False,False,False,False,False,endpoint_correct_no_degradation,2025-01-15 08:30:00,beb32a99a5d36b12
dtest_case_0165,spider_q7683,imdb,dtest,gemini-pro,complex,3,3,0,False,True,False,False,True,True,,2025-01-15 08:30:00,68422624bb62f7f2
dtest_case_0166,spider_q1277,yelp,dtest,claude-3,hard,3,2,1,False,True,False,False,True,True,,2025-01-15 08:30:00,edb2c9ac4ee564f8
dtest_case_0167,spider_q1232,scholar,dtest,gpt-4,hard,3,3,0,True,False,False,False,False,False,endpoint_correct_no_degradation,2025-01-15 08:30:00,c34419751e63c6af
dtest_case_0168,spider_q6690,restaurant,dtest,mistral,easy,3,3,0,True,True,False,False,True,True,,2025-01-15 08:30:00,6dca641e7183e360
dtest_case_0169,spider_q8659,restaurant,dtest,gpt-4,hard,3,2,1,False,True,False,False,True,True,,2025-01-15 08:30:00,d0208cbb85a7a0e1
dtest_case_0170,spider_q1025,geo,dtest,gpt-4,easy,3,2,1,False,True,False,False,True,True,,2025-01-15 08:30:00,7e7d674c1e6a9783
dtest_case_0171,spider_q8468,world,dtest,gpt-4,complex,3,3,0,True,False,False,False,False,False,endpoint_correct_no_degradation,2025-01-15 08:30:00,057f401047ad2dba
dtest_case_0172,spider_q7410,academic,dtest,gemini-pro,hard,3,2,1,False,False,False,False,True,False,degraded_but_unverifiable,2025-01-15 08:30:00,caf99d19322c6b73
dtest_case_0173,spider_q9652,geo,dtest,gpt-4,hard,3,3,0,True,True,False,False,True,True,,2025-01-15 08:30:00,27e22d16e3413cda
dtest_case_0174,spider_q4764,scholar,dtest,gemini-pro,easy,3,3,0,False,True,False,False,True,True,,2025-01-15 08:30:00,a721a2b917f3e2c8
dtest_case_0175,spider_q7599,restaurant,dtest,mistral,medium,3,3,0,True,False,False,False,False,False,endpoint_correct_no_degradation,2025-01-15 08:30:00,7ecd1bc196256c88
dtest_case_0176,spider_q6102,restaurant,dtest,gemini-pro,medium,3,0,3,False,True,False,False,True,False,degraded_but_unverifiable,2025-01-15 08:30:00,5f1e104aded39c5c
dtest_case_0177,spider_q8006,restaurant,dtest,mistral,medium,3,2,1,False,False,True,False,True,False,degraded_but_unverifiable,2025-01-15 08:30:00,094c1335ac509bd2
dtest_case_0178,spider_q4483,scholar,dtest,mistral,easy,3,2,1,False,True,False,False,True,True,,2025-01-15 08:30:00,a950a91aa365ce4a
dtest_case_0179,spider_q2994,restaurant,dtest,gemini-pro,complex,3,1,2,True,False,False,False,False,False,endpoint_correct_no_degradation,2025-01-15 08:30:00,f44f41c2854f5994
dtest_case_0180,spider_q9682,imdb,dtest,claude-3,hard,3,3,0,False,True,False,False,True,True,,2025-01-15 08:30:00,34db0200e1846d47
dtest_case_0181,spider_q2072,hr,dtest,codellama,medium,3,0,3,True,False,False,False,False,False,endpoint_correct_no_degradation,2025-01-15 08:30:00,65098639f20be4bc
dtest_case_0182,spider_q7707,scholar,dtest,gpt-4,medium,3,0,3,False,False,False,False,True,False,degraded_but_unverifiable,2025-01-15 08:30:00,4aace41a1d309605
dtest_case_0183,spider_q1215,academic,dtest,codellama,medium,3,1,2,False,True,False,False,True,True,,2025-01-15 08:30:00,442cb782d080e3cf
dtest_case_0184,spider_q8605,hr,dtest,gpt-4,hard,3,3,0,False,True,False,False,True,True,,2025-01-15 08:30:00,4db20d88634ed0aa
dtest_case_0185,spider_q3606,geo,dtest,gpt-4,hard,3,3,0,False,True,False,False,True,True,,2025-01-15 08:30:00,30ee04b7c90fc4d2
dtest_case_0186,spider_q9350,academic,dtest,mistral,complex,3,2,1,False,True,False,False,True,True,,2025-01-15 08:30:00,9d33f71644e3be3e
dtest_case_0187,spider_q5781,hr,dtest,gpt-4,medium,3,1,2,False,True,False,True,True,True,,2025-01-15 08:30:00,b2e7c296711897f6
dtest_case_0188,spider_q4313,yelp,dtest,gpt-4,complex,3,2,1,False,False,True,False,True,False,degraded_but_unverifiable,2025-01-15 08:30:00,cfedf887f550edb9
dtest_case_0189,spider_q8763,restaurant,dtest,gemini-pro,complex,3,2,1,True,False,False,False,False,False,endpoint_correct_no_degradation,2025-01-15 08:30:00,093be2097d7cca01
dtest_case_0190,spider_q6939,yelp,dtest,codellama,medium,3,3,0,True,False,False,False,False,False,endpoint_correct_no_degradation,2025-01-15 08:30:00,29eaaf63afe5bb1b
dtest_case_0191,spider_q3295,world,dtest,gemini-pro,complex,3,3,0,False,True,False,False,True,True,,2025-01-15 08:30:00,238d26f26c869b87
dtest_case_0192,spider_q6685,world,dtest,gpt-4,easy,3,2,1,False,True,False,False,True,True,,2025-01-15 08:30:00,48b0772142e2e103
dtest_case_0193,spider_q2696,hr,dtest,mistral,complex,3,0,3,False,True,False,False,True,False,degraded_but_unverifiable,2025-01-15 08:30:00,b38718c12315e4ee
dtest_case_0194,spider_q2946,yelp,dtest,gemini-pro,medium,3,3,0,False,True,True,False,True,True,,2025-01-15 08:30:00,ffb0334069de47ee
dtest_case_0195,spider_q3783,scholar,dtest,gemini-pro,complex,3,0,3,False,False,False,False,True,False,degraded_but_unverifiable,2025-01-15 08:30:00,3e079e939fb04d1b
dtest_case_0196,spider_q4644,academic,dtest,claude-3,complex,3,3,0,False,True,False,False,True,True,,2025-01-15 08:30:00,9557b324a970b1e8
dtest_case_0197,spider_q6241,yelp,dtest,gpt-4,complex,3,1,2,False,True,False,False,True,True,,2025-01-15 08:30:00,eab6a71335efad4a
dtest_case_0198,spider_q7420,world,dtest,mistral,hard,3,2,1,False,True,False,True,True,True,,2025-01-15 08:30:00,2e295171896735af
dtest_case_0199,spider_q8557,yelp,dtest,gemini-pro,medium,3,1,2,False,False,False,False,True,False,degraded_but_unverifiable,2025-01-15 08:30:00,0858526058e44155
dtest_case_0200,spider_q3645,scholar,dtest,gemini-pro,easy,3,3,0,False,True,False,False,True,True,,2025-01-15 08:30:00,4e6524825f6d2512
dtest_case_0201,spider_q7589,yelp,dtest,mistral,medium,3,3,0,True,True,False,False,True,True,,2025-01-15 08:30:00,9c81b0c7bd7189d1
dtest_case_0202,spider_q7353,academic,dtest,gpt-4,medium,3,2,1,True,False,False,False,False,False,endpoint_correct_no_degradation,2025-01-15 08:30:00,0b27f4ec850c3706
dtest_case_0203,spider_q2932,geo,dtest,claude-3,hard,3,1,2,False,True,False,False,True,True,,2025-01-15 08:30:00,d67dc6b7225dd0ba
dtest_case_0204,spider_q2757,scholar,dtest,gemini-pro,medium,3,1,2,False,True,False,False,True,True,,2025-01-15 08:30:00,3fe9919b30884b1b
dtest_case_0205,spider_q6085,world,dtest,claude-3,complex,3,2,1,True,False,False,False,False,False,endpoint_correct_no_degradation,2025-01-15 08:30:00,823d06b4e987b824
dtest_case_0206,spider_q6637,academic,dtest,codellama,hard,3,2,1,True,False,False,False,False,False,endpoint_correct_no_degradation,2025-01-15 08:30:00,7829f4349b5ba505
dtest_case_0207,spider_q2116,yelp,dtest,gpt-4,complex,3,1,2,False,True,False,True,True,True,,2025-01-15 08:30:00,8fe33b131b805b02
dtest_case_0208,spider_q1492,yelp,dtest,codellama,easy,3,3,0,True,False,False,False,False,False,endpoint_correct_no_degradation,2025-01-15 08:30:00,376106ec7682bce2
dtest_case_0209,spider_q9811,geo,dtest,codellama,complex,3,2,1,True,False,False,False,False,False,endpoint_correct_no_degradation,2025-01-15 08:30:00,ada3bd2ad4a46ae9
dtest_case_0210,spider_q8888,world,dtest,codellama,complex,3,2,1,False,True,False,False,True,True,,2025-01-15 08:30:00,fc81e271a64a97dc
dtest_case_0211,spider_q7474,world,dtest,gpt-4,medium,3,3,0,False,True,False,False,True,True,,2025-01-15 08:30:00,d38af053e20b3e8c
dtest_case_0212,spider_q5958,imdb,dtest,gpt-4,hard,3,0,3,False,True,False,False,True,False,degraded_but_unverifiable,2025-01-15 08:30:00,1bfa71e98bc4d760
dtest_case_0213,spider_q3743,world,dtest,mistral,hard,3,3,0,True,False,False,False,False,False,endpoint_correct_no_degradation,2025-01-15 08:30:00,800408e658cd2bb8
dtest_case_0214,spider_q8866,geo,dtest,claude-3,medium,3,2,1,False,True,False,False,True,True,,2025-01-15 08:30:00,0389aabb7adf05c0
dtest_case_0215,spider_q8160,restaurant,dtest,claude-3,hard,3,3,0,True,True,False,False,True,True,,2025-01-15 08:30:00,1b33086126556b5a
dtest_case_0216,spider_q6451,imdb,dtest,mistral,medium,3,3,0,False,True,False,False,True,True,,2025-01-15 08:30:00,8591f2aa4174ec62
dtest_case_0217,spider_q6258,imdb,dtest,mistral,easy,3,3,0,False,False,True,False,True,False,degraded_but_unverifiable,2025-01-15 08:30:00,85c8721cdc430669
dtest_case_0218,spider_q9548,yelp,dtest,codellama,medium,3,3,0,False,True,False,False,True,True,,2025-01-15 08:30:00,7f808c600838cced
dtest_case_0219,spider_q8186,yelp,dtest,mistral,easy,3,2,1,False,True,False,True,True,True,,2025-01-15 08:30:00,554017fe934504a7
dtest_case_0220,spider_q7102,world,dtest,gemini-pro,easy,3,3,0,False,True,False,False,True,True,,2025-01-15 08:30:00,396890b4977296ae
dtest_case_0221,spider_q1619,imdb,dtest,claude-3,easy,3,2,1,False,True,False,False,True,True,,2025-01-15 08:30:00,fb4ae234c357dae7
dtest_case_0222,spider_q1882,hr,dtest,mistral,complex,3,2,1,True,False,False,True,False,False,endpoint_correct_no_degradation,2025-01-15 08:30:00,77306684565a4282
dtest_case_0223,spider_q9988,yelp,dtest,gemini-pro,hard,3,2,1,False,True,False,False,True,True,,2025-01-15 08:30:00,e3b22a85697b76b0
dtest_case_0224,spider_q4642,geo,dtest,gemini-pro,complex,3,3,0,False,True,False,False,True,True,,2025-01-15 08:30:00,9d1473e5a38a9de1
dtest_case_0225,spider_q2296,hr,dtest,gemini-pro,medium,3,2,1,True,False,False,False,False,False,endpoint_correct_no_degradation,2025-01-15 08:30:00,1c507e3a85ae68b5
dtest_case_0226,spider_q9436,yelp,dtest,gemini-pro,medium,3,3,0,False,True,False,False,True,True,,2025-01-15 08:30:00,d657df2cbdf488a7
dtest_case_0227,spider_q3895,scholar,dtest,codellama,hard,3,3,0,False,True,False,False,True,True,,2025-01-15 08:30:00,16de56212976acd9
dtest_case_0228,spider_q7593,scholar,dtest,gemini-pro,medium,3,3,0,False,False,False,False,True,False,degraded_but_unverifiable,2025-01-15 08:30:00,a879c58933dd4922
dtest_case_0229,spider_q1929,yelp,dtest,codellama,easy,3,3,0,False,False,False,False,True,False,degraded_but_unverifiable,2025-01-15 08:30:00,1a447966b48e6eb4
dtest_case_0230,spider_q6366,imdb,dtest,codellama,hard,3,2,1,False,False,True,False,True,False,degraded_but_unverifiable,2025-01-15 08:30:00,1743c4065a84266d
dtest_case_0231,spider_q9711,restaurant,dtest,gemini-pro,medium,3,0,3,False,True,False,False,True,False,degraded_but_unverifiable,2025-01-15 08:30:00,8bfa58ecfc1394c5
dtest_case_0232,spider_q4212,restaurant,dtest,claude-3,hard,3,0,3,False,True,False,False,True,False,degraded_but_unverifiable,2025-01-15 08:30:00,0f6f066cce34cadd
dtest_case_0233,spider_q3409,imdb,dtest,gemini-pro,hard,3,2,1,False,False,False,False,True,False,degraded_but_unverifiable,2025-01-15 08:30:00,45c8ed801333cf12
dtest_case_0234,spider_q9199,academic,dtest,gemini-pro,medium,3,1,2,True,False,True,False,False,False,endpoint_correct_no_degradation,2025-01-15 08:30:00,d74de43d36efe903
dtest_case_0235,spider_q4423,restaurant,dtest,gemini-pro,easy,3,2,1,False,True,False,False,True,True,,2025-01-15 08:30:00,84ef646074539958
dtest_case_0236,spider_q7976,scholar,dtest,claude-3,hard,3,2,1,False,True,False,True,True,True,,2025-01-15 08:30:00,eda402024dec1ede
dtest_case_0237,spider_q8594,geo,dtest,gpt-4,medium,3,3,0,True,False,False,False,False,False,endpoint_correct_no_degradation,2025-01-15 08:30:00,3f7fee266de36ae6
dtest_case_0238,spider_q6158,imdb,dtest,gpt-4,easy,3,3,0,False,False,False,False,True,False,degraded_but_unverifiable,2025-01-15 08:30:00,2a59fdc9bdbd1d7f
dtest_case_0239,spider_q4667,world,dtest,codellama,complex,3,2,1,True,False,False,True,False,False,endpoint_correct_no_degradation,2025-01-15 08:30:00,7301654602f5fa61
dtest_case_0240,spider_q6973,scholar,dtest,codellama,easy,3,3,0,False,True,False,False,True,True,,2025-01-15 08:30:00,f273f6864c3d1378
dtest_case_0241,spider_q7236,geo,dtest,claude-3,hard,3,1,2,False,True,True,False,True,True,,2025-01-15 08:30:00,644ee8b0977a3174
dtest_case_0242,spider_q9277,geo,dtest,mistral,complex,3,0,3,False,True,False,False,True,False,degraded_but_unverifiable,2025-01-15 08:30:00,39451c6ac352692c
dtest_case_0243,spider_q3468,imdb,dtest,gpt-4,medium,3,3,0,False,False,False,False,True,False,degraded_but_unverifiable,2025-01-15 08:30:00,089582e3b80d12a1
dtest_case_0244,spider_q7217,geo,dtest,codellama,easy,3,2,1,True,False,True,False,False,False,endpoint_correct_no_degradation,2025-01-15 08:30:00,d8f54b4966160283
dtest_case_0245,spider_q4619,imdb,dtest,gpt-4,easy,3,2,1,False,True,False,True,True,True,,2025-01-15 08:30:00,681cbdfab92436c8
dtest_case_0246,spider_q2636,restaurant,dtest,claude-3,medium,3,3,0,False,False,False,False,True,False,degraded_but_unverifiable,2025-01-15 08:30:00,66b47db228611b03
dtest_case_0247,spider_q9155,yelp,dtest,claude-3,easy,3,3,0,False,True,True,False,True,True,,2025-01-15 08:30:00,5c07b87ff29e836e
dtest_case_0248,spider_q4583,scholar,dtest,mistral,hard,3,3,0,False,True,False,False,True,True,,2025-01-15 08:30:00,22477e1d6eb7b8fc
dtest_case_0249,spider_q5009,academic,dtest,mistral,easy,3,3,0,False,True,False,False,True,True,,2025-01-15 08:30:00,4543086f1813ab0a
dtest_case_0250,spider_q4326,yelp,dtest,claude-3,hard,3,3,0,False,True,False,False,True,True,,2025-01-15 08:30:00,29ae254f5beb31f7
dtest_case_0251,spider_q9148,scholar,dtest,codellama,complex,3,2,1,False,True,False,False,True,True,,2025-01-15 08:30:00,35234067ddaeb38f
dtest_case_0252,spider_q3217,imdb,dtest,gpt-4,complex,3,2,1,False,True,False,False,True,True,,2025-01-15 08:30:00,de821c8d836890c6
dtest_case_0253,spider_q5967,scholar,dtest,gemini-pro,hard,3,1,2,False,True,False,False,True,True,,2025-01-15 08:30:00,6d5f56493ec20dbb
dtest_case_0254,spider_q3369,restaurant,dtest,mistral,medium,3,2,1,True,False,False,False,False,False,endpoint_correct_no_degradation,2025-01-15 08:30:00,648f2a5814f33485
dtest_case_0255,spider_q4638,imdb,dtest,gemini-pro,hard,3,3,0,False,False,False,False,True,False,degraded_but_unverifiable,2025-01-15 08:30:00,6eedb454f8cbe354
dtest_case_0256,spider_q6722,yelp,dtest,codellama,hard,3,2,1,False,True,False,False,True,True,,2025-01-15 08:30:00,452db9adb3f33d20
dtest_case_0257,spider_q5444,world,dtest,mistral,medium,3,3,0,False,True,False,True,True,True,,2025-01-15 08:30:00,01b6f5e7b7417fb9
dtest_case_0258,spider_q8618,world,dtest,gemini-pro,easy,3,3,0,False,True,False,False,True,True,,2025-01-15 08:30:00,91749f6e0b0875dc
dtest_case_0259,spider_q4947,hr,dtest,codellama,complex,3,3,0,True,False,True,False,False,False,endpoint_correct_no_degradation,2025-01-15 08:30:00,72e143eb3321e3c2
dtest_case_0260,spider_q2676,hr,dtest,gpt-4,medium,3,3,0,False,True,False,False,True,True,,2025-01-15 08:30:00,d2d9f26596b9669b
dtest_case_0261,spider_q2196,scholar,dtest,codellama,medium,3,3,0,False,False,False,False,True,False,degraded_but_unverifiable,2025-01-15 08:30:00,b5781054b1c64b0e
dtest_case_0262,spider_q3787,world,dtest,mistral,medium,3,1,2,True,False,False,False,False,False,endpoint_correct_no_degradation,2025-01-15 08:30:00,7e06efe4309b3e90
dtest_case_0263,spider_q8432,imdb,dtest,claude-3,medium,3,3,0,False,True,False,False,True,True,,2025-01-15 08:30:00,5abaeb441cfffa68
dtest_case_0264,spider_q8927,geo,dtest,gpt-4,complex,3,1,2,False,False,False,False,True,False,degraded_but_unverifiable,2025-01-15 08:30:00,26b4ed0588744214
dtest_case_0265,spider_q4318,imdb,dtest,gemini-pro,hard,3,3,0,False,True,True,False,True,True,,2025-01-15 08:30:00,0d5494ae97377c04
dtest_case_0266,spider_q9858,geo,dtest,mistral,hard,3,2,1,False,True,False,False,True,True,,2025-01-15 08:30:00,bfc69074576a3565
dtest_case_0267,spider_q7689,yelp,dtest,claude-3,easy,3,3,0,False,True,False,False,True,True,,2025-01-15 08:30:00,c794aa33109c50f3
dtest_case_0268,spider_q3176,academic,dtest,codellama,medium,3,3,0,False,False,False,False,True,False,degraded_but_unverifiable,2025-01-15 08:30:00,f8e5362df8086d26
dtest_case_0269,spider_q4743,geo,dtest,claude-3,medium,3,1,2,False,True,False,False,True,True,,2025-01-15 08:30:00,3ef4af3db3cd45a5
dtest_case_0270,spider_q9792,world,dtest,mistral,easy,3,2,1,False,True,False,False,True,True,,2025-01-15 08:30:00,1162f879e1a91cd5
dtest_case_0271,spider_q5422,imdb,dtest,mistral,medium,3,3,0,False,True,True,False,True,True,,2025-01-15 08:30:00,e0d068afc3d10bae
dtest_case_0272,spider_q4824,yelp,dtest,claude-3,hard,3,2,1,False,True,False,False,True,True,,2025-01-15 08:30:00,c215b0d33aed46fe
dtest_case_0273,spider_q3451,world,dtest,codellama,easy,3,3,0,False,True,False,False,True,True,,2025-01-15 08:30:00,fbe4e172ad918826
dtest_case_0274,spider_q1628,yelp,dtest,claude-3,hard,3,3,0,False,False,False,False,True,False,degraded_but_unverifiable,2025-01-15 08:30:00,7f5cd8e51dd081bb
dtest_case_0275,spider_q8778,academic,dtest,mistral,medium,3,2,1,False,False,True,True,True,False,degraded_but_unverifiable,2025-01-15 08:30:00,e9c54b8fd4b7e5a0
dtest_case_0276,spider_q4696,restaurant,dtest,mistral,easy,3,2,1,False,True,False,False,True,True,,2025-01-15 08:30:00,062c1f740687843c
dtest_case_0277,spider_q4674,imdb,dtest,gemini-pro,medium,3,2,1,False,False,False,False,True,False,degraded_but_unverifiable,2025-01-15 08:30:00,6ecacd270d93fc95
dtest_case_0278,spider_q4929,scholar,dtest,gemini-pro,complex,3,3,0,False,True,False,False,True,True,,2025-01-15 08:30:00,90378866d6796db5
dtest_case_0279,spider_q3765,imdb,dtest,gpt-4,complex,3,2,1,False,False,False,False,True,False,degraded_but_unverifiable,2025-01-15 08:30:00,a5e894aae03a5a6c
dtest_case_0280,spider_q5369,hr,dtest,mistral,complex,3,3,0,False,True,False,False,True,True,,2025-01-15 08:30:00,83a1c8fc8caa8c17
dtest_case_0281,spider_q9307,academic,dtest,gemini-pro,medium,3,2,1,False,True,True,True,True,True,,2025-01-15 08:30:00,8556b90f81ec3d40
dtest_case_0282,spider_q5956,imdb,dtest,claude-3,easy,3,3,0,False,True,False,False,True,True,,2025-01-15 08:30:00,16031f9d48fab60f
dtest_case_0283,spider_q1692,hr,dtest,codellama,hard,3,3,0,True,False,False,False,False,False,endpoint_correct_no_degradation,2025-01-15 08:30:00,546aed9b1fcb2ef6
dtest_case_0284,spider_q4162,scholar,dtest,claude-3,medium,3,2,1,False,True,False,False,True,True,,2025-01-15 08:30:00,9f968c77a9007e25
dtest_case_0285,spider_q2105,geo,dtest,codellama,complex,3,2,1,True,True,False,False,True,True,,2025-01-15 08:30:00,a36400e735dd034d
dtest_case_0286,spider_q4008,yelp,dtest,gemini-pro,easy,3,3,0,False,True,False,False,True,True,,2025-01-15 08:30:00,fff9d42da16ab207
dtest_case_0287,spider_q3161,scholar,dtest,gpt-4,medium,3,3,0,False,True,False,False,True,True,,2025-01-15 08:30:00,b44701a9073cff46
dtest_case_0288,spider_q9345,world,dtest,claude-3,medium,3,3,0,False,True,False,False,True,True,,2025-01-15 08:30:00,3f904ce266e165ef
dtest_case_0289,spider_q4699,academic,dtest,claude-3,medium,3,3,0,False,True,False,False,True,True,,2025-01-15 08:30:00,e4c935e14855496b
dtest_case_0290,spider_q4786,geo,dtest,claude-3,hard,3,2,1,True,False,False,False,False,False,endpoint_correct_no_degradation,2025-01-15 08:30:00,fa49c3e50fdd2341
dtest_case_0291,spider_q5200,world,dtest,codellama,medium,3,1,2,True,True,False,False,True,True,,2025-01-15 08:30:00,39a969049a4c56cd
dtest_case_0292,spider_q2913,world,dtest,gemini-pro,medium,3,3,0,False,True,False,True,True,True,,2025-01-15 08:30:00,012c06f43335f273
dtest_case_0293,spider_q6520,academic,dtest,claude-3,medium,3,2,1,False,True,False,False,True,True,,2025-01-15 08:30:00,d230128018f07e9e
dtest_case_0294,spider_q2772,geo,dtest,claude-3,medium,3,3,0,True,False,False,False,False,False,endpoint_correct_no_degradation,2025-01-15 08:30:00,ec987415877c6a2b
dtest_case_0295,spider_q3780,restaurant,dtest,gpt-4,hard,3,2,1,False,False,True,False,True,False,degraded_but_unverifiable,2025-01-15 08:30:00,259e911ca3d046eb
dtest_case_0296,spider_q8423,world,dtest,gpt-4,complex,3,1,2,False,True,False,True,True,True,,2025-01-15 08:30:00,feecb6570f4bf215
dtest_case_0297,spider_q3871,world,dtest,gemini-pro,complex,3,3,0,True,False,False,False,False,False,endpoint_correct_no_degradation,2025-01-15 08:30:00,4f66a7317daf0d30
dtest_case_0298,spider_q1660,geo,dtest,gemini-pro,hard,3,2,1,False,True,False,False,True,True,,2025-01-15 08:30:00,642adbeb6a7ce5bd
dtest_case_0299,spider_q7242,imdb,dtest,mistral,medium,3,3,0,True,False,False,False,False,False,endpoint_correct_no_degradation,2025-01-15 08:30:00,8da0f48c22c74844
dtest_case_0300,spider_q2132,world,dtest,gpt-4,hard,3,3,0,True,False,False,True,False,False,endpoint_correct_no_degradation,2025-01-15 08:30:00,9be0e76459cb6d2e
dtest_case_0301,spider_q1699,yelp,dtest,mistral,medium,3,3,0,False,True,False,False,True,True,,2025-01-15 08:30:00,15291ffc11531a21
dtest_case_0302,spider_q8470,geo,dtest,codellama,medium,3,1,2,False,True,False,False,True,True,,2025-01-15 08:30:00,f8965f18884a7322
dtest_case_0303,spider_q7297,world,dtest,mistral,complex,3,2,1,False,True,True,False,True,True,,2025-01-15 08:30:00,bef59e4521e7171e
dtest_case_0304,spider_q8812,academic,dtest,claude-3,easy,3,3,0,False,False,False,False,True,False,degraded_but_unverifiable,2025-01-15 08:30:00,85b4961bcc9b1ec1
dtest_case_0305,spider_q5557,scholar,dtest,mistral,complex,3,3,0,False,True,False,False,True,True,,2025-01-15 08:30:00,15b84ca43f3fd3aa
dtest_case_0306,spider_q3179,yelp,dtest,gemini-pro,medium,3,1,2,False,True,False,False,True,True,,2025-01-15 08:30:00,acba07de8d186f0c
dtest_case_0307,spider_q9275,hr,dtest,codellama,hard,3,1,2,False,True,True,False,True,True,,2025-01-15 08:30:00,23b270cd6619b201
dtest_case_0308,spider_q2422,hr,dtest,claude-3,hard,3,2,1,False,False,False,False,True,False,degraded_but_unverifiable,2025-01-15 08:30:00,f5be70d0fc454a08
dtest_case_0309,spider_q4180,scholar,dtest,mistral,complex,3,0,3,False,True,False,True,True,False,degraded_but_unverifiable,2025-01-15 08:30:00,2c42b850662bcc2a
dtest_case_0310,spider_q5316,hr,dtest,codellama,hard,3,3,0,False,True,False,False,True,True,,2025-01-15 08:30:00,5b3b9c61596a3dd9
dtest_case_0311,spider_q7696,scholar,dtest,codellama,hard,3,2,1,True,True,False,True,True,True,,2025-01-15 08:30:00,e1faf0bbad765dcb
dtest_case_0312,spider_q1614,world,dtest,claude-3,easy,3,2,1,True,False,False,False,False,False,endpoint_correct_no_degradation,2025-01-15 08:30:00,fc5727d4ba09538d
dtest_case_0313,spider_q5570,yelp,dtest,mistral,hard,3,3,0,False,True,False,False,True,True,,2025-01-15 08:30:00,f2d75ded160ccda9
dtest_case_0314,spider_q1270,yelp,dtest,codellama,medium,3,1,2,False,True,False,False,True,True,,2025-01-15 08:30:00,6c22c51437d00273
dtest_case_0315,spider_q3468,imdb,dtest,codellama,hard,3,2,1,False,True,False,False,True,True,,2025-01-15 08:30:00,e84789ebdcb61cfb
dtest_case_0316,spider_q4607,scholar,dtest,gpt-4,hard,3,3,0,False,True,False,False,True,True,,2025-01-15 08:30:00,9f56e8815367ba90
dtest_case_0317,spider_q4075,yelp,dtest,codellama,hard,3,3,0,True,False,False,False,False,False,endpoint_correct_no_degradation,2025-01-15 08:30:00,bdab5ac9126174fb
dtest_case_0318,spider_q1289,imdb,dtest,gpt-4,easy,3,2,1,True,False,False,False,False,False,endpoint_correct_no_degradation,2025-01-15 08:30:00,8318eeee68452902
dtest_case_0319,spider_q9120,geo,dtest,mistral,easy,3,0,3,False,True,False,False,True,False,degraded_but_unverifiable,2025-01-15 08:30:00,d444dd337fa139e2
dtest_case_0320,spider_q7614,imdb,dtest,mistral,hard,3,3,0,False,False,False,False,True,False,degraded_but_unverifiable,2025-01-15 08:30:00,fb353cb334cdb32b
dtest_case_0321,spider_q4252,academic,dtest,mistral,easy,3,3,0,False,True,False,False,True,True,,2025-01-15 08:30:00,78dc029bc691fbab
dtest_case_0322,spider_q8415,restaurant,dtest,gemini-pro,easy,3,3,0,False,True,False,False,True,True,,2025-01-15 08:30:00,66420b1d8849b4c5
dtest_case_0323,spider_q7771,world,dtest,mistral,easy,3,1,2,False,True,False,False,True,True,,2025-01-15 08:30:00,12856cff39759a55
dtest_case_0324,spider_q1278,geo,dtest,codellama,complex,3,3,0,False,True,False,False,True,True,,2025-01-15 08:30:00,ea0782560f918004
dtest_case_0325,spider_q1580,restaurant,dtest,claude-3,hard,3,3,0,False,True,True,False,True,True,,2025-01-15 08:30:00,6d32488994c4b471
dtest_case_0326,spider_q5958,restaurant,dtest,gpt-4,medium,3,3,0,False,True,False,False,True,True,,2025-01-15 08:30:00,5ab66bdc4eb0f871
dtest_case_0327,spider_q9445,geo,dtest,gemini-pro,medium,3,3,0,False,True,False,False,True,True,,2025-01-15 08:30:00,cc829a13ece784d9
dtest_case_0328,spider_q5276,academic,dtest,mistral,medium,3,2,1,False,False,False,False,True,False,degraded_but_unverifiable,2025-01-15 08:30:00,513968fe2939d022
dtest_case_0329,spider_q8997,imdb,dtest,mistral,hard,3,3,0,True,False,False,False,False,False,endpoint_correct_no_degradation,2025-01-15 08:30:00,cf41bfe13ab74373
dtest_case_0330,spider_q5776,world,dtest,claude-3,hard,3,1,2,False,False,False,False,True,False,degraded_but_unverifiable,2025-01-15 08:30:00,209c70f9311b871e
dtest_case_0331,spider_q1824,imdb,dtest,claude-3,medium,3,2,1,False,True,False,False,True,True,,2025-01-15 08:30:00,765475368218a026
dtest_case_0332,spider_q4832,yelp,dtest,gemini-pro,medium,3,1,2,True,False,True,False,False,False,endpoint_correct_no_degradation,2025-01-15 08:30:00,cf6abbdf1f144b4e
dtest_case_0333,spider_q9891,imdb,dtest,gpt-4,easy,3,2,1,True,False,False,False,False,False,endpoint_correct_no_degradation,2025-01-15 08:30:00,06e9661afee83d42
dtest_case_0334,spider_q6445,hr,dtest,mistral,hard,3,2,1,True,False,False,True,False,False,endpoint_correct_no_degradation,2025-01-15 08:30:00,5d1ae930accbff9e
dtest_case_0335,spider_q2380,geo,dtest,gemini-pro,hard,3,1,2,True,False,True,True,False,False,endpoint_correct_no_degradation,2025-01-15 08:30:00,0348ee5f3e2dd88a
dtest_case_0336,spider_q7534,world,dtest,codellama,medium,3,2,1,False,True,False,False,True,True,,2025-01-15 08:30:00,b4b42302ae7a5cfa
dtest_case_0337,spider_q4156,imdb,dtest,codellama,easy,3,1,2,False,True,False,False,True,True,,2025-01-15 08:30:00,599b12232a69df5c
dtest_case_0338,spider_q5307,world,dtest,gemini-pro,easy,3,3,0,False,True,False,False,True,True,,2025-01-15 08:30:00,8709a5d9257d4f47
dtest_case_0339,spider_q6634,world,dtest,mistral,complex,3,3,0,True,False,False,False,False,False,endpoint_correct_no_degradation,2025-01-15 08:30:00,ba61e4898081bbd5
dtest_case_0340,spider_q9575,yelp,dtest,gemini-pro,medium,3,1,2,False,False,False,False,True,False,degraded_but_unverifiable,2025-01-15 08:30:00,ae3ec317cd2d68ec
dtest_case_0341,spider_q6810,yelp,dtest,mistral,hard,3,3,0,False,False,False,False,True,False,degraded_but_unverifiable,2025-01-15 08:30:00,4e771e385e03edd5
dtest_case_0342,spider_q9533,geo,dtest,claude-3,hard,3,3,0,True,False,False,False,False,False,endpoint_correct_no_degradation,2025-01-15 08:30:00,f5b079702908eb37
dtest_case_0343,spider_q6934,academic,dtest,gemini-pro,medium,3,2,1,False,True,False,True,True,True,,2025-01-15 08:30:00,6e2dfeb3c8947df9
dtest_case_0344,spider_q4109,hr,dtest,mistral,medium,3,1,2,False,True,False,False,True,True,,2025-01-15 08:30:00,897f715adcd62c8b
dtest_case_0345,spider_q5082,restaurant,dtest,gemini-pro,easy,3,3,0,False,True,False,False,True,True,,2025-01-15 08:30:00,a7dbed4d2391d8e4
dtest_case_0346,spider_q4240,world,dtest,gemini-pro,hard,3,3,0,False,False,False,False,True,False,degraded_but_unverifiable,2025-01-15 08:30:00,0c518f811dbafcf5
dtest_case_0347,spider_q7028,academic,dtest,mistral,hard,3,1,2,True,False,False,False,False,False,endpoint_correct_no_degradation,2025-01-15 08:30:00,6d456ca6977ada24
dtest_case_0348,spider_q2849,restaurant,dtest,mistral,hard,3,1,2,False,True,False,False,True,True,,2025-01-15 08:30:00,ff2dfb4498377c81
dtest_case_0349,spider_q9497,restaurant,dtest,gpt-4,hard,3,1,2,False,True,False,False,True,True,,2025-01-15 08:30:00,d7f7db79813fbd07
dtest_case_0350,spider_q3749,hr,dtest,gemini-pro,easy,3,2,1,False,True,False,False,True,True,,2025-01-15 08:30:00,a6c96dd0e24a6487
dtest_case_0351,spider_q7680,geo,dtest,codellama,complex,3,2,1,False,True,False,False,True,True,,2025-01-15 08:30:00,4a0a8872998781c8
dtest_case_0352,spider_q1205,restaurant,dtest,gemini-pro,hard,3,2,1,False,False,False,False,True,False,degraded_but_unverifiable,2025-01-15 08:30:00,7159d1c5aa2dc0fd
dtest_case_0353,spider_q8352,hr,dtest,gemini-pro,medium,3,2,1,True,False,True,False,False,False,endpoint_correct_no_degradation,2025-01-15 08:30:00,a1f29218b79c34f4
dtest_case_0354,spider_q5591,restaurant,dtest,mistral,complex,3,3,0,True,False,False,False,False,False,endpoint_correct_no_degradation,2025-01-15 08:30:00,72df95d418193d9f
dtest_case_0355,spider_q4450,world,dtest,gemini-pro,hard,3,3,0,False,False,False,False,True,False,degraded_but_unverifiable,2025-01-15 08:30:00,7942df3a086eacff
dtest_case_0356,spider_q8214,world,dtest,gemini-pro,hard,3,2,1,True,True,False,False,True,True,,2025-01-15 08:30:00,488c28bdbf53fb3a
dtest_case_0357,spider_q4811,scholar,dtest,codellama,hard,3,3,0,False,True,False,False,True,True,,2025-01-15 08:30:00,4fca9b61ae55e7a9
dtest_case_0358,spider_q6141,academic,dtest,mistral,complex,3,0,3,False,True,False,False,True,False,degraded_but_unverifiable,2025-01-15 08:30:00,bc6608d37bdcbb1f
dtest_case_0359,spider_q9501,imdb,dtest,gemini-pro,hard,3,2,1,False,True,False,False,True,True,,2025-01-15 08:30:00,eb42a125dcbf86cf
dtest_case_0360,spider_q3708,hr,dtest,claude-3,easy,3,2,1,False,False,False,False,True,False,degraded_but_unverifiable,2025-01-15 08:30:00,b513ee163e28e665
dtest_case_0361,spider_q2991,yelp,dtest,gpt-4,medium,3,3,0,False,True,False,False,True,True,,2025-01-15 08:30:00,695345666490e021
dtest_case_0362,spider_q9463,hr,dtest,codellama,complex,3,3,0,False,False,False,True,True,False,degraded_but_unverifiable,2025-01-15 08:30:00,d04b8dcfbcd274e2
dtest_case_0363,spider_q4273,imdb,dtest,gemini-pro,medium,3,3,0,False,True,False,False,True,True,,2025-01-15 08:30:00,08df49de6512f19e
dtest_case_0364,spider_q5538,academic,dtest,claude-3,medium,3,2,1,False,False,False,False,True,False,degraded_but_unverifiable,2025-01-15 08:30:00,cf3adc5a13c2640b
dtest_case_0365,spider_q9712,yelp,dtest,gemini-pro,medium,3,3,0,False,True,False,False,True,True,,2025-01-15 08:30:00,47fb34d35394580a
dtest_case_0366,spider_q4722,imdb,dtest,gemini-pro,medium,3,1,2,False,False,False,False,True,False,degraded_but_unverifiable,2025-01-15 08:30:00,bb9d6a123696d3c8
dtest_case_0367,spider_q4551,scholar,dtest,mistral,hard,3,3,0,False,True,False,False,True,True,,2025-01-15 08:30:00,6954e3df1d6b2aa0
dtest_case_0368,spider_q3832,yelp,dtest,mistral,complex,3,3,0,True,False,False,False,False,False,endpoint_correct_no_degradation,2025-01-15 08:30:00,e71fd70434e6fd43
