case_id,checkpoint_id,step_id,step_position,split,model_source,H_t,H_t_minus_1,delta_H,A_t,A_t_plus_1,I_nec,I_plus,I_minus,burst_flag,gate_pass,unverifiable_flag,boundary_flag,difficulty_tier
dtest_case_0000,dtest_case_0000_t0,step_t0_0000,t0,dtest,gpt-4,0.1872,0.1161,0.0711,0.7743,0.3095,0.1398,0.2921,0.2947,False,True,False,False,complex
dtest_case_0000,dtest_case_0000_t1,step_t1_0000,t1,dtest,gpt-4,0.7639,0.1872,0.5767,0.304,0.2015,-0.365,0.4498,0.243,True,True,False,False,complex
dtest_case_0001,dtest_case_0001_t1,step_t1_0001,t1,dtest,gemini-pro,0.6487,0.2834,0.3653,0.0534,0.1401,-0.3539,0.2439,0.3403,True,False,False,False,hard
dtest_case_0002,dtest_case_0002_t1,step_t1_0002,t1,dtest,claude-3,0.525,0.2606,0.2644,0.0732,0.0573,0.2485,0.4986,0.3586,False,True,False,False,hard
dtest_case_0002,dtest_case_0002_t2,step_t2_0002,t2,dtest,claude-3,0.9128,0.525,0.3878,0.0524,0.0,0.1454,0.3614,0.3283,False,True,False,False,hard
dtest_case_0003,dtest_case_0003_t0,step_t0_0003,t0,dtest,claude-3,0.264,0.1925,0.0715,0.9435,0.682,0.384,0.3555,0.0798,False,True,False,False,medium
dtest_case_0003,dtest_case_0003_t2,step_t2_0003,t2,dtest,claude-3,0.2619,0.264,-0.0021,0.8975,0.7056,-0.0564,0.2531,0.3728,False,True,False,False,medium
dtest_case_0004,dtest_case_0004_t1,step_t1_0004,t1,dtest,claude-3,0.2876,0.1423,0.1453,0.809,0.8194,0.1745,0.1009,0.2738,False,True,False,False,complex
dtest_case_0004,dtest_case_0004_t2,step_t2_0004,t2,dtest,claude-3,0.1055,0.2876,-0.1821,0.6509,0.6217,0.1366,0.3031,0.3177,False,True,False,False,complex
dtest_case_0005,dtest_case_0005_t1,step_t1_0005,t1,dtest,gemini-pro,0.3903,0.2365,0.1538,0.793,0.9732,0.3955,0.1025,0.1517,False,False,False,False,easy
dtest_case_0005,dtest_case_0005_t2,step_t2_0005,t2,dtest,gemini-pro,0.3386,0.3903,-0.0517,0.6668,0.4714,0.314,0.3753,0.3198,False,False,False,False,easy
dtest_case_0006,dtest_case_0006_t0,step_t0_0006,t0,dtest,codellama,0.1246,0.0892,0.0354,0.8718,0.9631,0.0581,0.2942,0.2732,False,True,False,False,hard
dtest_case_0006,dtest_case_0006_t2,step_t2_0006,t2,dtest,codellama,0.3355,0.1246,0.2109,0.9649,0.8089,0.1699,0.2194,0.231,False,True,False,False,hard
dtest_case_0007,dtest_case_0007_t0,step_t0_0007,t0,dtest,gemini-pro,0.2066,0.1268,0.0798,0.6733,0.6916,0.1714,0.2158,0.1331,False,True,False,False,easy
dtest_case_0007,dtest_case_0007_t2,step_t2_0007,t2,dtest,gemini-pro,0.3275,0.2066,0.1209,0.7084,0.4887,0.1477,0.3707,0.2293,False,False,False,False,easy
dtest_case_0008,dtest_case_0008_t2,step_t2_0008,t2,dtest,mistral,0.351,0.2267,0.1243,0.9225,0.8867,0.0023,0.357,0.1976,False,False,False,False,medium
dtest_case_0009,dtest_case_0009_t0,step_t0_0009,t0,dtest,gemini-pro,0.0912,0.0107,0.0805,0.7826,0.7828,0.202,0.2511,0.2159,False,True,False,False,medium
dtest_case_0009,dtest_case_0009_t2,step_t2_0009,t2,dtest,gemini-pro,0.2136,0.0912,0.1224,0.9202,0.9171,0.1992,0.2828,0.2865,False,True,False,False,medium
dtest_case_0010,dtest_case_0010_t0,step_t0_0010,t0,dtest,claude-3,0.3807,0.2368,0.1439,0.7699,0.6909,0.1118,0.144,0.246,False,False,False,False,medium
dtest_case_0010,dtest_case_0010_t1,step_t1_0010,t1,dtest,claude-3,0.1056,0.3807,-0.2751,0.6853,0.7024,0.263,0.2965,0.0409,False,False,False,False,medium
dtest_case_0011,dtest_case_0011_t0,step_t0_0011,t0,dtest,gpt-4,0.366,0.3625,0.0035,0.878,0.3585,0.0872,0.0345,0.0309,False,True,False,False,hard
dtest_case_0011,dtest_case_0011_t2,step_t2_0011,t2,dtest,gpt-4,0.8782,0.366,0.5122,0.4598,0.4291,0.018,0.0828,0.0745,False,False,False,False,hard
dtest_case_0012,dtest_case_0012_t0,step_t0_0012,t0,dtest,gemini-pro,0.1829,0.1362,0.0467,0.7296,0.2932,0.0897,0.3721,0.0822,False,False,False,False,medium
dtest_case_0012,dtest_case_0012_t2,step_t2_0012,t2,dtest,gemini-pro,0.7717,0.1829,0.5888,0.1014,0.0,0.3318,0.4615,0.1863,False,True,False,False,medium
dtest_case_0013,dtest_case_0013_t0,step_t0_0013,t0,dtest,gemini-pro,0.4174,0.3293,0.0881,0.6615,0.9651,0.0241,0.2888,0.0662,False,True,False,False,medium
dtest_case_0014,dtest_case_0014_t1,step_t1_0014,t1,dtest,claude-3,0.1746,0.2451,-0.0705,0.7472,0.688,0.0063,0.2576,0.3902,False,True,False,False,medium
dtest_case_0015,dtest_case_0015_t0,step_t0_0015,t0,dtest,gpt-4,0.2729,0.1438,0.1291,0.8373,0.6738,0.0498,0.155,0.1589,False,True,False,False,medium
dtest_case_0015,dtest_case_0015_t2,step_t2_0015,t2,dtest,gpt-4,0.3699,0.2729,0.097,0.7723,0.6552,0.2125,0.1889,0.3346,False,True,False,False,medium
dtest_case_0016,dtest_case_0016_t0,step_t0_0016,t0,dtest,gpt-4,0.1676,0.0605,0.1071,0.8347,0.2638,0.1405,0.2485,0.3061,False,True,False,False,medium
dtest_case_0016,dtest_case_0016_t1,step_t1_0016,t1,dtest,gpt-4,0.6505,0.1676,0.4829,0.084,0.3513,-0.3911,0.4487,0.2106,False,False,False,False,medium
dtest_case_0017,dtest_case_0017_t0,step_t0_0017,t0,dtest,mistral,0.8779,0.7479,0.13,0.2336,0.2707,-0.3984,0.0981,0.2022,False,True,False,False,easy
dtest_case_0017,dtest_case_0017_t1,step_t1_0017,t1,dtest,mistral,0.7562,0.8779,-0.1217,0.4494,0.2727,0.2604,0.4027,0.3955,False,True,False,False,easy
dtest_case_0018,dtest_case_0018_t0,step_t0_0018,t0,dtest,gemini-pro,0.3727,0.2283,0.1444,0.9805,0.1064,0.1032,0.162,0.0348,False,True,False,False,hard
dtest_case_0018,dtest_case_0018_t1,step_t1_0018,t1,dtest,gemini-pro,0.8312,0.3727,0.4585,0.4317,0.0991,-0.1494,0.3215,0.2816,False,True,False,False,hard
dtest_case_0019,dtest_case_0019_t0,step_t0_0019,t0,dtest,gpt-4,0.1843,0.0605,0.1238,0.7771,0.6137,0.3153,0.1726,0.3095,False,True,False,False,hard
dtest_case_0019,dtest_case_0019_t1,step_t1_0019,t1,dtest,gpt-4,0.3944,0.1843,0.2101,0.7268,0.9898,0.2899,0.0571,0.2263,False,False,False,False,hard
dtest_case_0020,dtest_case_0020_t0,step_t0_0020,t0,dtest,gpt-4,0.2384,0.2111,0.0273,0.8197,0.805,0.2708,0.3494,0.161,False,True,False,False,hard
dtest_case_0021,dtest_case_0021_t2,step_t2_0021,t2,dtest,codellama,0.7903,0.1554,0.6349,0.1095,0.0,0.2456,0.3416,0.329,False,True,False,False,medium
dtest_case_0022,dtest_case_0022_t1,step_t1_0022,t1,dtest,codellama,0.376,0.1745,0.2015,0.6735,0.2121,0.1487,0.3601,0.0426,False,True,False,False,medium
dtest_case_0022,dtest_case_0022_t2,step_t2_0022,t2,dtest,codellama,0.6187,0.376,0.2427,0.1699,0.0,-0.3997,0.3165,0.1977,False,False,False,False,medium
dtest_case_0023,dtest_case_0023_t0,step_t0_0023,t0,dtest,gpt-4,0.2118,0.0962,0.1156,0.7977,0.1915,0.3793,0.0922,0.0361,False,False,False,False,complex
dtest_case_0023,dtest_case_0023_t1,step_t1_0023,t1,dtest,gpt-4,0.5307,0.2118,0.3189,0.4267,0.2249,-0.1338,0.3608,0.2442,False,True,False,False,complex
dtest_case_0024,dtest_case_0024_t1,step_t1_0024,t1,dtest,mistral,0.9293,0.0838,0.8455,0.2677,0.158,-0.2841,0.081,0.3366,False,False,False,False,hard
dtest_case_0024,dtest_case_0024_t2,step_t2_0024,t2,dtest,mistral,0.5696,0.9293,-0.3597,0.3305,0.2119,0.0722,0.1758,0.1651,False,True,False,False,hard
dtest_case_0025,dtest_case_0025_t0,step_t0_0025,t0,dtest,gpt-4,0.2893,0.2203,0.069,0.6766,0.6311,-0.0988,0.4838,0.0021,False,True,False,False,medium
dtest_case_0025,dtest_case_0025_t2,step_t2_0025,t2,dtest,gpt-4,0.1758,0.2893,-0.1135,0.9326,0.6921,0.295,0.3453,0.2085,False,True,False,False,medium
dtest_case_0026,dtest_case_0026_t1,step_t1_0026,t1,dtest,claude-3,0.4333,0.2396,0.1937,0.8736,0.9036,0.2621,0.3186,0.3922,False,False,False,True,easy
dtest_case_0026,dtest_case_0026_t2,step_t2_0026,t2,dtest,claude-3,0.3087,0.4333,-0.1246,0.8926,0.8797,0.235,0.0221,0.2353,False,False,False,True,easy
dtest_case_0027,dtest_case_0027_t2,step_t2_0027,t2,dtest,gemini-pro,0.7501,0.1683,0.5818,0.1908,0.1607,0.2655,0.0963,0.0461,False,True,False,False,medium
dtest_case_0029,dtest_case_0029_t1,step_t1_0029,t1,dtest,claude-3,0.3681,0.2363,0.1318,0.6692,0.7821,0.1612,0.3223,0.2601,False,True,False,False,medium
dtest_case_0029,dtest_case_0029_t2,step_t2_0029,t2,dtest,claude-3,0.2743,0.3681,-0.0938,0.8184,0.5972,0.1651,0.2205,0.1618,False,True,False,False,medium
dtest_case_0030,dtest_case_0030_t0,step_t0_0030,t0,dtest,mistral,0.3716,0.2908,0.0808,0.8816,0.3451,0.1601,0.2134,0.3507,False,True,False,False,hard
dtest_case_0030,dtest_case_0030_t2,step_t2_0030,t2,dtest,mistral,0.7079,0.3716,0.3363,0.4957,0.4956,-0.0073,0.192,0.373,False,True,False,False,hard
dtest_case_0031,dtest_case_0031_t0,step_t0_0031,t0,dtest,claude-3,0.0538,0.0459,0.0079,0.681,0.615,0.1399,0.2904,0.1087,False,True,False,False,hard
dtest_case_0031,dtest_case_0031_t1,step_t1_0031,t1,dtest,claude-3,0.0867,0.0538,0.0329,0.7677,0.809,0.2661,0.0017,0.1869,False,True,False,False,hard
dtest_case_0032,dtest_case_0032_t2,step_t2_0032,t2,dtest,gemini-pro,0.3911,0.2289,0.1622,0.8562,0.7869,0.3552,0.0226,0.0438,False,True,False,False,hard
dtest_case_0033,dtest_case_0033_t1,step_t1_0033,t1,dtest,gemini-pro,0.556,0.2891,0.2669,0.4091,0.1536,-0.2646,0.4912,0.3537,False,False,False,False,hard
dtest_case_0033,dtest_case_0033_t2,step_t2_0033,t2,dtest,gemini-pro,0.9451,0.556,0.3891,0.3845,0.3683,0.1008,0.4189,0.0922,False,False,False,False,hard
dtest_case_0034,dtest_case_0034_t1,step_t1_0034,t1,dtest,codellama,0.5542,0.0617,0.4925,0.2228,0.0647,-0.1171,0.4131,0.3203,False,True,False,False,complex
dtest_case_0035,dtest_case_0035_t0,step_t0_0035,t0,dtest,claude-3,0.2573,0.1677,0.0896,0.8338,0.1541,0.1576,0.2456,0.3985,False,False,False,False,hard
dtest_case_0035,dtest_case_0035_t2,step_t2_0035,t2,dtest,claude-3,0.7085,0.2573,0.4512,0.3303,0.1433,-0.0826,0.4475,0.3441,False,True,False,False,hard
dtest_case_0036,dtest_case_0036_t1,step_t1_0036,t1,dtest,codellama,0.2065,0.1182,0.0883,0.8168,0.6178,0.3261,0.0177,0.1316,False,False,False,False,complex
dtest_case_0036,dtest_case_0036_t2,step_t2_0036,t2,dtest,codellama,0.3441,0.2065,0.1376,0.7485,0.6853,-0.0975,0.3479,0.0195,False,True,False,False,complex
dtest_case_0037,dtest_case_0037_t1,step_t1_0037,t1,dtest,claude-3,0.4348,0.0774,0.3574,0.9631,0.9966,-0.0692,0.4415,0.2064,False,False,False,False,easy
dtest_case_0037,dtest_case_0037_t2,step_t2_0037,t2,dtest,claude-3,0.2785,0.4348,-0.1563,0.8817,0.7458,0.3322,0.367,0.2085,False,False,False,False,easy
dtest_case_0038,dtest_case_0038_t1,step_t1_0038,t1,dtest,codellama,0.1481,0.0893,0.0588,0.7061,0.1836,0.0193,0.465,0.0423,False,True,False,False,medium
dtest_case_0038,dtest_case_0038_t2,step_t2_0038,t2,dtest,codellama,0.5851,0.1481,0.437,0.4467,0.2064,-0.3138,0.4395,0.0021,False,True,False,False,medium
dtest_case_0039,dtest_case_0039_t1,step_t1_0039,t1,dtest,gemini-pro,0.9089,0.0503,0.8586,0.3003,0.3527,-0.3965,0.0966,0.0336,True,True,False,False,easy
dtest_case_0039,dtest_case_0039_t2,step_t2_0039,t2,dtest,gemini-pro,0.5521,0.9089,-0.3568,0.2195,0.2172,0.3093,0.0642,0.1133,False,True,False,False,easy
dtest_case_0040,dtest_case_0040_t1,step_t1_0040,t1,dtest,mistral,0.2229,0.26,-0.0371,0.7873,0.6718,0.2768,0.3944,0.0695,False,False,False,False,hard
dtest_case_0041,dtest_case_0041_t1,step_t1_0041,t1,dtest,codellama,0.4289,0.0916,0.3373,0.9198,0.3334,0.1368,0.029,0.0299,False,False,False,False,complex
dtest_case_0041,dtest_case_0041_t2,step_t2_0041,t2,dtest,codellama,0.9456,0.4289,0.5167,0.3542,0.2427,-0.241,0.2972,0.1534,True,False,False,False,complex
dtest_case_0042,dtest_case_0042_t1,step_t1_0042,t1,dtest,claude-3,0.1987,0.2547,-0.056,0.7384,0.6004,-0.0205,0.2343,0.3777,False,True,False,False,medium
dtest_case_0042,dtest_case_0042_t2,step_t2_0042,t2,dtest,claude-3,0.3917,0.1987,0.193,0.8345,0.628,0.0492,0.42,0.3091,False,True,False,False,medium
dtest_case_0043,dtest_case_0043_t0,step_t0_0043,t0,dtest,claude-3,0.1025,0.0,0.1025,0.9871,0.0625,0.2656,0.4548,0.3429,False,False,False,False,complex
dtest_case_0044,dtest_case_0044_t0,step_t0_0044,t0,dtest,gemini-pro,0.354,0.2877,0.0663,0.7592,0.7283,0.2622,0.3729,0.0801,False,False,False,False,easy
dtest_case_0044,dtest_case_0044_t2,step_t2_0044,t2,dtest,gemini-pro,0.336,0.354,-0.018,0.847,0.7291,0.1716,0.0796,0.0815,False,True,False,False,easy
dtest_case_0045,dtest_case_0045_t1,step_t1_0045,t1,dtest,claude-3,0.1115,0.1634,-0.0519,0.8356,0.0571,0.2984,0.1471,0.3647,False,False,False,False,complex
dtest_case_0045,dtest_case_0045_t2,step_t2_0045,t2,dtest,claude-3,0.5835,0.1115,0.472,0.2579,0.2576,-0.2607,0.3037,0.099,False,True,False,False,complex
dtest_case_0046,dtest_case_0046_t1,step_t1_0046,t1,dtest,gpt-4,0.1143,0.2129,-0.0986,0.7641,0.2861,0.1166,0.4922,0.0598,False,True,False,False,medium
dtest_case_0046,dtest_case_0046_t2,step_t2_0046,t2,dtest,gpt-4,0.8062,0.1143,0.6919,0.228,0.0,-0.2112,0.3285,0.3028,False,False,False,False,medium
dtest_case_0047,dtest_case_0047_t1,step_t1_0047,t1,dtest,mistral,0.3397,0.2373,0.1024,0.7011,0.6411,0.1855,0.0092,0.1929,False,True,False,False,easy
dtest_case_0048,dtest_case_0048_t2,step_t2_0048,t2,dtest,codellama,0.6557,0.244,0.4117,0.4736,0.4555,0.1671,0.4413,0.033,False,False,False,False,medium
dtest_case_0049,dtest_case_0049_t0,step_t0_0049,t0,dtest,mistral,0.1931,0.1448,0.0483,0.9921,0.6803,0.2466,0.4107,0.0165,False,True,False,False,medium
dtest_case_0050,dtest_case_0050_t2,step_t2_0050,t2,dtest,gemini-pro,0.9282,0.0811,0.8471,0.4533,0.3046,-0.2534,0.3065,0.1195,False,False,False,False,medium
dtest_case_0051,dtest_case_0051_t0,step_t0_0051,t0,dtest,codellama,0.7814,0.6639,0.1175,0.3255,0.2438,-0.2357,0.2765,0.239,False,True,False,False,medium
dtest_case_0051,dtest_case_0051_t1,step_t1_0051,t1,dtest,codellama,0.5183,0.7814,-0.2631,0.1238,0.2254,0.2624,0.2966,0.2601,False,True,False,False,medium
dtest_case_0053,dtest_case_0053_t0,step_t0_0053,t0,dtest,gpt-4,0.2963,0.2469,0.0494,0.8146,0.3477,0.3359,0.2168,0.0175,False,True,False,False,hard
dtest_case_0054,dtest_case_0054_t1,step_t1_0054,t1,dtest,gemini-pro,0.5094,0.2133,0.2961,0.1995,0.267,0.1466,0.0408,0.1613,False,True,False,False,medium
dtest_case_0055,dtest_case_0055_t0,step_t0_0055,t0,dtest,claude-3,0.2174,0.1869,0.0305,0.9442,0.1197,0.3804,0.208,0.3385,False,True,False,False,hard
dtest_case_0055,dtest_case_0055_t2,step_t2_0055,t2,dtest,claude-3,0.8309,0.2174,0.6135,0.3955,0.2693,0.1717,0.257,0.2352,False,True,False,False,hard
dtest_case_0056,dtest_case_0056_t1,step_t1_0056,t1,dtest,gpt-4,0.2082,0.2015,0.0067,0.8592,0.3672,0.2275,0.4961,0.1135,False,True,False,True,hard
dtest_case_0056,dtest_case_0056_t2,step_t2_0056,t2,dtest,gpt-4,0.6727,0.2082,0.4645,0.2596,0.0506,-0.4057,0.388,0.1621,False,True,False,True,hard
dtest_case_0057,dtest_case_0057_t0,step_t0_0057,t0,dtest,gpt-4,0.1991,0.1222,0.0769,0.7946,0.6277,0.1186,0.0487,0.162,False,True,False,False,medium
dtest_case_0057,dtest_case_0057_t1,step_t1_0057,t1,dtest,gpt-4,0.2818,0.1991,0.0827,0.8819,0.6381,0.2261,0.1561,0.1596,False,False,False,False,medium
dtest_case_0058,dtest_case_0058_t2,step_t2_0058,t2,dtest,mistral,0.5041,0.1971,0.307,0.3194,0.2202,0.0185,0.1173,0.3535,False,True,False,False,medium
dtest_case_0059,dtest_case_0059_t0,step_t0_0059,t0,dtest,mistral,0.1824,0.1151,0.0673,0.8843,0.1083,0.1247,0.2939,0.3794,False,True,False,False,easy
dtest_case_0059,dtest_case_0059_t2,step_t2_0059,t2,dtest,mistral,0.6617,0.1824,0.4793,0.2207,0.0693,0.0784,0.2668,0.3127,False,True,False,False,easy
dtest_case_0060,dtest_case_0060_t0,step_t0_0060,t0,dtest,mistral,0.2285,0.0989,0.1296,0.8453,0.266,-0.0829,0.4933,0.0492,False,True,False,False,medium
dtest_case_0060,dtest_case_0060_t2,step_t2_0060,t2,dtest,mistral,0.5233,0.2285,0.2948,0.338,0.2818,-0.01,0.0443,0.0413,False,True,False,False,medium
dtest_case_0062,dtest_case_0062_t0,step_t0_0062,t0,dtest,claude-3,0.3253,0.2657,0.0596,0.818,0.8744,-0.0913,0.1616,0.3892,False,True,False,False,medium
dtest_case_0063,dtest_case_0063_t0,step_t0_0063,t0,dtest,codellama,0.1517,0.0734,0.0783,0.7699,0.2629,-0.0371,0.0664,0.0574,False,False,False,False,hard
dtest_case_0063,dtest_case_0063_t2,step_t2_0063,t2,dtest,codellama,0.8298,0.1517,0.6781,0.1231,0.076,0.2654,0.0781,0.0938,False,False,False,False,hard
dtest_case_0064,dtest_case_0064_t0,step_t0_0064,t0,dtest,mistral,0.6149,0.5157,0.0992,0.4904,0.1997,-0.493,0.1221,0.3324,False,False,False,False,hard
dtest_case_0065,dtest_case_0065_t1,step_t1_0065,t1,dtest,claude-3,0.5509,0.2489,0.302,0.4634,0.2902,0.3704,0.4134,0.2668,False,True,False,False,easy
dtest_case_0065,dtest_case_0065_t2,step_t2_0065,t2,dtest,claude-3,0.6569,0.5509,0.106,0.1217,0.0,0.0591,0.4332,0.3973,False,False,False,False,easy
dtest_case_0066,dtest_case_0066_t1,step_t1_0066,t1,dtest,gemini-pro,0.0862,0.1222,-0.036,0.6882,0.8602,0.2826,0.4628,0.1753,False,False,False,False,hard
dtest_case_0066,dtest_case_0066_t2,step_t2_0066,t2,dtest,gemini-pro,0.4012,0.0862,0.315,0.761,0.5438,0.0878,0.1484,0.2596,False,True,False,False,hard
dtest_case_0067,dtest_case_0067_t0,step_t0_0067,t0,dtest,mistral,0.3021,0.2106,0.0915,0.8472,0.7522,0.1742,0.2982,0.2183,False,True,False,False,medium
dtest_case_0067,dtest_case_0067_t2,step_t2_0067,t2,dtest,mistral,0.0559,0.3021,-0.2462,0.8555,0.8134,0.2213,0.3797,0.2002,False,True,False,False,medium
dtest_case_0068,dtest_case_0068_t0,step_t0_0068,t0,dtest,codellama,0.4306,0.3035,0.1271,0.97,0.9255,-0.0455,0.0745,0.2106,False,True,False,False,complex
dtest_case_0068,dtest_case_0068_t2,step_t2_0068,t2,dtest,codellama,0.2407,0.4306,-0.1899,0.788,0.6506,0.2734,0.3577,0.2085,False,False,False,False,complex
dtest_case_0069,dtest_case_0069_t0,step_t0_0069,t0,dtest,gemini-pro,0.2223,0.0878,0.1345,0.6749,0.4319,0.2273,0.19,0.0789,False,True,False,False,medium
dtest_case_0069,dtest_case_0069_t1,step_t1_0069,t1,dtest,gemini-pro,0.5876,0.2223,0.3653,0.1248,0.2969,-0.2908,0.335,0.3718,False,True,False,False,medium
dtest_case_0070,dtest_case_0070_t0,step_t0_0070,t0,dtest,gemini-pro,0.0859,0.0,0.0859,0.79,0.4407,0.3116,0.2612,0.0493,False,False,False,False,complex
dtest_case_0070,dtest_case_0070_t1,step_t1_0070,t1,dtest,gemini-pro,0.8599,0.0859,0.774,0.1331,0.1681,-0.1826,0.0926,0.3671,False,True,False,False,complex
dtest_case_0071,dtest_case_0071_t1,step_t1_0071,t1,dtest,codellama,0.3763,0.1434,0.2329,0.8343,0.6449,-0.0987,0.319,0.2061,False,True,False,False,hard
dtest_case_0072,dtest_case_0072_t0,step_t0_0072,t0,dtest,mistral,0.3675,0.2705,0.097,0.7112,0.7443,0.3529,0.385,0.2227,False,True,False,False,easy
dtest_case_0072,dtest_case_0072_t1,step_t1_0072,t1,dtest,mistral,0.1708,0.3675,-0.1967,0.9062,0.9405,0.2357,0.4048,0.3067,False,True,False,False,easy
dtest_case_0073,dtest_case_0073_t0,step_t0_0073,t0,dtest,gpt-4,0.2196,0.1967,0.0229,0.7323,0.9477,0.1364,0.2677,0.0714,False,True,False,False,hard
dtest_case_0073,dtest_case_0073_t1,step_t1_0073,t1,dtest,gpt-4,0.1421,0.2196,-0.0775,0.7222,0.3052,0.0284,0.316,0.0234,False,True,False,False,hard
dtest_case_0074,dtest_case_0074_t1,step_t1_0074,t1,dtest,codellama,0.6235,0.1993,0.4242,0.3541,0.2271,0.1229,0.3623,0.0063,False,True,False,False,complex
dtest_case_0074,dtest_case_0074_t2,step_t2_0074,t2,dtest,codellama,0.8684,0.6235,0.2449,0.3214,0.2371,0.3528,0.3863,0.106,False,True,False,False,complex
dtest_case_0075,dtest_case_0075_t0,step_t0_0075,t0,dtest,codellama,0.2883,0.2281,0.0602,0.7784,0.1874,0.2086,0.2212,0.3327,False,True,False,False,hard
dtest_case_0075,dtest_case_0075_t1,step_t1_0075,t1,dtest,codellama,0.5315,0.2883,0.2432,0.3381,0.1585,-0.2629,0.3401,0.0923,False,True,False,False,hard
dtest_case_0076,dtest_case_0076_t0,step_t0_0076,t0,dtest,codellama,0.5236,0.4668,0.0568,0.2133,0.4482,-0.3215,0.1668,0.2322,True,False,False,False,complex
dtest_case_0076,dtest_case_0076_t2,step_t2_0076,t2,dtest,codellama,0.7857,0.5236,0.2621,0.3897,0.3471,0.1047,0.2113,0.3287,False,True,False,False,complex
dtest_case_0077,dtest_case_0077_t0,step_t0_0077,t0,dtest,gemini-pro,0.1703,0.0231,0.1472,0.8162,0.753,-0.0401,0.4871,0.008,False,True,False,False,complex
dtest_case_0077,dtest_case_0077_t2,step_t2_0077,t2,dtest,gemini-pro,0.3574,0.1703,0.1871,0.7353,0.5674,-0.0535,0.1285,0.3152,False,False,False,False,complex
dtest_case_0078,dtest_case_0078_t0,step_t0_0078,t0,dtest,claude-3,0.7738,0.6978,0.076,0.1217,0.0752,-0.4529,0.1137,0.1367,False,True,False,False,medium
dtest_case_0078,dtest_case_0078_t2,step_t2_0078,t2,dtest,claude-3,0.6076,0.7738,-0.1662,0.2794,0.0731,0.0399,0.4712,0.3493,False,True,False,False,medium
dtest_case_0079,dtest_case_0079_t0,step_t0_0079,t0,dtest,gpt-4,0.3645,0.2783,0.0862,0.8483,0.7564,0.1506,0.1986,0.2159,False,True,False,False,medium
dtest_case_0079,dtest_case_0079_t1,step_t1_0079,t1,dtest,gpt-4,0.3197,0.3645,-0.0448,0.8364,0.8886,-0.0294,0.106,0.3275,False,True,False,False,medium
dtest_case_0081,dtest_case_0081_t1,step_t1_0081,t1,dtest,mistral,0.5103,0.0884,0.4219,0.1506,0.4329,-0.2708,0.4664,0.2301,False,True,False,False,medium
dtest_case_0081,dtest_case_0081_t2,step_t2_0081,t2,dtest,mistral,0.7729,0.5103,0.2626,0.1126,0.0,0.3147,0.1588,0.3811,False,False,False,False,medium
dtest_case_0082,dtest_case_0082_t1,step_t1_0082,t1,dtest,claude-3,0.7998,0.0804,0.7194,0.2652,0.2524,-0.407,0.04,0.3107,True,True,False,False,complex
dtest_case_0082,dtest_case_0082_t2,step_t2_0082,t2,dtest,claude-3,0.9214,0.7998,0.1216,0.4442,0.3748,0.3257,0.0002,0.0071,False,True,False,False,complex
dtest_case_0084,dtest_case_0084_t0,step_t0_0084,t0,dtest,gpt-4,0.1959,0.1379,0.058,0.8476,0.6767,0.0059,0.2423,0.3017,False,True,False,False,medium
dtest_case_0084,dtest_case_0084_t2,step_t2_0084,t2,dtest,gpt-4,0.6338,0.1959,0.4379,0.2437,0.201,-0.4701,0.3913,0.1062,True,True,False,False,medium
dtest_case_0085,dtest_case_0085_t1,step_t1_0085,t1,dtest,mistral,0.7781,0.2083,0.5698,0.153,0.1431,-0.4117,0.0869,0.2623,False,True,False,False,medium
dtest_case_0085,dtest_case_0085_t2,step_t2_0085,t2,dtest,mistral,0.8564,0.7781,0.0783,0.2322,0.0687,0.0771,0.2628,0.1927,False,True,False,False,medium
dtest_case_0086,dtest_case_0086_t1,step_t1_0086,t1,dtest,mistral,0.2048,0.291,-0.0862,0.737,0.1035,0.1093,0.3952,0.2329,False,True,False,False,hard
dtest_case_0086,dtest_case_0086_t2,step_t2_0086,t2,dtest,mistral,0.5854,0.2048,0.3806,0.3285,0.2476,-0.1663,0.3146,0.0795,True,True,False,False,hard
dtest_case_0088,dtest_case_0088_t0,step_t0_0088,t0,dtest,claude-3,0.1986,0.1587,0.0399,0.8761,0.2497,0.033,0.0746,0.0509,False,False,False,False,complex
dtest_case_0089,dtest_case_0089_t1,step_t1_0089,t1,dtest,gpt-4,0.1474,0.2129,-0.0655,0.9337,0.2956,0.3298,0.1962,0.3825,False,True,False,False,medium
dtest_case_0089,dtest_case_0089_t2,step_t2_0089,t2,dtest,gpt-4,0.546,0.1474,0.3986,0.3464,0.1107,-0.1764,0.0382,0.1117,False,True,False,False,medium
dtest_case_0090,dtest_case_0090_t0,step_t0_0090,t0,dtest,claude-3,0.3625,0.2387,0.1238,0.8234,0.7545,0.1251,0.1135,0.3558,False,True,False,False,hard
dtest_case_0090,dtest_case_0090_t2,step_t2_0090,t2,dtest,claude-3,0.403,0.3625,0.0405,0.687,0.4399,0.1216,0.0239,0.0152,False,True,False,False,hard
dtest_case_0091,dtest_case_0091_t1,step_t1_0091,t1,dtest,claude-3,0.7966,0.2505,0.5461,0.0974,0.0642,-0.2966,0.1938,0.1848,False,False,False,False,easy
dtest_case_0092,dtest_case_0092_t0,step_t0_0092,t0,dtest,gpt-4,0.4269,0.3093,0.1176,0.7742,0.7649,0.1748,0.4153,0.0275,False,True,False,False,hard
dtest_case_0092,dtest_case_0092_t1,step_t1_0092,t1,dtest,gpt-4,0.083,0.4269,-0.3439,0.8301,0.9596,0.2912,0.1139,0.3904,False,True,False,False,hard
dtest_case_0093,dtest_case_0093_t0,step_t0_0093,t0,dtest,gpt-4,0.5047,0.4664,0.0383,0.1673,0.0777,-0.1161,0.2391,0.3583,True,True,False,False,medium
dtest_case_0093,dtest_case_0093_t1,step_t1_0093,t1,dtest,gpt-4,0.7135,0.5047,0.2088,0.1013,0.2444,0.3601,0.2604,0.2466,False,True,False,False,medium
dtest_case_0096,dtest_case_0096_t0,step_t0_0096,t0,dtest,gpt-4,0.0675,0.0509,0.0166,0.8595,0.088,0.088,0.275,0.1555,False,True,False,False,hard
dtest_case_0096,dtest_case_0096_t2,step_t2_0096,t2,dtest,gpt-4,0.6232,0.0675,0.5557,0.4677,0.2987,0.148,0.0064,0.397,False,True,False,False,hard
dtest_case_0097,dtest_case_0097_t1,step_t1_0097,t1,dtest,gemini-pro,0.6426,0.2698,0.3728,0.1663,0.2676,-0.2456,0.1105,0.3914,False,True,False,False,complex
dtest_case_0097,dtest_case_0097_t2,step_t2_0097,t2,dtest,gemini-pro,0.5813,0.6426,-0.0613,0.0742,0.0,0.2766,0.1347,0.2158,False,True,False,False,complex
dtest_case_0098,dtest_case_0098_t0,step_t0_0098,t0,dtest,mistral,0.0932,0.0,0.0932,0.6822,0.9861,0.1442,0.0753,0.137,False,True,False,False,medium
dtest_case_0099,dtest_case_0099_t0,step_t0_0099,t0,dtest,gemini-pro,0.3533,0.2418,0.1115,0.8642,0.6424,-0.0242,0.0469,0.2309,False,False,False,False,easy
dtest_case_0100,dtest_case_0100_t1,step_t1_0100,t1,dtest,gpt-4,0.2235,0.0902,0.1333,0.8453,0.9247,0.2709,0.4407,0.1112,False,True,False,False,easy
dtest_case_0101,dtest_case_0101_t1,step_t1_0101,t1,dtest,mistral,0.8959,0.2144,0.6815,0.1899,0.3469,0.3076,0.3075,0.2752,False,True,False,False,hard
dtest_case_0101,dtest_case_0101_t2,step_t2_0101,t2,dtest,mistral,0.7424,0.8959,-0.1535,0.2859,0.0739,0.32,0.4163,0.0044,False,True,False,False,hard
dtest_case_0102,dtest_case_0102_t0,step_t0_0102,t0,dtest,claude-3,0.8414,0.7396,0.1018,0.3903,0.3868,-0.3119,0.251,0.0499,False,True,False,True,hard
dtest_case_0103,dtest_case_0103_t0,step_t0_0103,t0,dtest,gpt-4,0.3622,0.3296,0.0326,0.6982,0.8652,-0.0991,0.0892,0.0116,False,True,False,False,hard
dtest_case_0103,dtest_case_0103_t2,step_t2_0103,t2,dtest,gpt-4,0.5816,0.3622,0.2194,0.2245,0.1239,-0.1503,0.2551,0.2894,True,True,False,False,hard
dtest_case_0104,dtest_case_0104_t1,step_t1_0104,t1,dtest,codellama,0.8163,0.0632,0.7531,0.269,0.2897,-0.2591,0.0115,0.1288,False,True,False,False,medium
dtest_case_0104,dtest_case_0104_t2,step_t2_0104,t2,dtest,codellama,0.8129,0.8163,-0.0034,0.3857,0.1402,0.0049,0.4126,0.2081,False,True,False,False,medium
dtest_case_0105,dtest_case_0105_t2,step_t2_0105,t2,dtest,gemini-pro,0.5551,0.2339,0.3212,0.1561,0.0632,-0.0687,0.4007,0.3066,False,True,False,False,medium
dtest_case_0106,dtest_case_0106_t1,step_t1_0106,t1,dtest,gpt-4,0.6347,0.0934,0.5413,0.3369,0.2485,-0.4287,0.343,0.3965,False,True,False,False,hard
dtest_case_0107,dtest_case_0107_t1,step_t1_0107,t1,dtest,gpt-4,0.9276,0.1007,0.8269,0.3045,0.4419,-0.4339,0.3501,0.2343,False,True,False,False,medium
dtest_case_0107,dtest_case_0107_t2,step_t2_0107,t2,dtest,gpt-4,0.9183,0.9276,-0.0093,0.4022,0.3882,0.3264,0.1128,0.1508,False,True,False,False,medium
dtest_case_0108,dtest_case_0108_t0,step_t0_0108,t0,dtest,mistral,0.2424,0.1771,0.0653,0.9781,0.8824,0.2156,0.0249,0.3616,False,False,False,True,complex
dtest_case_0108,dtest_case_0108_t1,step_t1_0108,t1,dtest,mistral,0.3621,0.2424,0.1197,0.6525,0.6229,0.0126,0.0657,0.1595,False,False,False,True,complex
dtest_case_0109,dtest_case_0109_t0,step_t0_0109,t0,dtest,mistral,0.2388,0.2368,0.002,0.749,0.6178,-0.0819,0.1379,0.1102,False,False,False,False,easy
dtest_case_0109,dtest_case_0109_t2,step_t2_0109,t2,dtest,mistral,0.4399,0.2388,0.2011,0.7799,0.6727,0.3224,0.1341,0.0626,False,False,False,False,easy
dtest_case_0110,dtest_case_0110_t1,step_t1_0110,t1,dtest,mistral,0.0686,0.2049,-0.1363,0.8467,0.7384,0.0576,0.3859,0.0346,False,True,False,False,hard
dtest_case_0110,dtest_case_0110_t2,step_t2_0110,t2,dtest,mistral,0.343,0.0686,0.2744,0.8419,0.8099,0.3411,0.1967,0.3311,False,False,False,False,hard
dtest_case_0111,dtest_case_0111_t0,step_t0_0111,t0,dtest,codellama,0.2998,0.2256,0.0742,0.9928,0.658,0.2626,0.0956,0.1353,False,True,False,False,medium
dtest_case_0111,dtest_case_0111_t2,step_t2_0111,t2,dtest,codellama,0.4288,0.2998,0.129,0.9886,0.9428,-0.089,0.36,0.1672,False,True,False,False,medium
dtest_case_0112,dtest_case_0112_t1,step_t1_0112,t1,dtest,mistral,0.8077,0.1863,0.6214,0.4912,0.141,-0.3384,0.2713,0.3167,False,True,False,True,medium
dtest_case_0112,dtest_case_0112_t2,step_t2_0112,t2,dtest,mistral,0.6018,0.8077,-0.2059,0.4311,0.3239,-0.0295,0.3321,0.0864,False,True,False,True,medium
dtest_case_0113,dtest_case_0113_t0,step_t0_0113,t0,dtest,gpt-4,0.3948,0.3258,0.069,0.9122,0.7162,0.2935,0.056,0.1424,False,False,False,False,hard
dtest_case_0113,dtest_case_0113_t2,step_t2_0113,t2,dtest,gpt-4,0.8573,0.3948,0.4625,0.2738,0.1889,-0.1511,0.2724,0.3034,False,True,False,False,hard
dtest_case_0114,dtest_case_0114_t0,step_t0_0114,t0,dtest,mistral,0.1005,0.0016,0.0989,0.7066,0.1522,0.3733,0.2801,0.3003,False,True,False,False,hard
dtest_case_0114,dtest_case_0114_t2,step_t2_0114,t2,dtest,mistral,0.7486,0.1005,0.6481,0.0924,0.0065,0.0412,0.1954,0.3193,False,True,False,False,hard
dtest_case_0115,dtest_case_0115_t0,step_t0_0115,t0,dtest,claude-3,0.2307,0.1711,0.0596,0.6827,0.2264,-0.0022,0.0934,0.0376,False,True,False,False,complex
dtest_case_0115,dtest_case_0115_t1,step_t1_0115,t1,dtest,claude-3,0.8409,0.2307,0.6102,0.1744,0.1749,-0.2429,0.0979,0.3588,False,True,False,False,complex
dtest_case_0116,dtest_case_0116_t0,step_t0_0116,t0,dtest,mistral,0.2731,0.2482,0.0249,0.8647,0.7452,0.3486,0.0844,0.2028,False,True,False,False,easy
dtest_case_0116,dtest_case_0116_t1,step_t1_0116,t1,dtest,mistral,0.0634,0.2731,-0.2097,0.7773,0.3431,0.3102,0.1566,0.3194,False,False,False,False,easy
dtest_case_0117,dtest_case_0117_t1,step_t1_0117,t1,dtest,codellama,0.3927,0.0794,0.3133,0.9089,0.7279,0.3942,0.2427,0.049,False,True,False,False,easy
dtest_case_0117,dtest_case_0117_t2,step_t2_0117,t2,dtest,codellama,0.1792,0.3927,-0.2135,0.999,0.7541,0.2281,0.0649,0.2747,False,True,False,False,easy
dtest_case_0118,dtest_case_0118_t0,step_t0_0118,t0,dtest,claude-3,0.0617,0.0,0.0617,0.7234,0.7516,0.3867,0.1684,0.1186,False,False,False,True,hard
dtest_case_0118,dtest_case_0118_t2,step_t2_0118,t2,dtest,claude-3,0.5498,0.0617,0.4881,0.3918,0.1448,-0.1395,0.3258,0.1256,True,False,False,True,hard
dtest_case_0119,dtest_case_0119_t0,step_t0_0119,t0,dtest,gpt-4,0.8959,0.8171,0.0788,0.16,0.0952,-0.4651,0.3595,0.168,False,True,False,False,hard
dtest_case_0119,dtest_case_0119_t1,step_t1_0119,t1,dtest,gpt-4,0.5861,0.8959,-0.3098,0.3262,0.2242,0.1886,0.369,0.3225,False,False,False,False,hard
dtest_case_0120,dtest_case_0120_t0,step_t0_0120,t0,dtest,gpt-4,0.6143,0.6096,0.0047,0.3827,0.0925,-0.374,0.0019,0.2727,True,True,False,False,medium
dtest_case_0120,dtest_case_0120_t1,step_t1_0120,t1,dtest,gpt-4,0.9463,0.6143,0.332,0.0827,0.0808,0.0702,0.4332,0.0862,False,True,False,False,medium
dtest_case_0121,dtest_case_0121_t2,step_t2_0121,t2,dtest,gemini-pro,0.5308,0.2408,0.29,0.2337,0.0439,0.3518,0.1164,0.323,False,True,False,True,easy
dtest_case_0122,dtest_case_0122_t1,step_t1_0122,t1,dtest,claude-3,0.9045,0.2127,0.6918,0.4434,0.0501,-0.4324,0.1949,0.1518,True,True,False,False,easy
dtest_case_0122,dtest_case_0122_t2,step_t2_0122,t2,dtest,claude-3,0.558,0.9045,-0.3465,0.2357,0.0351,0.1395,0.009,0.1686,False,True,False,False,easy
dtest_case_0123,dtest_case_0123_t0,step_t0_0123,t0,dtest,gemini-pro,0.4365,0.4174,0.0191,0.8977,0.9891,0.313,0.3497,0.3358,False,False,False,False,complex
dtest_case_0123,dtest_case_0123_t2,step_t2_0123,t2,dtest,gemini-pro,0.2985,0.4365,-0.138,0.8457,0.6886,0.1663,0.3175,0.1799,False,True,False,False,complex
dtest_case_0124,dtest_case_0124_t0,step_t0_0124,t0,dtest,claude-3,0.0981,0.0878,0.0103,0.7422,0.0684,0.1836,0.1419,0.3298,False,True,False,False,medium
dtest_case_0124,dtest_case_0124_t1,step_t1_0124,t1,dtest,claude-3,0.6019,0.0981,0.5038,0.3786,0.2895,-0.4742,0.4386,0.3509,True,True,False,False,medium
dtest_case_0125,dtest_case_0125_t0,step_t0_0125,t0,dtest,claude-3,0.4456,0.3517,0.0939,0.836,0.3853,0.0426,0.2146,0.1071,False,False,False,False,medium
dtest_case_0125,dtest_case_0125_t1,step_t1_0125,t1,dtest,claude-3,0.758,0.4456,0.3124,0.3465,0.1509,-0.4119,0.2442,0.295,False,True,False,False,medium
dtest_case_0127,dtest_case_0127_t0,step_t0_0127,t0,dtest,gemini-pro,0.3974,0.3877,0.0097,0.9845,0.6101,0.2472,0.0411,0.3643,False,True,False,False,medium
dtest_case_0127,dtest_case_0127_t1,step_t1_0127,t1,dtest,gemini-pro,0.105,0.3974,-0.2924,0.7693,0.1159,-0.0147,0.4741,0.1781,False,False,False,False,medium
dtest_case_0128,dtest_case_0128_t2,step_t2_0128,t2,dtest,codellama,0.3058,0.2191,0.0867,0.6961,0.6376,0.2934,0.4854,0.1051,False,True,False,False,easy
dtest_case_0129,dtest_case_0129_t0,step_t0_0129,t0,dtest,claude-3,0.2392,0.0916,0.1476,0.7441,0.2128,0.3457,0.0015,0.0159,False,True,False,False,hard
dtest_case_0129,dtest_case_0129_t2,step_t2_0129,t2,dtest,claude-3,0.9083,0.2392,0.6691,0.1575,0.0401,0.1252,0.2365,0.249,False,True,False,False,hard
dtest_case_0130,dtest_case_0130_t2,step_t2_0130,t2,dtest,gpt-4,0.229,0.1686,0.0604,0.8568,0.7225,0.3271,0.0247,0.3333,False,False,False,False,easy
dtest_case_0131,dtest_case_0131_t1,step_t1_0131,t1,dtest,claude-3,0.164,0.1657,-0.0017,0.8035,0.6874,0.0984,0.0222,0.1111,False,False,False,False,complex
dtest_case_0131,dtest_case_0131_t2,step_t2_0131,t2,dtest,claude-3,0.1638,0.164,-0.0002,0.9364,0.8035,0.3399,0.2874,0.0119,False,True,False,False,complex
dtest_case_0132,dtest_case_0132_t0,step_t0_0132,t0,dtest,codellama,0.0679,0.0003,0.0676,0.9753,0.6661,0.0949,0.3649,0.3529,False,True,False,False,medium
dtest_case_0132,dtest_case_0132_t1,step_t1_0132,t1,dtest,codellama,0.1533,0.0679,0.0854,0.8861,0.7187,0.2592,0.477,0.2886,False,False,False,False,medium
dtest_case_0133,dtest_case_0133_t0,step_t0_0133,t0,dtest,gemini-pro,0.0508,0.0,0.0508,0.9404,0.6162,0.3358,0.1283,0.2661,False,False,False,False,hard
dtest_case_0133,dtest_case_0133_t2,step_t2_0133,t2,dtest,gemini-pro,0.3151,0.0508,0.2643,0.6823,0.5332,0.1748,0.4502,0.1617,False,True,False,False,hard
dtest_case_0134,dtest_case_0134_t2,step_t2_0134,t2,dtest,gemini-pro,0.3499,0.1532,0.1967,0.8761,0.7145,0.344,0.2993,0.2009,False,True,False,False,complex
dtest_case_0135,dtest_case_0135_t2,step_t2_0135,t2,dtest,codellama,0.5521,0.0886,0.4635,0.1273,0.0,0.2705,0.265,0.3316,False,False,False,False,hard
dtest_case_0136,dtest_case_0136_t1,step_t1_0136,t1,dtest,gemini-pro,0.378,0.2237,0.1543,0.8364,0.7795,-0.0578,0.1997,0.3641,False,False,False,True,hard
dtest_case_0136,dtest_case_0136_t2,step_t2_0136,t2,dtest,gemini-pro,0.1364,0.378,-0.2416,0.8133,0.6091,-0.0663,0.1937,0.3407,False,True,False,True,hard
dtest_case_0137,dtest_case_0137_t0,step_t0_0137,t0,dtest,mistral,0.5349,0.4535,0.0814,0.4378,0.2861,-0.4095,0.1921,0.18,False,False,False,False,medium
dtest_case_0137,dtest_case_0137_t1,step_t1_0137,t1,dtest,mistral,0.5445,0.5349,0.0096,0.4503,0.0549,0.085,0.0137,0.1572,False,True,False,False,medium
dtest_case_0138,dtest_case_0138_t1,step_t1_0138,t1,dtest,gpt-4,0.7303,0.0914,0.6389,0.3406,0.0679,-0.1952,0.4733,0.1359,False,True,False,False,medium
dtest_case_0139,dtest_case_0139_t0,step_t0_0139,t0,dtest,gpt-4,0.0527,0.0,0.0527,0.9271,0.2884,-0.0494,0.4236,0.2124,False,False,False,False,hard
dtest_case_0139,dtest_case_0139_t2,step_t2_0139,t2,dtest,gpt-4,0.7611,0.0527,0.7084,0.3019,0.2756,-0.0163,0.486,0.0914,False,False,False,False,hard
dtest_case_0141,dtest_case_0141_t0,step_t0_0141,t0,dtest,gemini-pro,0.2628,0.2424,0.0204,0.6848,0.6835,0.3628,0.2071,0.1582,False,True,False,False,hard
dtest_case_0141,dtest_case_0141_t1,step_t1_0141,t1,dtest,gemini-pro,0.1088,0.2628,-0.154,0.8207,0.102,0.3177,0.1852,0.1499,False,True,False,False,hard
dtest_case_0142,dtest_case_0142_t1,step_t1_0142,t1,dtest,gemini-pro,0.6999,0.2987,0.4012,0.2954,0.0853,0.2034,0.0758,0.0124,False,False,False,False,hard
dtest_case_0142,dtest_case_0142_t2,step_t2_0142,t2,dtest,gemini-pro,0.8481,0.6999,0.1482,0.491,0.3715,0.1661,0.0842,0.0988,False,False,False,False,hard
dtest_case_0143,dtest_case_0143_t1,step_t1_0143,t1,dtest,claude-3,0.6603,0.2567,0.4036,0.3691,0.1209,-0.297,0.3387,0.094,False,True,False,False,hard
dtest_case_0143,dtest_case_0143_t2,step_t2_0143,t2,dtest,claude-3,0.5744,0.6603,-0.0859,0.3123,0.0624,-0.0247,0.4084,0.0829,False,False,False,False,hard
dtest_case_0144,dtest_case_0144_t1,step_t1_0144,t1,dtest,claude-3,0.8306,0.1251,0.7055,0.1966,0.367,-0.3154,0.3654,0.0592,False,True,False,True,medium
dtest_case_0144,dtest_case_0144_t2,step_t2_0144,t2,dtest,claude-3,0.9081,0.8306,0.0775,0.1096,0.0,0.1996,0.1767,0.1834,False,True,False,True,medium
dtest_case_0145,dtest_case_0145_t1,step_t1_0145,t1,dtest,gpt-4,0.3483,0.1873,0.161,0.6702,0.8723,0.1334,0.0172,0.3878,False,False,False,False,easy
dtest_case_0145,dtest_case_0145_t2,step_t2_0145,t2,dtest,gpt-4,0.2552,0.3483,-0.0931,0.6828,0.4941,0.146,0.1512,0.1966,False,True,False,False,easy
dtest_case_0146,dtest_case_0146_t1,step_t1_0146,t1,dtest,mistral,0.7532,0.1603,0.5929,0.3226,0.4175,-0.3551,0.3629,0.3578,False,True,False,False,hard
dtest_case_0146,dtest_case_0146_t2,step_t2_0146,t2,dtest,mistral,0.771,0.7532,0.0178,0.3161,0.1145,0.1382,0.4981,0.0238,False,True,False,False,hard
dtest_case_0147,dtest_case_0147_t0,step_t0_0147,t0,dtest,claude-3,0.7881,0.7433,0.0448,0.1582,0.1748,-0.3976,0.0154,0.3886,True,True,False,False,complex
dtest_case_0147,dtest_case_0147_t1,step_t1_0147,t1,dtest,claude-3,0.8432,0.7881,0.0551,0.4682,0.0622,0.336,0.2636,0.253,False,True,False,False,complex
dtest_case_0148,dtest_case_0148_t0,step_t0_0148,t0,dtest,claude-3,0.3779,0.3279,0.05,0.9066,0.2614,0.2967,0.4953,0.0803,False,False,False,False,medium
dtest_case_0148,dtest_case_0148_t2,step_t2_0148,t2,dtest,claude-3,0.5404,0.3779,0.1625,0.051,0.04,0.0709,0.3165,0.0276,False,True,False,False,medium
dtest_case_0149,dtest_case_0149_t2,step_t2_0149,t2,dtest,gemini-pro,0.9217,0.2555,0.6662,0.4141,0.193,0.25,0.0522,0.1596,False,True,False,False,hard
dtest_case_0150,dtest_case_0150_t1,step_t1_0150,t1,dtest,mistral,0.1621,0.2219,-0.0598,0.6586,0.1725,0.1746,0.316,0.2308,False,True,False,True,medium
dtest_case_0150,dtest_case_0150_t2,step_t2_0150,t2,dtest,mistral,0.5027,0.1621,0.3406,0.0954,0.0,-0.2273,0.0565,0.3368,True,True,False,True,medium
dtest_case_0152,dtest_case_0152_t1,step_t1_0152,t1,dtest,claude-3,0.5653,0.2275,0.3378,0.3501,0.1344,0.3317,0.2007,0.117,False,True,False,False,easy
dtest_case_0152,dtest_case_0152_t2,step_t2_0152,t2,dtest,claude-3,0.6198,0.5653,0.0545,0.0599,0.0,0.3211,0.2745,0.0877,False,True,False,False,easy
dtest_case_0153,dtest_case_0153_t0,step_t0_0153,t0,dtest,mistral,0.1359,0.0735,0.0624,0.9159,0.1251,0.2599,0.4335,0.1816,False,False,False,False,medium
dtest_case_0153,dtest_case_0153_t2,step_t2_0153,t2,dtest,mistral,0.7496,0.1359,0.6137,0.3367,0.2051,0.1316,0.1173,0.1213,False,True,False,False,medium
dtest_case_0154,dtest_case_0154_t0,step_t0_0154,t0,dtest,mistral,0.2753,0.2573,0.018,0.9709,0.3383,0.1007,0.0793,0.3528,False,False,False,False,hard
dtest_case_0154,dtest_case_0154_t2,step_t2_0154,t2,dtest,mistral,0.8248,0.2753,0.5495,0.1722,0.0716,-0.0486,0.0945,0.3132,False,True,False,False,hard
dtest_case_0155,dtest_case_0155_t0,step_t0_0155,t0,dtest,gpt-4,0.2874,0.153,0.1344,0.8541,0.7868,0.0702,0.4702,0.0331,False,False,False,False,medium
dtest_case_0155,dtest_case_0155_t2,step_t2_0155,t2,dtest,gpt-4,0.3807,0.2874,0.0933,0.6955,0.5543,0.3333,0.2859,0.3629,False,False,False,False,medium
dtest_case_0156,dtest_case_0156_t0,step_t0_0156,t0,dtest,mistral,0.219,0.1624,0.0566,0.9777,0.8701,-0.042,0.0211,0.2259,False,False,False,False,hard
dtest_case_0159,dtest_case_0159_t0,step_t0_0159,t0,dtest,claude-3,0.8799,0.7785,0.1014,0.1126,0.1517,-0.1498,0.0914,0.1114,True,True,False,False,medium
dtest_case_0159,dtest_case_0159_t1,step_t1_0159,t1,dtest,claude-3,0.9248,0.8799,0.0449,0.171,0.2402,0.2172,0.4997,0.0419,False,True,False,False,medium
dtest_case_0160,dtest_case_0160_t1,step_t1_0160,t1,dtest,gpt-4,0.6733,0.2665,0.4068,0.2642,0.0944,0.2172,0.3854,0.0012,False,False,False,True,medium
dtest_case_0161,dtest_case_0161_t1,step_t1_0161,t1,dtest,mistral,0.5837,0.188,0.3957,0.2371,0.3379,0.0856,0.4349,0.2922,False,True,False,True,medium
dtest_case_0162,dtest_case_0162_t2,step_t2_0162,t2,dtest,mistral,0.8583,0.2385,0.6198,0.0662,0.0,0.3654,0.0629,0.2948,False,False,False,False,complex
dtest_case_0163,dtest_case_0163_t0,step_t0_0163,t0,dtest,claude-3,0.5235,0.4212,0.1023,0.2607,0.2817,-0.4659,0.0215,0.2667,False,False,False,True,complex
dtest_case_0163,dtest_case_0163_t1,step_t1_0163,t1,dtest,claude-3,0.7447,0.5235,0.2212,0.0949,0.3252,0.0209,0.4555,0.3353,False,True,False,True,complex
dtest_case_0164,dtest_case_0164_t0,step_t0_0164,t0,dtest,gpt-4,0.4295,0.4248,0.0047,0.9077,0.7321,0.353,0.1333,0.2899,False,False,False,False,hard
dtest_case_0164,dtest_case_0164_t2,step_t2_0164,t2,dtest,gpt-4,0.0667,0.4295,-0.3628,0.7892,0.5986,0.1275,0.1336,0.0879,False,True,False,False,hard
dtest_case_0165,dtest_case_0165_t1,step_t1_0165,t1,dtest,gemini-pro,0.8857,0.1938,0.6919,0.0844,0.203,-0.3529,0.0909,0.1742,True,True,False,False,complex
dtest_case_0165,dtest_case_0165_t2,step_t2_0165,t2,dtest,gemini-pro,0.8326,0.8857,-0.0531,0.1505,0.0,0.1853,0.284,0.2652,False,True,False,False,complex
dtest_case_0167,dtest_case_0167_t1,step_t1_0167,t1,dtest,gpt-4,0.4017,0.2189,0.1828,0.8414,0.9319,0.2031,0.1456,0.0828,False,True,False,False,hard
dtest_case_0167,dtest_case_0167_t2,step_t2_0167,t2,dtest,gpt-4,0.4098,0.4017,0.0081,0.8985,0.6642,0.2016,0.2367,0.0239,False,True,False,False,hard
dtest_case_0168,dtest_case_0168_t0,step_t0_0168,t0,dtest,mistral,0.762,0.6135,0.1485,0.1576,0.2623,-0.2396,0.3223,0.2245,False,True,False,False,easy
dtest_case_0168,dtest_case_0168_t2,step_t2_0168,t2,dtest,mistral,0.8265,0.762,0.0645,0.3289,0.1049,0.3236,0.1576,0.1105,False,False,False,False,easy
dtest_case_0169,dtest_case_0169_t1,step_t1_0169,t1,dtest,gpt-4,0.2609,0.2766,-0.0157,0.7074,0.3071,0.3049,0.4737,0.1349,False,True,False,False,hard
dtest_case_0170,dtest_case_0170_t0,step_t0_0170,t0,dtest,gpt-4,0.2655,0.2564,0.0091,0.8915,0.326,0.3653,0.2487,0.0921,False,True,False,False,easy
dtest_case_0170,dtest_case_0170_t2,step_t2_0170,t2,dtest,gpt-4,0.687,0.2655,0.4215,0.1859,0.0,0.0771,0.4745,0.3849,False,True,False,False,easy
dtest_case_0171,dtest_case_0171_t1,step_t1_0171,t1,dtest,gpt-4,0.4215,0.2402,0.1813,0.8414,0.6721,0.1293,0.2804,0.3456,False,True,False,False,complex
dtest_case_0172,dtest_case_0172_t0,step_t0_0172,t0,dtest,gemini-pro,0.4091,0.3079,0.1012,0.6979,0.998,0.1636,0.1959,0.2636,False,True,False,False,hard
dtest_case_0172,dtest_case_0172_t2,step_t2_0172,t2,dtest,gemini-pro,0.3046,0.4091,-0.1045,0.8244,0.7227,0.3765,0.2613,0.0876,False,True,False,False,hard
dtest_case_0173,dtest_case_0173_t0,step_t0_0173,t0,dtest,gpt-4,0.4178,0.3914,0.0264,0.7249,0.0552,-0.0929,0.4147,0.2928,False,True,False,False,hard
dtest_case_0173,dtest_case_0173_t2,step_t2_0173,t2,dtest,gpt-4,0.8142,0.4178,0.3964,0.2278,0.0,0.3835,0.1964,0.3417,False,False,False,False,hard
dtest_case_0174,dtest_case_0174_t1,step_t1_0174,t1,dtest,gemini-pro,0.6395,0.108,0.5315,0.2562,0.3625,0.3801,0.3818,0.3421,False,True,False,False,easy
dtest_case_0175,dtest_case_0175_t0,step_t0_0175,t0,dtest,mistral,0.3842,0.2665,0.1177,0.7819,0.8208,0.3024,0.023,0.3232,False,True,False,False,medium
dtest_case_0175,dtest_case_0175_t2,step_t2_0175,t2,dtest,mistral,0.2559,0.3842,-0.1283,0.9329,0.8694,0.0229,0.2014,0.3579,False,True,False,False,medium
dtest_case_0177,dtest_case_0177_t1,step_t1_0177,t1,dtest,mistral,0.4106,0.0885,0.3221,0.9965,0.9819,0.1473,0.2564,0.1926,False,True,False,False,medium
dtest_case_0177,dtest_case_0177_t2,step_t2_0177,t2,dtest,mistral,0.0863,0.4106,-0.3243,0.6614,0.647,0.1222,0.1378,0.2488,False,False,False,False,medium
dtest_case_0178,dtest_case_0178_t0,step_t0_0178,t0,dtest,mistral,0.6738,0.5877,0.0861,0.237,0.3889,-0.1391,0.4387,0.3897,True,False,False,False,easy
dtest_case_0178,dtest_case_0178_t1,step_t1_0178,t1,dtest,mistral,0.8383,0.6738,0.1645,0.1529,0.4325,-0.0259,0.3398,0.09,False,True,False,False,easy
dtest_case_0179,dtest_case_0179_t0,step_t0_0179,t0,dtest,gemini-pro,0.3377,0.2532,0.0845,0.7996,0.7305,0.3198,0.0719,0.172,False,False,False,False,complex
dtest_case_0179,dtest_case_0179_t1,step_t1_0179,t1,dtest,gemini-pro,0.3883,0.3377,0.0506,0.7903,0.9052,0.3116,0.4444,0.2178,False,True,False,False,complex
dtest_case_0180,dtest_case_0180_t0,step_t0_0180,t0,dtest,claude-3,0.1521,0.1077,0.0444,0.8578,0.6131,0.218,0.1822,0.1181,False,False,False,False,hard
dtest_case_0180,dtest_case_0180_t2,step_t2_0180,t2,dtest,claude-3,0.707,0.1521,0.5549,0.0928,0.0,-0.4809,0.3634,0.3096,False,False,False,False,hard
dtest_case_0183,dtest_case_0183_t0,step_t0_0183,t0,dtest,codellama,0.2563,0.1868,0.0695,0.6659,0.166,0.3655,0.1959,0.2187,False,True,False,False,medium
dtest_case_0183,dtest_case_0183_t1,step_t1_0183,t1,dtest,codellama,0.7657,0.2563,0.5094,0.0776,0.1949,-0.2107,0.1003,0.0814,True,True,False,False,medium
dtest_case_0184,dtest_case_0184_t1,step_t1_0184,t1,dtest,gpt-4,0.8972,0.063,0.8342,0.136,0.174,0.2659,0.3203,0.1664,False,False,False,False,hard
dtest_case_0184,dtest_case_0184_t2,step_t2_0184,t2,dtest,gpt-4,0.7743,0.8972,-0.1229,0.4532,0.2487,0.0264,0.1357,0.0501,False,True,False,False,hard
dtest_case_0185,dtest_case_0185_t0,step_t0_0185,t0,dtest,gpt-4,0.4498,0.3889,0.0609,0.7272,0.905,0.1712,0.0748,0.1523,False,True,False,False,hard
dtest_case_0185,dtest_case_0185_t2,step_t2_0185,t2,dtest,gpt-4,0.8392,0.4498,0.3894,0.0593,0.0,-0.293,0.1344,0.2514,False,True,False,False,hard
dtest_case_0186,dtest_case_0186_t0,step_t0_0186,t0,dtest,mistral,0.9271,0.8323,0.0948,0.1085,0.274,-0.1877,0.3542,0.0688,False,True,False,False,complex
dtest_case_0186,dtest_case_0186_t2,step_t2_0186,t2,dtest,mistral,0.5716,0.9271,-0.3555,0.1311,0.1065,0.3018,0.061,0.0501,False,False,False,False,complex
dtest_case_0187,dtest_case_0187_t1,step_t1_0187,t1,dtest,gpt-4,0.6551,0.0577,0.5974,0.0734,0.1069,0.0067,0.3326,0.0629,False,True,False,True,medium
dtest_case_0188,dtest_case_0188_t2,step_t2_0188,t2,dtest,gpt-4,0.3559,0.2178,0.1381,0.8024,0.6651,0.056,0.2413,0.2027,False,True,False,False,complex
dtest_case_0189,dtest_case_0189_t1,step_t1_0189,t1,dtest,gemini-pro,0.4126,0.054,0.3586,0.9238,0.6498,0.2988,0.308,0.3373,False,True,False,False,complex
dtest_case_0190,dtest_case_0190_t1,step_t1_0190,t1,dtest,codellama,0.2736,0.1753,0.0983,0.8972,0.8137,0.1704,0.2148,0.1235,False,True,False,False,medium
dtest_case_0191,dtest_case_0191_t2,step_t2_0191,t2,dtest,gemini-pro,0.5533,0.2904,0.2629,0.3715,0.1334,-0.4093,0.4397,0.3235,False,True,False,False,complex
dtest_case_0192,dtest_case_0192_t1,step_t1_0192,t1,dtest,gpt-4,0.6424,0.2541,0.3883,0.2757,0.0784,-0.3749,0.4676,0.3403,False,True,False,False,easy
dtest_case_0192,dtest_case_0192_t2,step_t2_0192,t2,dtest,gpt-4,0.6114,0.6424,-0.031,0.1233,0.0766,-0.0901,0.1953,0.0766,False,True,False,False,easy
dtest_case_0194,dtest_case_0194_t0,step_t0_0194,t0,dtest,gemini-pro,0.9207,0.8561,0.0646,0.4451,0.2922,-0.4011,0.1779,0.0336,True,True,False,False,medium
dtest_case_0194,dtest_case_0194_t2,step_t2_0194,t2,dtest,gemini-pro,0.5324,0.9207,-0.3883,0.1424,0.047,0.391,0.3924,0.2934,False,True,False,False,medium
dtest_case_0196,dtest_case_0196_t0,step_t0_0196,t0,dtest,claude-3,0.3624,0.2446,0.1178,0.8604,0.4461,0.0626,0.4706,0.3659,False,True,False,False,complex
dtest_case_0196,dtest_case_0196_t1,step_t1_0196,t1,dtest,claude-3,0.7026,0.3624,0.3402,0.4897,0.0912,-0.2809,0.4895,0.2222,True,True,False,False,complex
dtest_case_0197,dtest_case_0197_t0,step_t0_0197,t0,dtest,gpt-4,0.1318,0.0538,0.078,0.6759,0.2922,0.1584,0.3701,0.2523,False,True,False,False,complex
dtest_case_0197,dtest_case_0197_t1,step_t1_0197,t1,dtest,gpt-4,0.8104,0.1318,0.6786,0.1148,0.2881,-0.4312,0.4628,0.0273,False,True,False,False,complex
dtest_case_0198,dtest_case_0198_t1,step_t1_0198,t1,dtest,mistral,0.7061,0.073,0.6331,0.299,0.3067,0.2519,0.1866,0.2255,False,True,False,True,hard
dtest_case_0198,dtest_case_0198_t2,step_t2_0198,t2,dtest,mistral,0.8024,0.7061,0.0963,0.3126,0.1812,0.0248,0.001,0.0696,False,True,False,True,hard
dtest_case_0199,dtest_case_0199_t0,step_t0_0199,t0,dtest,gemini-pro,0.2296,0.1378,0.0918,0.7246,0.9756,-0.0967,0.3862,0.2501,False,True,False,False,medium
dtest_case_0199,dtest_case_0199_t2,step_t2_0199,t2,dtest,gemini-pro,0.0702,0.2296,-0.1594,0.8696,0.7732,0.3681,0.271,0.3759,False,True,False,False,medium
dtest_case_0200,dtest_case_0200_t2,step_t2_0200,t2,dtest,gemini-pro,0.8266,0.2043,0.6223,0.3827,0.329,0.2325,0.249,0.2971,False,True,False,False,easy
dtest_case_0201,dtest_case_0201_t1,step_t1_0201,t1,dtest,mistral,0.9005,0.0711,0.8294,0.4132,0.3945,0.3086,0.2564,0.1754,False,False,False,False,medium
dtest_case_0202,dtest_case_0202_t1,step_t1_0202,t1,dtest,gpt-4,0.1417,0.1867,-0.045,0.8847,0.8803,0.002,0.327,0.3273,False,True,False,False,medium
dtest_case_0202,dtest_case_0202_t2,step_t2_0202,t2,dtest,gpt-4,0.4146,0.1417,0.2729,0.6603,0.5713,-0.0921,0.0386,0.3645,False,True,False,False,medium
dtest_case_0203,dtest_case_0203_t0,step_t0_0203,t0,dtest,claude-3,0.6911,0.6588,0.0323,0.3187,0.2879,-0.3511,0.1665,0.354,False,True,False,False,hard
dtest_case_0203,dtest_case_0203_t2,step_t2_0203,t2,dtest,claude-3,0.6275,0.6911,-0.0636,0.404,0.3046,0.1568,0.1267,0.3951,False,True,False,False,hard
dtest_case_0204,dtest_case_0204_t0,step_t0_0204,t0,dtest,gemini-pro,0.3583,0.2942,0.0641,0.7222,0.9199,0.0668,0.4326,0.3661,False,False,False,False,medium
dtest_case_0204,dtest_case_0204_t1,step_t1_0204,t1,dtest,gemini-pro,0.064,0.3583,-0.2943,0.9256,0.2145,0.3369,0.319,0.3335,False,True,False,False,medium
dtest_case_0205,dtest_case_0205_t0,step_t0_0205,t0,dtest,claude-3,0.264,0.2423,0.0217,0.9244,0.7678,0.15,0.3925,0.2395,False,True,False,False,complex
dtest_case_0206,dtest_case_0206_t0,step_t0_0206,t0,dtest,codellama,0.2861,0.225,0.0611,0.8143,0.6113,0.005,0.1405,0.2852,False,True,False,False,hard
dtest_case_0206,dtest_case_0206_t2,step_t2_0206,t2,dtest,codellama,0.2135,0.2861,-0.0726,0.9734,0.9454,0.1582,0.3933,0.377,False,True,False,False,hard
dtest_case_0207,dtest_case_0207_t0,step_t0_0207,t0,dtest,gpt-4,0.3382,0.2142,0.124,0.8062,0.3723,-0.096,0.4623,0.1773,False,True,False,True,complex
dtest_case_0208,dtest_case_0208_t0,step_t0_0208,t0,dtest,codellama,0.152,0.0406,0.1114,0.6768,0.9491,0.3141,0.108,0.3237,False,False,False,False,easy
dtest_case_0208,dtest_case_0208_t2,step_t2_0208,t2,dtest,codellama,0.3029,0.152,0.1509,0.7807,0.7128,0.0159,0.1593,0.3614,False,True,False,False,easy
dtest_case_0209,dtest_case_0209_t0,step_t0_0209,t0,dtest,codellama,0.3815,0.3292,0.0523,0.8326,0.9178,0.3422,0.1724,0.1847,False,True,False,False,complex
dtest_case_0209,dtest_case_0209_t1,step_t1_0209,t1,dtest,codellama,0.0553,0.3815,-0.3262,0.7536,0.7837,0.1055,0.361,0.1539,False,True,False,False,complex
dtest_case_0210,dtest_case_0210_t0,step_t0_0210,t0,dtest,codellama,0.2218,0.1107,0.1111,0.952,0.8128,0.2947,0.1484,0.2165,False,True,False,False,complex
dtest_case_0210,dtest_case_0210_t1,step_t1_0210,t1,dtest,codellama,0.2157,0.2218,-0.0061,0.9063,0.4027,-0.0393,0.3173,0.2329,False,True,False,False,complex
dtest_case_0211,dtest_case_0211_t0,step_t0_0211,t0,dtest,gpt-4,0.1348,0.0881,0.0467,0.7084,0.1475,0.0338,0.1678,0.2998,False,True,False,False,medium
dtest_case_0211,dtest_case_0211_t2,step_t2_0211,t2,dtest,gpt-4,0.9438,0.1348,0.809,0.2366,0.0481,0.3357,0.3395,0.1647,False,False,False,False,medium
dtest_case_0213,dtest_case_0213_t1,step_t1_0213,t1,dtest,mistral,0.1315,0.1319,-0.0004,0.8413,0.8302,-0.0889,0.4726,0.2787,False,True,False,False,hard
dtest_case_0214,dtest_case_0214_t1,step_t1_0214,t1,dtest,claude-3,0.9199,0.1598,0.7601,0.4912,0.2549,-0.0429,0.3824,0.2716,False,False,False,False,medium
dtest_case_0215,dtest_case_0215_t1,step_t1_0215,t1,dtest,claude-3,0.9281,0.2441,0.684,0.3251,0.3929,-0.2307,0.2041,0.3542,True,True,False,False,hard
dtest_case_0216,dtest_case_0216_t0,step_t0_0216,t0,dtest,mistral,0.8967,0.787,0.1097,0.3638,0.3511,-0.314,0.4371,0.0814,True,True,False,False,medium
dtest_case_0217,dtest_case_0217_t1,step_t1_0217,t1,dtest,mistral,0.2626,0.1776,0.085,0.9372,0.7618,0.1422,0.0067,0.1639,False,True,False,False,easy
dtest_case_0218,dtest_case_0218_t1,step_t1_0218,t1,dtest,codellama,0.507,0.1202,0.3868,0.1436,0.0668,0.1396,0.0909,0.2972,False,False,False,False,medium
dtest_case_0218,dtest_case_0218_t2,step_t2_0218,t2,dtest,codellama,0.7455,0.507,0.2385,0.4918,0.3792,0.1567,0.4946,0.0926,False,False,False,False,medium
dtest_case_0219,dtest_case_0219_t0,step_t0_0219,t0,dtest,mistral,0.0671,0.0001,0.067,0.6745,0.3417,0.2042,0.3533,0.1498,False,True,False,True,easy
dtest_case_0219,dtest_case_0219_t1,step_t1_0219,t1,dtest,mistral,0.5204,0.0671,0.4533,0.2075,0.4217,-0.3483,0.4157,0.3369,False,True,False,True,easy
dtest_case_0220,dtest_case_0220_t1,step_t1_0220,t1,dtest,gemini-pro,0.0881,0.0759,0.0122,0.667,0.2824,0.113,0.274,0.2084,False,True,False,False,easy
dtest_case_0220,dtest_case_0220_t2,step_t2_0220,t2,dtest,gemini-pro,0.8049,0.0881,0.7168,0.3913,0.3876,-0.4171,0.3566,0.1546,False,True,False,False,easy
dtest_case_0221,dtest_case_0221_t0,step_t0_0221,t0,dtest,claude-3,0.2063,0.1825,0.0238,0.7404,0.2922,0.1166,0.3872,0.341,False,True,False,False,easy
dtest_case_0221,dtest_case_0221_t1,step_t1_0221,t1,dtest,claude-3,0.8412,0.2063,0.6349,0.1881,0.216,-0.2149,0.1931,0.2354,True,True,False,False,easy
dtest_case_0222,dtest_case_0222_t0,step_t0_0222,t0,dtest,mistral,0.3946,0.2643,0.1303,0.9035,0.8983,0.179,0.2923,0.0535,False,True,False,True,complex
dtest_case_0222,dtest_case_0222_t1,step_t1_0222,t1,dtest,mistral,0.2303,0.3946,-0.1643,0.9855,0.7724,0.1747,0.2666,0.2547,False,True,False,True,complex
dtest_case_0223,dtest_case_0223_t0,step_t0_0223,t0,dtest,gemini-pro,0.6013,0.522,0.0793,0.4217,0.2352,-0.3886,0.3274,0.3295,True,False,False,False,hard
dtest_case_0223,dtest_case_0223_t2,step_t2_0223,t2,dtest,gemini-pro,0.8697,0.6013,0.2684,0.2577,0.0119,0.2934,0.3868,0.2991,False,True,False,False,hard
dtest_case_0224,dtest_case_0224_t1,step_t1_0224,t1,dtest,gemini-pro,0.5978,0.166,0.4318,0.1688,0.2161,0.3442,0.4122,0.252,False,False,False,False,complex
dtest_case_0224,dtest_case_0224_t2,step_t2_0224,t2,dtest,gemini-pro,0.8527,0.5978,0.2549,0.243,0.1927,0.1571,0.3681,0.1746,False,True,False,False,complex
dtest_case_0225,dtest_case_0225_t0,step_t0_0225,t0,dtest,gemini-pro,0.0877,0.0,0.0877,0.9344,0.8827,0.3836,0.4133,0.3612,False,False,False,False,medium
dtest_case_0225,dtest_case_0225_t1,step_t1_0225,t1,dtest,gemini-pro,0.3705,0.0877,0.2828,0.886,0.6023,0.1329,0.2856,0.1216,False,True,False,False,medium
dtest_case_0226,dtest_case_0226_t0,step_t0_0226,t0,dtest,gemini-pro,0.9325,0.7987,0.1338,0.4321,0.2124,-0.4945,0.0401,0.1249,True,True,False,False,medium
dtest_case_0227,dtest_case_0227_t0,step_t0_0227,t0,dtest,codellama,0.4166,0.3107,0.1059,0.7581,0.1031,0.1558,0.0027,0.3754,False,True,False,False,hard
dtest_case_0227,dtest_case_0227_t2,step_t2_0227,t2,dtest,codellama,0.6811,0.4166,0.2645,0.2258,0.2085,0.2192,0.3665,0.2705,False,True,False,False,hard
dtest_case_0228,dtest_case_0228_t0,step_t0_0228,t0,dtest,gemini-pro,0.2815,0.1961,0.0854,0.9539,0.7517,0.0857,0.3093,0.2532,False,True,False,False,medium
dtest_case_0228,dtest_case_0228_t1,step_t1_0228,t1,dtest,gemini-pro,0.2272,0.2815,-0.0543,0.823,0.9444,0.1306,0.47,0.2016,False,False,False,False,medium
dtest_case_0229,dtest_case_0229_t1,step_t1_0229,t1,dtest,codellama,0.3831,0.1406,0.2425,0.9523,0.644,0.3625,0.3158,0.0218,False,True,False,False,easy
dtest_case_0229,dtest_case_0229_t2,step_t2_0229,t2,dtest,codellama,0.4397,0.3831,0.0566,0.6744,0.5357,0.2739,0.4051,0.1655,False,True,False,False,easy
dtest_case_0230,dtest_case_0230_t2,step_t2_0230,t2,dtest,codellama,0.0669,0.1949,-0.128,0.8085,0.5713,-0.0697,0.3427,0.01,False,True,False,False,hard
dtest_case_0233,dtest_case_0233_t0,step_t0_0233,t0,dtest,gemini-pro,0.2314,0.1632,0.0682,0.89,0.9641,0.2195,0.4768,0.3526,False,True,False,False,hard
dtest_case_0233,dtest_case_0233_t1,step_t1_0233,t1,dtest,gemini-pro,0.3835,0.2314,0.1521,0.8749,0.6314,0.2703,0.0475,0.2376,False,True,False,False,hard
dtest_case_0234,dtest_case_0234_t1,step_t1_0234,t1,dtest,gemini-pro,0.0766,0.1077,-0.0311,0.9705,0.8465,0.0231,0.3453,0.2387,False,True,False,False,medium
dtest_case_0234,dtest_case_0234_t2,step_t2_0234,t2,dtest,gemini-pro,0.4405,0.0766,0.3639,0.8892,0.7953,0.3,0.4423,0.0501,False,True,False,False,medium
dtest_case_0235,dtest_case_0235_t2,step_t2_0235,t2,dtest,gemini-pro,0.5973,0.2228,0.3745,0.3214,0.1667,0.3704,0.388,0.0512,False,True,False,False,easy
dtest_case_0236,dtest_case_0236_t1,step_t1_0236,t1,dtest,claude-3,0.6959,0.149,0.5469,0.3512,0.4068,-0.3776,0.2759,0.3158,False,True,False,True,hard
dtest_case_0237,dtest_case_0237_t1,step_t1_0237,t1,dtest,gpt-4,0.24,0.0638,0.1762,0.9798,0.6299,0.1192,0.2649,0.3941,False,True,False,False,medium
dtest_case_0237,dtest_case_0237_t2,step_t2_0237,t2,dtest,gpt-4,0.0958,0.24,-0.1442,0.653,0.6141,0.0036,0.3153,0.0879,False,True,False,False,medium
dtest_case_0238,dtest_case_0238_t1,step_t1_0238,t1,dtest,gpt-4,0.3806,0.1414,0.2392,0.7738,0.721,0.3877,0.0851,0.3593,False,False,False,False,easy
dtest_case_0238,dtest_case_0238_t2,step_t2_0238,t2,dtest,gpt-4,0.0806,0.3806,-0.3,0.9954,0.9276,-0.0507,0.4147,0.2827,False,True,False,False,easy
dtest_case_0239,dtest_case_0239_t0,step_t0_0239,t0,dtest,codellama,0.1124,0.0406,0.0718,0.9232,0.7214,0.0558,0.0016,0.0697,False,False,False,True,complex
dtest_case_0239,dtest_case_0239_t1,step_t1_0239,t1,dtest,codellama,0.2267,0.1124,0.1143,0.9945,0.7583,0.2576,0.141,0.1455,False,True,False,True,complex
dtest_case_0240,dtest_case_0240_t0,step_t0_0240,t0,dtest,codellama,0.1888,0.1067,0.0821,0.9971,0.3157,-0.0004,0.0225,0.0505,False,True,False,False,easy
dtest_case_0240,dtest_case_0240_t1,step_t1_0240,t1,dtest,codellama,0.8443,0.1888,0.6555,0.4732,0.0563,-0.2909,0.2354,0.2624,False,True,False,False,easy
dtest_case_0241,dtest_case_0241_t0,step_t0_0241,t0,dtest,claude-3,0.3132,0.2956,0.0176,0.9299,0.0993,0.2493,0.2081,0.2055,False,False,False,False,hard
dtest_case_0243,dtest_case_0243_t1,step_t1_0243,t1,dtest,gpt-4,0.406,0.2545,0.1515,0.8286,0.8945,0.1564,0.4348,0.1611,False,False,False,False,medium
dtest_case_0244,dtest_case_0244_t0,step_t0_0244,t0,dtest,codellama,0.4229,0.3117,0.1112,0.7478,0.6527,0.3274,0.0827,0.3417,False,True,False,False,easy
dtest_case_0244,dtest_case_0244_t1,step_t1_0244,t1,dtest,codellama,0.2126,0.4229,-0.2103,0.9661,0.8415,0.1883,0.2794,0.1485,False,False,False,False,easy
dtest_case_0245,dtest_case_0245_t0,step_t0_0245,t0,dtest,gpt-4,0.1511,0.0103,0.1408,0.9629,0.185,0.2647,0.2866,0.1351,False,False,False,True,easy
dtest_case_0245,dtest_case_0245_t2,step_t2_0245,t2,dtest,gpt-4,0.5114,0.1511,0.3603,0.1637,0.0337,0.161,0.2945,0.3007,False,True,False,True,easy
dtest_case_0246,dtest_case_0246_t1,step_t1_0246,t1,dtest,claude-3,0.2901,0.0634,0.2267,0.7818,0.6928,0.0327,0.2772,0.0798,False,True,False,False,medium
dtest_case_0246,dtest_case_0246_t2,step_t2_0246,t2,dtest,claude-3,0.1448,0.2901,-0.1453,0.982,0.7458,0.205,0.4623,0.3143,False,True,False,False,medium
dtest_case_0247,dtest_case_0247_t0,step_t0_0247,t0,dtest,claude-3,0.0526,0.0,0.0526,0.8959,0.2961,0.2802,0.2565,0.2816,False,False,False,False,easy
dtest_case_0247,dtest_case_0247_t2,step_t2_0247,t2,dtest,claude-3,0.6691,0.0526,0.6165,0.3687,0.2498,0.2372,0.3814,0.0182,False,True,False,False,easy
dtest_case_0248,dtest_case_0248_t0,step_t0_0248,t0,dtest,mistral,0.602,0.5015,0.1005,0.2607,0.3594,-0.4506,0.3132,0.1114,False,False,False,False,hard
dtest_case_0248,dtest_case_0248_t2,step_t2_0248,t2,dtest,mistral,0.9484,0.602,0.3464,0.4082,0.2198,0.0078,0.168,0.1863,False,False,False,False,hard
dtest_case_0249,dtest_case_0249_t1,step_t1_0249,t1,dtest,mistral,0.9117,0.0973,0.8144,0.4651,0.3282,-0.2557,0.0999,0.0222,False,True,False,False,easy
dtest_case_0249,dtest_case_0249_t2,step_t2_0249,t2,dtest,mistral,0.5949,0.9117,-0.3168,0.3004,0.0863,0.3175,0.4637,0.1464,False,True,False,False,easy
dtest_case_0250,dtest_case_0250_t1,step_t1_0250,t1,dtest,claude-3,0.8372,0.1578,0.6794,0.0894,0.1631,0.1093,0.1463,0.1329,False,True,False,False,hard
dtest_case_0250,dtest_case_0250_t2,step_t2_0250,t2,dtest,claude-3,0.5187,0.8372,-0.3185,0.3367,0.1874,0.2267,0.0962,0.1183,False,True,False,False,hard
dtest_case_0251,dtest_case_0251_t0,step_t0_0251,t0,dtest,codellama,0.2899,0.214,0.0759,0.7726,0.4152,0.0699,0.2278,0.2712,False,True,False,False,complex
dtest_case_0252,dtest_case_0252_t2,step_t2_0252,t2,dtest,gpt-4,0.6561,0.1589,0.4972,0.4075,0.338,-0.0289,0.1566,0.3398,False,True,False,False,complex
dtest_case_0253,dtest_case_0253_t1,step_t1_0253,t1,dtest,gemini-pro,0.9463,0.1853,0.761,0.4932,0.4256,-0.3189,0.0992,0.066,True,True,False,False,hard
dtest_case_0253,dtest_case_0253_t2,step_t2_0253,t2,dtest,gemini-pro,0.6228,0.9463,-0.3235,0.2036,0.0914,0.3566,0.0947,0.002,False,True,False,False,hard
dtest_case_0254,dtest_case_0254_t0,step_t0_0254,t0,dtest,mistral,0.4119,0.3148,0.0971,0.7456,0.6709,0.0471,0.0574,0.3766,False,False,False,False,medium
dtest_case_0254,dtest_case_0254_t2,step_t2_0254,t2,dtest,mistral,0.235,0.4119,-0.1769,0.9527,0.8903,0.2586,0.4281,0.1427,False,False,False,False,medium
dtest_case_0255,dtest_case_0255_t0,step_t0_0255,t0,dtest,gemini-pro,0.168,0.1232,0.0448,0.6875,0.776,0.2649,0.4701,0.2415,False,False,False,False,hard
dtest_case_0255,dtest_case_0255_t2,step_t2_0255,t2,dtest,gemini-pro,0.379,0.168,0.211,0.7107,0.5892,-0.0415,0.3411,0.38,False,True,False,False,hard
dtest_case_0256,dtest_case_0256_t0,step_t0_0256,t0,dtest,codellama,0.3436,0.2488,0.0948,0.8543,0.756,0.0776,0.0226,0.0872,False,True,False,False,hard
dtest_case_0256,dtest_case_0256_t2,step_t2_0256,t2,dtest,codellama,0.7616,0.3436,0.418,0.0976,0.0,-0.2907,0.3498,0.1643,False,False,False,False,hard
dtest_case_0257,dtest_case_0257_t1,step_t1_0257,t1,dtest,mistral,0.0831,0.1135,-0.0304,0.923,0.0895,-0.0622,0.1808,0.0369,False,True,False,True,medium
dtest_case_0258,dtest_case_0258_t1,step_t1_0258,t1,dtest,gemini-pro,0.1405,0.2739,-0.1334,0.9242,0.3299,0.2085,0.4317,0.0892,False,False,False,False,easy
dtest_case_0258,dtest_case_0258_t2,step_t2_0258,t2,dtest,gemini-pro,0.8553,0.1405,0.7148,0.3867,0.2464,-0.4015,0.2118,0.3174,True,False,False,False,easy
dtest_case_0259,dtest_case_0259_t0,step_t0_0259,t0,dtest,codellama,0.146,0.1244,0.0216,0.6905,0.6109,0.1618,0.1091,0.3958,False,True,False,False,complex
dtest_case_0260,dtest_case_0260_t2,step_t2_0260,t2,dtest,gpt-4,0.562,0.2222,0.3398,0.454,0.2677,-0.0618,0.4479,0.3176,False,True,False,False,medium
dtest_case_0261,dtest_case_0261_t0,step_t0_0261,t0,dtest,codellama,0.0707,0.0,0.0707,0.7046,0.9338,0.0792,0.4564,0.2263,False,True,False,False,medium
dtest_case_0261,dtest_case_0261_t2,step_t2_0261,t2,dtest,codellama,0.1058,0.0707,0.0351,0.8518,0.6613,0.2908,0.1379,0.0817,False,True,False,False,medium
dtest_case_0262,dtest_case_0262_t0,step_t0_0262,t0,dtest,mistral,0.3217,0.3102,0.0115,0.7973,0.8407,0.3686,0.1559,0.0999,False,True,False,False,medium
dtest_case_0262,dtest_case_0262_t1,step_t1_0262,t1,dtest,mistral,0.2977,0.3217,-0.024,0.7662,0.9712,0.3224,0.112,0.0957,False,True,False,False,medium
dtest_case_0263,dtest_case_0263_t2,step_t2_0263,t2,dtest,claude-3,0.8481,0.061,0.7871,0.362,0.1999,0.0157,0.3407,0.3761,False,True,False,False,medium
dtest_case_0264,dtest_case_0264_t2,step_t2_0264,t2,dtest,gpt-4,0.1779,0.1595,0.0184,0.9647,0.7241,0.1221,0.375,0.2127,False,True,False,False,complex
dtest_case_0265,dtest_case_0265_t1,step_t1_0265,t1,dtest,gemini-pro,0.6251,0.1042,0.5209,0.1796,0.2725,-0.4883,0.4536,0.0625,True,True,False,False,hard
dtest_case_0265,dtest_case_0265_t2,step_t2_0265,t2,dtest,gemini-pro,0.8196,0.6251,0.1945,0.0931,0.0137,0.3843,0.1312,0.1252,False,False,False,False,hard
dtest_case_0266,dtest_case_0266_t0,step_t0_0266,t0,dtest,mistral,0.0701,0.0004,0.0697,0.7829,0.7266,0.0428,0.0457,0.1259,False,True,False,False,hard
dtest_case_0266,dtest_case_0266_t2,step_t2_0266,t2,dtest,mistral,0.8514,0.0701,0.7813,0.2292,0.1182,-0.1426,0.329,0.0032,False,True,False,False,hard
dtest_case_0267,dtest_case_0267_t2,step_t2_0267,t2,dtest,claude-3,0.5484,0.242,0.3064,0.2752,0.1668,0.0248,0.2737,0.1098,False,False,False,False,easy
dtest_case_0268,dtest_case_0268_t1,step_t1_0268,t1,dtest,codellama,0.1361,0.2711,-0.135,0.8458,0.9314,0.2564,0.3483,0.1297,False,True,False,False,medium
dtest_case_0268,dtest_case_0268_t2,step_t2_0268,t2,dtest,codellama,0.1344,0.1361,-0.0017,0.95,0.7449,0.1203,0.0662,0.1529,False,True,False,False,medium
dtest_case_0269,dtest_case_0269_t1,step_t1_0269,t1,dtest,claude-3,0.2318,0.245,-0.0132,0.9992,0.1265,0.1298,0.2155,0.1218,False,True,False,False,medium
dtest_case_0270,dtest_case_0270_t1,step_t1_0270,t1,dtest,mistral,0.0763,0.2718,-0.1955,0.7969,0.2488,0.3585,0.3881,0.0522,False,True,False,False,easy
dtest_case_0271,dtest_case_0271_t1,step_t1_0271,t1,dtest,mistral,0.699,0.2493,0.4497,0.3759,0.3262,-0.3638,0.4025,0.021,True,True,False,False,medium
dtest_case_0271,dtest_case_0271_t2,step_t2_0271,t2,dtest,mistral,0.5346,0.699,-0.1644,0.1557,0.0,0.3741,0.1523,0.1058,False,True,False,False,medium
dtest_case_0272,dtest_case_0272_t1,step_t1_0272,t1,dtest,claude-3,0.625,0.059,0.566,0.4671,0.1355,0.11,0.0048,0.3432,False,True,False,False,hard
dtest_case_0272,dtest_case_0272_t2,step_t2_0272,t2,dtest,claude-3,0.926,0.625,0.301,0.4017,0.3233,0.0239,0.3489,0.1456,False,True,False,False,hard
dtest_case_0273,dtest_case_0273_t0,step_t0_0273,t0,dtest,codellama,0.5028,0.4935,0.0093,0.2909,0.2764,-0.1994,0.066,0.2053,True,True,False,False,easy
dtest_case_0274,dtest_case_0274_t0,step_t0_0274,t0,dtest,claude-3,0.2142,0.1897,0.0245,0.7276,0.727,0.0297,0.0438,0.036,False,True,False,False,hard
dtest_case_0274,dtest_case_0274_t2,step_t2_0274,t2,dtest,claude-3,0.0702,0.2142,-0.144,0.8693,0.7975,0.0399,0.166,0.2651,False,False,False,False,hard
dtest_case_0275,dtest_case_0275_t0,step_t0_0275,t0,dtest,mistral,0.3536,0.2445,0.1091,0.8195,0.8775,0.1764,0.1081,0.0834,False,True,False,True,medium
dtest_case_0275,dtest_case_0275_t2,step_t2_0275,t2,dtest,mistral,0.4143,0.3536,0.0607,0.8416,0.6581,0.0733,0.2039,0.0502,False,True,False,True,medium
dtest_case_0276,dtest_case_0276_t2,step_t2_0276,t2,dtest,mistral,0.8723,0.1962,0.6761,0.2019,0.0012,-0.4014,0.488,0.1379,True,True,False,False,easy
dtest_case_0277,dtest_case_0277_t0,step_t0_0277,t0,dtest,gemini-pro,0.0988,0.0821,0.0167,0.8768,0.95,0.2953,0.0706,0.2182,False,True,False,False,medium
dtest_case_0277,dtest_case_0277_t2,step_t2_0277,t2,dtest,gemini-pro,0.0681,0.0988,-0.0307,0.8797,0.7459,-0.059,0.0175,0.3959,False,True,False,False,medium
dtest_case_0278,dtest_case_0278_t0,step_t0_0278,t0,dtest,gemini-pro,0.7,0.6243,0.0757,0.1028,0.1176,-0.3593,0.3808,0.2028,False,False,False,False,complex
dtest_case_0278,dtest_case_0278_t1,step_t1_0278,t1,dtest,gemini-pro,0.8456,0.7,0.1456,0.2455,0.2286,0.2094,0.3327,0.2003,False,True,False,False,complex
dtest_case_0279,dtest_case_0279_t0,step_t0_0279,t0,dtest,gpt-4,0.0594,0.0,0.0594,0.7476,0.6517,-0.0502,0.3016,0.2094,False,True,False,False,complex
dtest_case_0280,dtest_case_0280_t0,step_t0_0280,t0,dtest,mistral,0.2384,0.1646,0.0738,0.7183,0.8608,0.2905,0.3957,0.241,False,True,False,False,complex
dtest_case_0280,dtest_case_0280_t2,step_t2_0280,t2,dtest,mistral,0.5275,0.2384,0.2891,0.1795,0.1562,-0.1145,0.0675,0.0607,False,False,False,False,complex
dtest_case_0281,dtest_case_0281_t1,step_t1_0281,t1,dtest,gemini-pro,0.8446,0.0514,0.7932,0.0506,0.2012,-0.4426,0.0092,0.1856,False,True,False,True,medium
dtest_case_0281,dtest_case_0281_t2,step_t2_0281,t2,dtest,gemini-pro,0.7975,0.8446,-0.0471,0.3435,0.2807,0.2252,0.1062,0.0488,False,True,False,True,medium
dtest_case_0282,dtest_case_0282_t0,step_t0_0282,t0,dtest,claude-3,0.0954,0.0,0.0954,0.7142,0.2877,0.1057,0.0632,0.0111,False,True,False,False,easy
dtest_case_0282,dtest_case_0282_t2,step_t2_0282,t2,dtest,claude-3,0.863,0.0954,0.7676,0.4289,0.3082,0.2887,0.3364,0.2897,False,True,False,False,easy
dtest_case_0283,dtest_case_0283_t1,step_t1_0283,t1,dtest,codellama,0.3034,0.2514,0.052,0.7893,0.9224,0.196,0.083,0.0099,False,True,False,False,hard
dtest_case_0283,dtest_case_0283_t2,step_t2_0283,t2,dtest,codellama,0.2687,0.3034,-0.0347,0.9439,0.912,0.3001,0.4315,0.0603,False,False,False,False,hard
dtest_case_0285,dtest_case_0285_t1,step_t1_0285,t1,dtest,codellama,0.9462,0.2317,0.7145,0.4031,0.4478,-0.2578,0.1539,0.335,False,True,False,False,complex
dtest_case_0285,dtest_case_0285_t2,step_t2_0285,t2,dtest,codellama,0.6141,0.9462,-0.3321,0.3904,0.37,0.3621,0.1629,0.0511,False,True,False,False,complex
dtest_case_0286,dtest_case_0286_t0,step_t0_0286,t0,dtest,gemini-pro,0.067,0.0,0.067,0.9659,0.3849,-0.0363,0.0631,0.3254,False,False,False,False,easy
dtest_case_0286,dtest_case_0286_t2,step_t2_0286,t2,dtest,gemini-pro,0.7073,0.067,0.6403,0.2745,0.1949,0.3471,0.3225,0.1153,False,True,False,False,easy
dtest_case_0287,dtest_case_0287_t0,step_t0_0287,t0,dtest,gpt-4,0.4065,0.4045,0.002,0.763,0.2717,-0.0259,0.046,0.3261,False,False,False,False,medium
dtest_case_0287,dtest_case_0287_t1,step_t1_0287,t1,dtest,gpt-4,0.8706,0.4065,0.4641,0.4545,0.2712,-0.1751,0.192,0.2665,False,True,False,False,medium
dtest_case_0288,dtest_case_0288_t1,step_t1_0288,t1,dtest,claude-3,0.6755,0.17,0.5055,0.1121,0.0824,-0.1681,0.4884,0.1619,True,True,False,False,medium
dtest_case_0288,dtest_case_0288_t2,step_t2_0288,t2,dtest,claude-3,0.9011,0.6755,0.2256,0.2587,0.1787,0.1382,0.1592,0.1956,False,False,False,False,medium
dtest_case_0289,dtest_case_0289_t0,step_t0_0289,t0,dtest,claude-3,0.2869,0.1827,0.1042,0.7776,0.3454,0.2333,0.0598,0.2291,False,True,False,False,medium
dtest_case_0290,dtest_case_0290_t0,step_t0_0290,t0,dtest,claude-3,0.3716,0.3077,0.0639,0.9981,0.637,0.2902,0.3369,0.307,False,True,False,False,hard
dtest_case_0290,dtest_case_0290_t1,step_t1_0290,t1,dtest,claude-3,0.2468,0.3716,-0.1248,0.9288,0.693,0.013,0.2755,0.2094,False,True,False,False,hard
dtest_case_0291,dtest_case_0291_t1,step_t1_0291,t1,dtest,codellama,0.6341,0.1195,0.5146,0.3972,0.3108,0.3162,0.4877,0.1897,False,True,False,False,medium
dtest_case_0291,dtest_case_0291_t2,step_t2_0291,t2,dtest,codellama,0.5216,0.6341,-0.1125,0.183,0.0,0.1616,0.1359,0.1597,False,True,False,False,medium
dtest_case_0292,dtest_case_0292_t1,step_t1_0292,t1,dtest,gemini-pro,0.3112,0.0885,0.2227,0.992,0.2679,-0.0322,0.4468,0.0299,False,False,False,True,medium
dtest_case_0292,dtest_case_0292_t2,step_t2_0292,t2,dtest,gemini-pro,0.9485,0.3112,0.6373,0.3652,0.1726,-0.3651,0.4708,0.2119,False,False,False,True,medium
dtest_case_0293,dtest_case_0293_t0,step_t0_0293,t0,dtest,claude-3,0.4401,0.3151,0.125,0.7561,0.9866,0.2141,0.4653,0.2704,False,True,False,False,medium
dtest_case_0294,dtest_case_0294_t0,step_t0_0294,t0,dtest,claude-3,0.198,0.1154,0.0826,0.9265,0.7272,0.1899,0.1728,0.3263,False,True,False,False,medium
dtest_case_0294,dtest_case_0294_t1,step_t1_0294,t1,dtest,claude-3,0.0807,0.198,-0.1173,0.7081,0.6244,0.1497,0.0532,0.0457,False,False,False,False,medium
dtest_case_0296,dtest_case_0296_t0,step_t0_0296,t0,dtest,gpt-4,0.8927,0.8249,0.0678,0.4936,0.0501,-0.2544,0.3082,0.183,False,True,False,True,complex
dtest_case_0296,dtest_case_0296_t1,step_t1_0296,t1,dtest,gpt-4,0.6867,0.8927,-0.206,0.3787,0.1041,-0.0012,0.0903,0.105,False,True,False,True,complex
dtest_case_0297,dtest_case_0297_t0,step_t0_0297,t0,dtest,gemini-pro,0.0945,0.0,0.0945,0.7541,0.665,0.2378,0.019,0.248,False,True,False,False,complex
dtest_case_0297,dtest_case_0297_t1,step_t1_0297,t1,dtest,gemini-pro,0.136,0.0945,0.0415,0.6647,0.7455,-0.0507,0.0582,0.1017,False,True,False,False,complex
dtest_case_0298,dtest_case_0298_t1,step_t1_0298,t1,dtest,gemini-pro,0.7385,0.2196,0.5189,0.3167,0.1093,-0.4312,0.4394,0.2233,False,True,False,False,hard
dtest_case_0298,dtest_case_0298_t2,step_t2_0298,t2,dtest,gemini-pro,0.7765,0.7385,0.038,0.2856,0.2058,0.135,0.2512,0.0803,False,True,False,False,hard
dtest_case_0299,dtest_case_0299_t0,step_t0_0299,t0,dtest,mistral,0.3666,0.2292,0.1374,0.7759,0.7228,-0.0024,0.3392,0.1292,False,False,False,False,medium
dtest_case_0299,dtest_case_0299_t1,step_t1_0299,t1,dtest,mistral,0.1803,0.3666,-0.1863,0.7879,0.8413,0.3008,0.2348,0.1691,False,False,False,False,medium
dtest_case_0300,dtest_case_0300_t2,step_t2_0300,t2,dtest,gpt-4,0.0542,0.2738,-0.2196,0.7022,0.5057,0.209,0.1709,0.3495,False,True,False,True,hard
dtest_case_0301,dtest_case_0301_t1,step_t1_0301,t1,dtest,mistral,0.602,0.1917,0.4103,0.2082,0.2942,-0.4904,0.0582,0.0508,True,True,False,False,medium
dtest_case_0301,dtest_case_0301_t2,step_t2_0301,t2,dtest,mistral,0.8385,0.602,0.2365,0.4575,0.2487,-0.0016,0.2206,0.0798,False,True,False,False,medium
dtest_case_0302,dtest_case_0302_t1,step_t1_0302,t1,dtest,codellama,0.7266,0.067,0.6596,0.1482,0.4242,0.1331,0.2227,0.0058,False,True,False,False,medium
dtest_case_0302,dtest_case_0302_t2,step_t2_0302,t2,dtest,codellama,0.8898,0.7266,0.1632,0.1241,0.0203,-0.0928,0.2392,0.0084,False,False,False,False,medium
dtest_case_0303,dtest_case_0303_t0,step_t0_0303,t0,dtest,mistral,0.3799,0.2617,0.1182,0.7492,0.9349,0.1715,0.1869,0.2501,False,True,False,False,complex
dtest_case_0303,dtest_case_0303_t2,step_t2_0303,t2,dtest,mistral,0.5643,0.3799,0.1844,0.384,0.323,-0.2608,0.1926,0.3419,False,False,False,False,complex
dtest_case_0304,dtest_case_0304_t0,step_t0_0304,t0,dtest,claude-3,0.1582,0.1291,0.0291,0.8161,0.6029,-0.0871,0.2766,0.2082,False,False,False,False,easy
dtest_case_0304,dtest_case_0304_t2,step_t2_0304,t2,dtest,claude-3,0.1307,0.1582,-0.0275,0.7403,0.7119,0.3588,0.3889,0.3289,False,False,False,False,easy
dtest_case_0305,dtest_case_0305_t0,step_t0_0305,t0,dtest,mistral,0.7362,0.6685,0.0677,0.1987,0.2857,-0.3183,0.2258,0.3748,False,False,False,False,complex
dtest_case_0305,dtest_case_0305_t2,step_t2_0305,t2,dtest,mistral,0.8405,0.7362,0.1043,0.3563,0.3148,-0.0704,0.3454,0.2915,False,True,False,False,complex
dtest_case_0307,dtest_case_0307_t1,step_t1_0307,t1,dtest,codellama,0.9176,0.0728,0.8448,0.1787,0.319,-0.4321,0.0277,0.1325,False,True,False,False,hard
dtest_case_0307,dtest_case_0307_t2,step_t2_0307,t2,dtest,codellama,0.7938,0.9176,-0.1238,0.3108,0.3052,0.3943,0.0207,0.3871,False,True,False,False,hard
dtest_case_0308,dtest_case_0308_t1,step_t1_0308,t1,dtest,claude-3,0.4353,0.0787,0.3566,0.8216,0.6678,-0.0745,0.3088,0.0831,False,True,False,False,hard
dtest_case_0310,dtest_case_0310_t0,step_t0_0310,t0,dtest,codellama,0.0949,0.0451,0.0498,0.9236,0.2248,0.2139,0.3237,0.3375,False,True,False,False,hard
dtest_case_0310,dtest_case_0310_t1,step_t1_0310,t1,dtest,codellama,0.8093,0.0949,0.7144,0.4827,0.3421,-0.3041,0.3154,0.2959,False,True,False,False,hard
dtest_case_0311,dtest_case_0311_t0,step_t0_0311,t0,dtest,codellama,0.1279,0.0063,0.1216,0.7454,0.3426,0.0861,0.2609,0.0272,False,True,False,True,hard
dtest_case_0311,dtest_case_0311_t1,step_t1_0311,t1,dtest,codellama,0.9307,0.1279,0.8028,0.4506,0.3109,-0.3161,0.3379,0.2474,False,True,False,True,hard
dtest_case_0312,dtest_case_0312_t0,step_t0_0312,t0,dtest,claude-3,0.3031,0.1878,0.1153,0.9979,0.6044,0.2651,0.2859,0.1736,False,True,False,False,easy
dtest_case_0312,dtest_case_0312_t1,step_t1_0312,t1,dtest,claude-3,0.2136,0.3031,-0.0895,0.774,0.7211,0.2654,0.3504,0.2356,False,False,False,False,easy
dtest_case_0313,dtest_case_0313_t2,step_t2_0313,t2,dtest,mistral,0.6574,0.111,0.5464,0.3452,0.2955,0.0575,0.1123,0.0277,False,False,False,False,hard
dtest_case_0314,dtest_case_0314_t2,step_t2_0314,t2,dtest,codellama,0.6145,0.1683,0.4462,0.0695,0.0,0.0653,0.3724,0.165,False,True,False,False,medium
dtest_case_0316,dtest_case_0316_t0,step_t0_0316,t0,dtest,gpt-4,0.2553,0.2357,0.0196,0.8042,0.1769,0.356,0.0305,0.2776,False,True,False,False,hard
dtest_case_0317,dtest_case_0317_t0,step_t0_0317,t0,dtest,codellama,0.1776,0.1153,0.0623,0.9678,0.697,-0.0543,0.1593,0.0419,False,True,False,False,hard
dtest_case_0317,dtest_case_0317_t2,step_t2_0317,t2,dtest,codellama,0.2795,0.1776,0.1019,0.6713,0.6636,0.2572,0.1808,0.0502,False,True,False,False,hard
dtest_case_0318,dtest_case_0318_t1,step_t1_0318,t1,dtest,gpt-4,0.3068,0.1189,0.1879,0.8231,0.6487,0.194,0.158,0.2508,False,False,False,False,easy
dtest_case_0318,dtest_case_0318_t2,step_t2_0318,t2,dtest,gpt-4,0.2947,0.3068,-0.0121,0.7535,0.6896,0.0637,0.0823,0.0725,False,False,False,False,easy
dtest_case_0320,dtest_case_0320_t0,step_t0_0320,t0,dtest,mistral,0.2039,0.1385,0.0654,0.8579,0.8359,-0.0663,0.4158,0.0709,False,True,False,False,hard
dtest_case_0320,dtest_case_0320_t1,step_t1_0320,t1,dtest,mistral,0.3591,0.2039,0.1552,0.9002,0.8316,-0.0927,0.1802,0.2419,False,True,False,False,hard
dtest_case_0321,dtest_case_0321_t1,step_t1_0321,t1,dtest,mistral,0.8886,0.1272,0.7614,0.1821,0.1564,0.0664,0.2787,0.2828,False,True,False,False,easy
dtest_case_0321,dtest_case_0321_t2,step_t2_0321,t2,dtest,mistral,0.8635,0.8886,-0.0251,0.4487,0.2447,-0.0905,0.368,0.0834,False,True,False,False,easy
dtest_case_0322,dtest_case_0322_t0,step_t0_0322,t0,dtest,gemini-pro,0.3054,0.2574,0.048,0.67,0.1051,-0.0995,0.4516,0.0098,False,True,False,False,easy
dtest_case_0322,dtest_case_0322_t2,step_t2_0322,t2,dtest,gemini-pro,0.6873,0.3054,0.3819,0.2105,0.0,-0.0799,0.2561,0.2722,False,False,False,False,easy
dtest_case_0323,dtest_case_0323_t1,step_t1_0323,t1,dtest,mistral,0.7792,0.2509,0.5283,0.0877,0.2044,0.087,0.4431,0.0605,False,True,False,False,easy
dtest_case_0323,dtest_case_0323_t2,step_t2_0323,t2,dtest,mistral,0.6479,0.7792,-0.1313,0.0745,0.0289,0.3826,0.2141,0.2528,False,True,False,False,easy
dtest_case_0324,dtest_case_0324_t1,step_t1_0324,t1,dtest,codellama,0.6651,0.0868,0.5783,0.143,0.1753,0.218,0.1991,0.0027,False,True,False,False,complex
dtest_case_0324,dtest_case_0324_t2,step_t2_0324,t2,dtest,codellama,0.9147,0.6651,0.2496,0.4154,0.2091,0.2975,0.1619,0.3061,False,True,False,False,complex
dtest_case_0325,dtest_case_0325_t0,step_t0_0325,t0,dtest,claude-3,0.796,0.6998,0.0962,0.0615,0.3652,-0.1387,0.1337,0.325,True,True,False,False,hard
dtest_case_0325,dtest_case_0325_t1,step_t1_0325,t1,dtest,claude-3,0.7185,0.796,-0.0775,0.2957,0.4205,0.3357,0.3925,0.1095,False,False,False,False,hard
dtest_case_0326,dtest_case_0326_t1,step_t1_0326,t1,dtest,gpt-4,0.089,0.2633,-0.1743,0.7649,0.0715,0.2347,0.1156,0.0974,False,True,False,False,medium
dtest_case_0326,dtest_case_0326_t2,step_t2_0326,t2,dtest,gpt-4,0.5287,0.089,0.4397,0.1297,0.1284,-0.3218,0.0421,0.2731,True,False,False,False,medium
dtest_case_0327,dtest_case_0327_t0,step_t0_0327,t0,dtest,gemini-pro,0.3985,0.3551,0.0434,0.9241,0.9213,0.3933,0.2989,0.0328,False,True,False,False,medium
dtest_case_0327,dtest_case_0327_t1,step_t1_0327,t1,dtest,gemini-pro,0.3,0.3985,-0.0985,0.8734,0.1729,0.3298,0.4797,0.0871,False,True,False,False,medium
dtest_case_0329,dtest_case_0329_t0,step_t0_0329,t0,dtest,mistral,0.1278,0.0047,0.1231,0.8868,0.8544,0.1009,0.2889,0.1231,False,True,False,False,hard
dtest_case_0329,dtest_case_0329_t2,step_t2_0329,t2,dtest,mistral,0.3672,0.1278,0.2394,0.9934,0.7603,0.3669,0.2011,0.1875,False,True,False,False,hard
dtest_case_0330,dtest_case_0330_t0,step_t0_0330,t0,dtest,claude-3,0.4189,0.3976,0.0213,0.7565,0.6557,0.206,0.1532,0.1304,False,True,False,False,hard
dtest_case_0331,dtest_case_0331_t1,step_t1_0331,t1,dtest,claude-3,0.6574,0.2656,0.3918,0.1549,0.3281,-0.2481,0.4317,0.0529,False,True,False,False,medium
dtest_case_0332,dtest_case_0332_t0,step_t0_0332,t0,dtest,gemini-pro,0.4482,0.3115,0.1367,0.7275,0.6225,0.0278,0.2638,0.0686,False,True,False,False,medium
dtest_case_0332,dtest_case_0332_t1,step_t1_0332,t1,dtest,gemini-pro,0.235,0.4482,-0.2132,0.6616,0.6488,0.1079,0.0316,0.1587,False,True,False,False,medium
dtest_case_0333,dtest_case_0333_t1,step_t1_0333,t1,dtest,gpt-4,0.2305,0.2673,-0.0368,0.8355,0.7872,0.1054,0.4088,0.358,False,False,False,False,easy
dtest_case_0333,dtest_case_0333_t2,step_t2_0333,t2,dtest,gpt-4,0.3194,0.2305,0.0889,0.6981,0.6289,-0.077,0.4654,0.2643,False,True,False,False,easy
dtest_case_0334,dtest_case_0334_t1,step_t1_0334,t1,dtest,mistral,0.1746,0.2614,-0.0868,0.7409,0.6007,0.0882,0.2854,0.1915,False,False,False,True,hard
dtest_case_0334,dtest_case_0334_t2,step_t2_0334,t2,dtest,mistral,0.0922,0.1746,-0.0824,0.8438,0.7156,0.0407,0.4111,0.3011,False,True,False,True,hard
dtest_case_0335,dtest_case_0335_t1,step_t1_0335,t1,dtest,gemini-pro,0.4005,0.2307,0.1698,0.7311,0.8822,0.0539,0.1211,0.0292,False,True,False,True,hard
dtest_case_0335,dtest_case_0335_t2,step_t2_0335,t2,dtest,gemini-pro,0.3344,0.4005,-0.0661,0.7321,0.5448,0.3589,0.054,0.0931,False,False,False,True,hard
dtest_case_0336,dtest_case_0336_t1,step_t1_0336,t1,dtest,codellama,0.1598,0.2062,-0.0464,0.6784,0.2309,0.2695,0.3433,0.326,False,False,False,False,medium
dtest_case_0337,dtest_case_0337_t0,step_t0_0337,t0,dtest,codellama,0.3593,0.2586,0.1007,0.6611,0.264,-0.0812,0.404,0.1283,False,True,False,False,easy
dtest_case_0338,dtest_case_0338_t2,step_t2_0338,t2,dtest,gemini-pro,0.6258,0.2456,0.3802,0.4489,0.3492,0.3315,0.1335,0.2139,False,False,False,False,easy
dtest_case_0339,dtest_case_0339_t0,step_t0_0339,t0,dtest,mistral,0.1804,0.0373,0.1431,0.6927,0.6073,0.3521,0.0343,0.3968,False,False,False,False,complex
dtest_case_0339,dtest_case_0339_t1,step_t1_0339,t1,dtest,mistral,0.1048,0.1804,-0.0756,0.8382,0.674,0.1141,0.0307,0.0896,False,True,False,False,complex
dtest_case_0340,dtest_case_0340_t1,step_t1_0340,t1,dtest,gemini-pro,0.2255,0.2944,-0.0689,0.9328,0.895,0.1685,0.42,0.1357,False,True,False,False,medium
dtest_case_0340,dtest_case_0340_t2,step_t2_0340,t2,dtest,gemini-pro,0.4475,0.2255,0.222,0.7601,0.5916,0.3222,0.4579,0.2872,False,True,False,False,medium
dtest_case_0341,dtest_case_0341_t0,step_t0_0341,t0,dtest,mistral,0.1805,0.1774,0.0031,0.9163,0.6171,0.3323,0.0593,0.0688,False,True,False,False,hard
dtest_case_0341,dtest_case_0341_t2,step_t2_0341,t2,dtest,mistral,0.3452,0.1805,0.1647,0.6987,0.5887,0.1414,0.1061,0.0462,False,False,False,False,hard
dtest_case_0342,dtest_case_0342_t0,step_t0_0342,t0,dtest,claude-3,0.251,0.2488,0.0022,0.931,0.9923,0.203,0.2519,0.3514,False,False,False,False,hard
dtest_case_0342,dtest_case_0342_t2,step_t2_0342,t2,dtest,claude-3,0.3518,0.251,0.1008,0.8059,0.6578,0.2505,0.0971,0.1789,False,False,False,False,hard
dtest_case_0343,dtest_case_0343_t1,step_t1_0343,t1,dtest,gemini-pro,0.7946,0.1528,0.6418,0.3485,0.0973,0.1007,0.3966,0.0882,False,True,False,True,medium
dtest_case_0344,dtest_case_0344_t0,step_t0_0344,t0,dtest,mistral,0.4303,0.3988,0.0315,0.7413,0.4378,0.2674,0.3498,0.3412,False,True,False,False,medium
dtest_case_0344,dtest_case_0344_t2,step_t2_0344,t2,dtest,mistral,0.8177,0.4303,0.3874,0.2767,0.0694,0.1541,0.3101,0.1911,False,True,False,False,medium
dtest_case_0345,dtest_case_0345_t0,step_t0_0345,t0,dtest,gemini-pro,0.3572,0.2629,0.0943,0.8716,0.2301,0.1656,0.3729,0.3304,False,True,False,False,easy
dtest_case_0345,dtest_case_0345_t2,step_t2_0345,t2,dtest,gemini-pro,0.9158,0.3572,0.5586,0.4191,0.2786,0.2357,0.4632,0.2477,False,False,False,False,easy
dtest_case_0346,dtest_case_0346_t1,step_t1_0346,t1,dtest,gemini-pro,0.3255,0.188,0.1375,0.7346,0.7704,0.3839,0.3289,0.2258,False,False,False,False,hard
dtest_case_0346,dtest_case_0346_t2,step_t2_0346,t2,dtest,gemini-pro,0.2846,0.3255,-0.0409,0.8341,0.6443,0.2563,0.0966,0.1885,False,True,False,False,hard
dtest_case_0348,dtest_case_0348_t0,step_t0_0348,t0,dtest,mistral,0.2013,0.1237,0.0776,0.7946,0.1297,0.1062,0.0361,0.2303,False,False,False,False,hard
dtest_case_0349,dtest_case_0349_t0,step_t0_0349,t0,dtest,gpt-4,0.3401,0.286,0.0541,0.6805,0.1309,0.1727,0.1035,0.2176,False,True,False,False,hard
dtest_case_0349,dtest_case_0349_t1,step_t1_0349,t1,dtest,gpt-4,0.882,0.3401,0.5419,0.2288,0.1482,-0.1751,0.1714,0.0446,False,True,False,False,hard
dtest_case_0350,dtest_case_0350_t1,step_t1_0350,t1,dtest,gemini-pro,0.8216,0.1101,0.7115,0.2497,0.1629,-0.4676,0.4383,0.2915,True,True,False,False,easy
dtest_case_0350,dtest_case_0350_t2,step_t2_0350,t2,dtest,gemini-pro,0.5906,0.8216,-0.231,0.4506,0.4219,-0.0981,0.251,0.2333,False,True,False,False,easy
dtest_case_0351,dtest_case_0351_t1,step_t1_0351,t1,dtest,codellama,0.5245,0.1285,0.396,0.2746,0.1366,-0.1509,0.0436,0.195,False,True,False,False,complex
dtest_case_0351,dtest_case_0351_t2,step_t2_0351,t2,dtest,codellama,0.7809,0.5245,0.2564,0.4232,0.3756,0.3586,0.2768,0.1197,False,True,False,False,complex
dtest_case_0352,dtest_case_0352_t1,step_t1_0352,t1,dtest,gemini-pro,0.1749,0.2313,-0.0564,0.9287,0.9332,0.3929,0.3956,0.2406,False,True,False,False,hard
dtest_case_0352,dtest_case_0352_t2,step_t2_0352,t2,dtest,gemini-pro,0.2678,0.1749,0.0929,0.6644,0.4782,0.123,0.01,0.025,False,True,False,False,hard
dtest_case_0353,dtest_case_0353_t1,step_t1_0353,t1,dtest,gemini-pro,0.2834,0.1661,0.1173,0.8667,0.7921,0.2309,0.1096,0.0451,False,True,False,False,medium
dtest_case_0353,dtest_case_0353_t2,step_t2_0353,t2,dtest,gemini-pro,0.2439,0.2834,-0.0395,0.6594,0.5643,-0.0469,0.2657,0.1583,False,True,False,False,medium
dtest_case_0354,dtest_case_0354_t2,step_t2_0354,t2,dtest,mistral,0.3722,0.1249,0.2473,0.9867,0.8528,0.2091,0.3403,0.2667,False,True,False,False,complex
dtest_case_0355,dtest_case_0355_t1,step_t1_0355,t1,dtest,gemini-pro,0.2215,0.0634,0.1581,0.6577,0.7432,0.0668,0.1938,0.0553,False,True,False,False,hard
dtest_case_0355,dtest_case_0355_t2,step_t2_0355,t2,dtest,gemini-pro,0.3928,0.2215,0.1713,0.9786,0.8555,0.2504,0.4278,0.1673,False,True,False,False,hard
dtest_case_0356,dtest_case_0356_t0,step_t0_0356,t0,dtest,gemini-pro,0.4247,0.3473,0.0774,0.824,0.6714,-0.0459,0.4211,0.2457,False,True,False,False,hard
dtest_case_0356,dtest_case_0356_t2,step_t2_0356,t2,dtest,gemini-pro,0.5863,0.4247,0.1616,0.3,0.154,-0.4172,0.4257,0.0337,False,True,False,False,hard
dtest_case_0357,dtest_case_0357_t0,step_t0_0357,t0,dtest,codellama,0.1596,0.0354,0.1242,0.909,0.3656,-0.0404,0.0703,0.1146,False,True,False,False,hard
dtest_case_0357,dtest_case_0357_t1,step_t1_0357,t1,dtest,codellama,0.8366,0.1596,0.677,0.4264,0.3317,-0.1286,0.3694,0.1225,True,True,False,False,hard
dtest_case_0359,dtest_case_0359_t0,step_t0_0359,t0,dtest,gemini-pro,0.1271,0.1132,0.0139,0.8363,0.3787,-0.0493,0.3959,0.3246,False,True,False,False,hard
dtest_case_0360,dtest_case_0360_t1,step_t1_0360,t1,dtest,claude-3,0.0729,0.0936,-0.0207,0.8976,0.8847,0.3492,0.2913,0.0496,False,True,False,False,easy
dtest_case_0360,dtest_case_0360_t2,step_t2_0360,t2,dtest,claude-3,0.3385,0.0729,0.2656,0.7143,0.6322,0.1436,0.0124,0.0995,False,True,False,False,easy
dtest_case_0361,dtest_case_0361_t1,step_t1_0361,t1,dtest,gpt-4,0.6258,0.0841,0.5417,0.3776,0.3753,-0.397,0.3872,0.1542,False,False,False,False,medium
dtest_case_0361,dtest_case_0361_t2,step_t2_0361,t2,dtest,gpt-4,0.8375,0.6258,0.2117,0.4123,0.3781,-0.0651,0.4467,0.1551,False,True,False,False,medium
dtest_case_0362,dtest_case_0362_t0,step_t0_0362,t0,dtest,codellama,0.3399,0.2144,0.1255,0.9519,0.7264,0.3261,0.0205,0.0199,False,True,False,True,complex
dtest_case_0363,dtest_case_0363_t0,step_t0_0363,t0,dtest,gemini-pro,0.0752,0.0265,0.0487,0.8855,0.1849,-0.0102,0.1407,0.183,False,True,False,False,medium
dtest_case_0363,dtest_case_0363_t1,step_t1_0363,t1,dtest,gemini-pro,0.8524,0.0752,0.7772,0.3876,0.2327,-0.1617,0.0571,0.1021,False,True,False,False,medium
dtest_case_0364,dtest_case_0364_t0,step_t0_0364,t0,dtest,claude-3,0.4425,0.3726,0.0699,0.9272,0.7609,0.1125,0.1914,0.2876,False,True,False,False,medium
dtest_case_0364,dtest_case_0364_t1,step_t1_0364,t1,dtest,claude-3,0.4275,0.4425,-0.015,0.7378,0.6402,0.0966,0.3084,0.3443,False,True,False,False,medium
dtest_case_0365,dtest_case_0365_t0,step_t0_0365,t0,dtest,gemini-pro,0.7942,0.7417,0.0525,0.3277,0.4039,-0.4075,0.2021,0.3973,False,True,False,False,medium
dtest_case_0365,dtest_case_0365_t2,step_t2_0365,t2,dtest,gemini-pro,0.7325,0.7942,-0.0617,0.1781,0.0488,0.3241,0.3426,0.116,False,True,False,False,medium
dtest_case_0366,dtest_case_0366_t0,step_t0_0366,t0,dtest,gemini-pro,0.1561,0.1306,0.0255,0.6835,0.7677,-0.0434,0.086,0.2189,False,True,False,False,medium
dtest_case_0367,dtest_case_0367_t1,step_t1_0367,t1,dtest,mistral,0.5287,0.1293,0.3994,0.1491,0.2561,-0.4591,0.3759,0.3625,False,True,False,False,hard
dtest_case_0367,dtest_case_0367_t2,step_t2_0367,t2,dtest,mistral,0.8873,0.5287,0.3586,0.3627,0.3601,0.097,0.4255,0.1383,False,True,False,False,hard
dtest_case_0368,dtest_case_0368_t0,step_t0_0368,t0,dtest,mistral,0.3485,0.2282,0.1203,0.7062,0.8149,-0.004,0.3596,0.1086,False,True,False,False,complex
