case_id,reference_type,external_reference_available,cpfc_onset,cpfc_pattern,endpoint_only_onset,endpoint_only_pattern,endpoint_heuristic_all_t0_onset,endpoint_heuristic_all_final_onset,endpoint_heuristic_majority_onset,endpoint_heuristic_random_onset,simple_step_onset,simple_step_pattern,descriptive_error_pattern,reduced_model_onset,reduced_model_pattern,human_onset_reference_if_available,human_pattern_reference_if_available,onset_eval_included,pattern_eval_included
dtest_case_0000,synthetic_reference,False,t0,dependency_mediated_propagation,not_identifiable,not_identifiable,t0,t2,t1,t0,t2,burst_associated_degradation,boundary_case,t1,local_verification_collapse,,,True,True
dtest_case_0001,synthetic_reference,False,t2,unverifiable_or_excluded,not_identifiable,not_identifiable,t0,t2,t0,t0,t0,dependency_mediated_propagation,dependency_mediated_propagation,t0,burst_associated_degradation,,,True,True
dtest_case_0002,human_annotated,True,t1,boundary_case,not_identifiable,not_identifiable,t0,t2,t1,t2,t0,local_verification_collapse,unverifiable_or_excluded,t0,dependency_mediated_propagation,t0,dependency_mediated_propagation,True,True
dtest_case_0003,synthetic_reference,False,none,unverifiable_or_excluded,not_identifiable,not_identifiable,t0,t2,t0,t0,t1,dependency_mediated_propagation,unverifiable_or_excluded,t1,boundary_case,,,True,False
dtest_case_0004,synthetic_reference,False,t2,local_verification_collapse,not_identifiable,not_identifiable,t0,t2,t0,t1,t1,boundary_case,dependency_mediated_propagation,t1,burst_associated_degradation,,,False,False
dtest_case_0005,synthetic_reference,False,t2,unverifiable_or_excluded,not_identifiable,not_identifiable,t0,t2,t1,t2,t1,unverifiable_or_excluded,boundary_case,t1,burst_associated_degradation,,,False,False
dtest_case_0006,human_annotated,True,none,unverifiable_or_excluded,not_identifiable,not_identifiable,t0,t2,t0,t1,none,local_verification_collapse,unverifiable_or_excluded,none,dependency_mediated_propagation,none,unverifiable_or_excluded,False,False
dtest_case_0007,synthetic_reference,False,none,unverifiable_or_excluded,not_identifiable,not_identifiable,t0,t2,t1,t0,none,boundary_case,burst_associated_degradation,t1,burst_associated_degradation,,,True,False
dtest_case_0008,synthetic_reference,False,none,unverifiable_or_excluded,not_identifiable,not_identifiable,t0,t2,t0,t2,t0,unverifiable_or_excluded,boundary_case,t0,dependency_mediated_propagation,,,True,False
dtest_case_0009,synthetic_reference,False,none,boundary_case,not_identifiable,not_identifiable,t0,t2,t0,t2,none,local_verification_collapse,unverifiable_or_excluded,none,dependency_mediated_propagation,,,True,False
dtest_case_0010,synthetic_reference,False,none,unverifiable_or_excluded,not_identifiable,not_identifiable,t0,t2,t1,t1,t1,boundary_case,unverifiable_or_excluded,t2,boundary_case,,,False,False
dtest_case_0011,synthetic_reference,False,t1,dependency_mediated_propagation,not_identifiable,not_identifiable,t0,t2,t1,t2,t1,burst_associated_degradation,unverifiable_or_excluded,t2,burst_associated_degradation,,,True,True
dtest_case_0012,synthetic_reference,False,t1,unverifiable_or_excluded,not_identifiable,not_identifiable,t0,t2,t1,t1,t1,local_verification_collapse,dependency_mediated_propagation,none,boundary_case,,,True,True
dtest_case_0013,synthetic_reference,False,t2,unverifiable_or_excluded,not_identifiable,not_identifiable,t0,t2,t0,t0,t2,unverifiable_or_excluded,unverifiable_or_excluded,none,boundary_case,,,False,False
dtest_case_0014,synthetic_reference,False,none,unverifiable_or_excluded,not_identifiable,not_identifiable,t0,t2,t1,t0,t0,unverifiable_or_excluded,unverifiable_or_excluded,t0,local_verification_collapse,,,False,False
dtest_case_0015,synthetic_reference,False,none,unverifiable_or_excluded,not_identifiable,not_identifiable,t0,t2,t0,t2,none,boundary_case,unverifiable_or_excluded,t0,boundary_case,,,False,False
dtest_case_0016,human_annotated,True,t1,dependency_mediated_propagation,not_identifiable,not_identifiable,t0,t2,t0,t1,t2,local_verification_collapse,local_verification_collapse,t0,unverifiable_or_excluded,t1,burst_associated_degradation,True,True
dtest_case_0017,synthetic_reference,False,t0,dependency_mediated_propagation,not_identifiable,not_identifiable,t0,t2,t1,t0,t2,boundary_case,local_verification_collapse,none,local_verification_collapse,,,True,True
dtest_case_0018,synthetic_reference,False,t2,burst_associated_degradation,not_identifiable,not_identifiable,t0,t2,t0,t0,t2,burst_associated_degradation,burst_associated_degradation,t1,local_verification_collapse,,,True,True
dtest_case_0019,synthetic_reference,False,none,unverifiable_or_excluded,not_identifiable,not_identifiable,t0,t2,t1,t0,t2,boundary_case,unverifiable_or_excluded,t0,local_verification_collapse,,,True,False
dtest_case_0020,synthetic_reference,False,none,unverifiable_or_excluded,not_identifiable,not_identifiable,t0,t2,t1,t1,none,unverifiable_or_excluded,local_verification_collapse,t2,unverifiable_or_excluded,,,True,False
dtest_case_0021,synthetic_reference,False,t2,unverifiable_or_excluded,not_identifiable,not_identifiable,t0,t2,t0,t0,t0,burst_associated_degradation,local_verification_collapse,none,unverifiable_or_excluded,,,True,True
dtest_case_0022,synthetic_reference,False,t1,burst_associated_degradation,not_identifiable,not_identifiable,t0,t2,t1,t2,t2,burst_associated_degradation,burst_associated_degradation,t1,unverifiable_or_excluded,,,True,True
dtest_case_0023,synthetic_reference,False,t1,boundary_case,not_identifiable,not_identifiable,t0,t2,t0,t0,t1,boundary_case,boundary_case,t1,unverifiable_or_excluded,,,True,True
dtest_case_0024,synthetic_reference,False,t1,burst_associated_degradation,not_identifiable,not_identifiable,t0,t2,t1,t0,t1,local_verification_collapse,boundary_case,t1,burst_associated_degradation,,,True,True
dtest_case_0025,synthetic_reference,False,none,unverifiable_or_excluded,not_identifiable,not_identifiable,t0,t2,t1,t2,none,unverifiable_or_excluded,boundary_case,t2,dependency_mediated_propagation,,,True,False
dtest_case_0026,human_annotated,True,t1,unverifiable_or_excluded,not_identifiable,not_identifiable,t0,t2,t0,t0,none,local_verification_collapse,dependency_mediated_propagation,t2,boundary_case,none,unverifiable_or_excluded,False,False
dtest_case_0027,synthetic_reference,False,t1,burst_associated_degradation,not_identifiable,not_identifiable,t0,t2,t1,t0,t1,unverifiable_or_excluded,burst_associated_degradation,t0,boundary_case,,,True,True
dtest_case_0028,synthetic_reference,False,none,unverifiable_or_excluded,not_identifiable,not_identifiable,t0,t2,t0,t2,t1,local_verification_collapse,dependency_mediated_propagation,t2,local_verification_collapse,,,True,False
dtest_case_0029,synthetic_reference,False,none,unverifiable_or_excluded,not_identifiable,not_identifiable,t0,t2,t0,t2,none,boundary_case,unverifiable_or_excluded,t1,burst_associated_degradation,,,False,False
dtest_case_0030,synthetic_reference,False,t1,boundary_case,not_identifiable,not_identifiable,t0,t2,t0,t2,t2,burst_associated_degradation,dependency_mediated_propagation,none,boundary_case,,,True,True
dtest_case_0031,synthetic_reference,False,none,unverifiable_or_excluded,not_identifiable,not_identifiable,t0,t2,t1,t1,t0,local_verification_collapse,unverifiable_or_excluded,t2,dependency_mediated_propagation,,,False,False
dtest_case_0032,synthetic_reference,False,none,dependency_mediated_propagation,not_identifiable,not_identifiable,t0,t2,t0,t2,none,boundary_case,local_verification_collapse,t2,burst_associated_degradation,,,False,False
dtest_case_0033,synthetic_reference,False,t2,burst_associated_degradation,not_identifiable,not_identifiable,t0,t2,t1,t1,t2,dependency_mediated_propagation,burst_associated_degradation,t2,boundary_case,,,True,True
dtest_case_0034,synthetic_reference,False,t0,burst_associated_degradation,not_identifiable,not_identifiable,t0,t2,t0,t1,t0,boundary_case,burst_associated_degradation,t0,boundary_case,,,True,True
dtest_case_0035,synthetic_reference,False,t0,local_verification_collapse,not_identifiable,not_identifiable,t0,t2,t1,t1,t1,local_verification_collapse,boundary_case,t0,boundary_case,,,True,True
dtest_case_0036,synthetic_reference,False,none,unverifiable_or_excluded,not_identifiable,not_identifiable,t0,t2,t1,t1,t2,dependency_mediated_propagation,unverifiable_or_excluded,t1,unverifiable_or_excluded,,,True,False
dtest_case_0037,synthetic_reference,False,none,unverifiable_or_excluded,not_identifiable,not_identifiable,t0,t2,t0,t2,none,burst_associated_degradation,local_verification_collapse,t2,dependency_mediated_propagation,,,False,False
dtest_case_0038,synthetic_reference,False,t1,dependency_mediated_propagation,not_identifiable,not_identifiable,t0,t2,t1,t1,t1,dependency_mediated_propagation,unverifiable_or_excluded,t2,local_verification_collapse,,,True,True
dtest_case_0039,synthetic_reference,False,t2,local_verification_collapse,not_identifiable,not_identifiable,t0,t2,t0,t2,t1,unverifiable_or_excluded,dependency_mediated_propagation,t2,burst_associated_degradation,,,True,True
dtest_case_0040,synthetic_reference,False,none,unverifiable_or_excluded,not_identifiable,not_identifiable,t0,t2,t0,t0,none,unverifiable_or_excluded,unverifiable_or_excluded,none,unverifiable_or_excluded,,,False,False
dtest_case_0041,synthetic_reference,False,t2,local_verification_collapse,not_identifiable,not_identifiable,t0,t2,t0,t1,t1,unverifiable_or_excluded,burst_associated_degradation,none,boundary_case,,,True,True
dtest_case_0042,synthetic_reference,False,none,unverifiable_or_excluded,not_identifiable,not_identifiable,t0,t2,t0,t0,t1,dependency_mediated_propagation,boundary_case,none,unverifiable_or_excluded,,,False,False
dtest_case_0043,synthetic_reference,False,t0,dependency_mediated_propagation,not_identifiable,not_identifiable,t0,t2,t1,t0,t1,burst_associated_degradation,burst_associated_degradation,t2,burst_associated_degradation,,,True,True
dtest_case_0044,synthetic_reference,False,none,unverifiable_or_excluded,not_identifiable,not_identifiable,t0,t2,t0,t2,t2,unverifiable_or_excluded,boundary_case,t2,unverifiable_or_excluded,,,True,False
dtest_case_0045,synthetic_reference,False,t2,burst_associated_degradation,not_identifiable,not_identifiable,t0,t2,t0,t0,t1,burst_associated_degradation,local_verification_collapse,none,local_verification_collapse,,,True,True
dtest_case_0046,synthetic_reference,False,t1,boundary_case,not_identifiable,not_identifiable,t0,t2,t1,t1,t2,local_verification_collapse,burst_associated_degradation,none,local_verification_collapse,,,True,True
dtest_case_0047,synthetic_reference,False,none,unverifiable_or_excluded,not_identifiable,not_identifiable,t0,t2,t1,t0,none,burst_associated_degradation,dependency_mediated_propagation,t2,dependency_mediated_propagation,,,True,False
dtest_case_0048,synthetic_reference,False,t2,burst_associated_degradation,not_identifiable,not_identifiable,t0,t2,t0,t2,t2,unverifiable_or_excluded,burst_associated_degradation,none,boundary_case,,,True,True
dtest_case_0049,synthetic_reference,False,t2,unverifiable_or_excluded,not_identifiable,not_identifiable,t0,t2,t1,t1,t2,local_verification_collapse,unverifiable_or_excluded,t0,local_verification_collapse,,,False,False
dtest_case_0050,synthetic_reference,False,t2,burst_associated_degradation,not_identifiable,not_identifiable,t0,t2,t0,t1,t1,burst_associated_degradation,local_verification_collapse,t0,burst_associated_degradation,,,True,True
dtest_case_0051,synthetic_reference,False,t0,burst_associated_degradation,not_identifiable,not_identifiable,t0,t2,t1,t1,t1,unverifiable_or_excluded,burst_associated_degradation,t0,dependency_mediated_propagation,,,True,True
dtest_case_0052,synthetic_reference,False,t1,unverifiable_or_excluded,not_identifiable,not_identifiable,t0,t2,t0,t1,t1,burst_associated_degradation,burst_associated_degradation,t2,unverifiable_or_excluded,,,True,True
dtest_case_0053,human_annotated,True,t1,dependency_mediated_propagation,not_identifiable,not_identifiable,t0,t2,t0,t1,t1,dependency_mediated_propagation,dependency_mediated_propagation,t1,dependency_mediated_propagation,t1,dependency_mediated_propagation,True,True
dtest_case_0054,synthetic_reference,False,t0,local_verification_collapse,not_identifiable,not_identifiable,t0,t2,t1,t2,t2,dependency_mediated_propagation,local_verification_collapse,t0,local_verification_collapse,,,True,True
dtest_case_0055,synthetic_reference,False,t1,dependency_mediated_propagation,not_identifiable,not_identifiable,t0,t2,t1,t1,t1,boundary_case,unverifiable_or_excluded,t0,local_verification_collapse,,,True,True
dtest_case_0056,synthetic_reference,False,t2,boundary_case,not_identifiable,not_identifiable,t0,t2,t0,t0,t2,unverifiable_or_excluded,boundary_case,t0,local_verification_collapse,,,True,True
dtest_case_0057,synthetic_reference,False,none,unverifiable_or_excluded,not_identifiable,not_identifiable,t0,t2,t0,t0,none,dependency_mediated_propagation,burst_associated_degradation,t1,burst_associated_degradation,,,False,False
dtest_case_0058,synthetic_reference,False,t1,local_verification_collapse,not_identifiable,not_identifiable,t0,t2,t0,t2,t1,local_verification_collapse,dependency_mediated_propagation,t2,unverifiable_or_excluded,,,True,True
dtest_case_0059,synthetic_reference,False,t1,burst_associated_degradation,not_identifiable,not_identifiable,t0,t2,t1,t2,t1,unverifiable_or_excluded,burst_associated_degradation,none,local_verification_collapse,,,True,True
dtest_case_0060,synthetic_reference,False,t1,dependency_mediated_propagation,not_identifiable,not_identifiable,t0,t2,t0,t1,t1,local_verification_collapse,boundary_case,t1,dependency_mediated_propagation,,,True,True
dtest_case_0061,human_annotated,True,none,unverifiable_or_excluded,not_identifiable,not_identifiable,t0,t2,t1,t0,none,local_verification_collapse,boundary_case,t1,unverifiable_or_excluded,none,unverifiable_or_excluded,True,False
dtest_case_0062,synthetic_reference,False,t2,burst_associated_degradation,not_identifiable,not_identifiable,t0,t2,t1,t1,t2,dependency_mediated_propagation,unverifiable_or_excluded,t0,local_verification_collapse,,,True,True
dtest_case_0063,synthetic_reference,False,t1,local_verification_collapse,not_identifiable,not_identifiable,t0,t2,t1,t2,t2,local_verification_collapse,local_verification_collapse,none,boundary_case,,,True,True
dtest_case_0064,synthetic_reference,False,t0,dependency_mediated_propagation,not_identifiable,not_identifiable,t0,t2,t0,t1,t1,local_verification_collapse,dependency_mediated_propagation,t1,local_verification_collapse,,,True,True
dtest_case_0065,synthetic_reference,False,t0,burst_associated_degradation,not_identifiable,not_identifiable,t0,t2,t0,t1,t1,burst_associated_degradation,dependency_mediated_propagation,t0,dependency_mediated_propagation,,,True,True
dtest_case_0066,synthetic_reference,False,t0,unverifiable_or_excluded,not_identifiable,not_identifiable,t0,t2,t1,t2,t2,boundary_case,unverifiable_or_excluded,none,boundary_case,,,False,False
dtest_case_0067,synthetic_reference,False,none,unverifiable_or_excluded,not_identifiable,not_identifiable,t0,t2,t0,t1,none,boundary_case,local_verification_collapse,t2,burst_associated_degradation,,,True,False
dtest_case_0068,synthetic_reference,False,none,unverifiable_or_excluded,not_identifiable,not_identifiable,t0,t2,t1,t2,none,burst_associated_degradation,unverifiable_or_excluded,t0,burst_associated_degradation,,,False,False
dtest_case_0069,synthetic_reference,False,t1,burst_associated_degradation,not_identifiable,not_identifiable,t0,t2,t0,t2,t1,dependency_mediated_propagation,dependency_mediated_propagation,t0,burst_associated_degradation,,,True,True
dtest_case_0070,synthetic_reference,False,t2,dependency_mediated_propagation,not_identifiable,not_identifiable,t0,t2,t1,t2,t0,dependency_mediated_propagation,dependency_mediated_propagation,t2,burst_associated_degradation,,,True,True
dtest_case_0071,synthetic_reference,False,none,unverifiable_or_excluded,not_identifiable,not_identifiable,t0,t2,t1,t1,none,boundary_case,local_verification_collapse,t0,boundary_case,,,False,False
dtest_case_0072,synthetic_reference,False,none,unverifiable_or_excluded,not_identifiable,not_identifiable,t0,t2,t0,t0,t1,local_verification_collapse,unverifiable_or_excluded,none,dependency_mediated_propagation,,,False,False
dtest_case_0073,synthetic_reference,False,t1,burst_associated_degradation,not_identifiable,not_identifiable,t0,t2,t1,t0,t2,burst_associated_degradation,unverifiable_or_excluded,t1,dependency_mediated_propagation,,,True,True
dtest_case_0074,human_annotated,True,t0,local_verification_collapse,not_identifiable,not_identifiable,t0,t2,t0,t2,t0,burst_associated_degradation,burst_associated_degradation,t2,unverifiable_or_excluded,t0,burst_associated_degradation,True,True
dtest_case_0075,synthetic_reference,False,t1,burst_associated_degradation,not_identifiable,not_identifiable,t0,t2,t0,t0,t1,burst_associated_degradation,burst_associated_degradation,t0,dependency_mediated_propagation,,,True,True
dtest_case_0076,synthetic_reference,False,t0,local_verification_collapse,not_identifiable,not_identifiable,t0,t2,t1,t1,t0,unverifiable_or_excluded,boundary_case,t2,local_verification_collapse,,,True,True
dtest_case_0077,synthetic_reference,False,none,boundary_case,not_identifiable,not_identifiable,t0,t2,t1,t1,t2,burst_associated_degradation,unverifiable_or_excluded,t1,dependency_mediated_propagation,,,False,False
dtest_case_0078,synthetic_reference,False,t0,local_verification_collapse,not_identifiable,not_identifiable,t0,t2,t1,t1,t0,local_verification_collapse,local_verification_collapse,t0,unverifiable_or_excluded,,,True,True
dtest_case_0079,human_annotated,True,none,dependency_mediated_propagation,not_identifiable,not_identifiable,t0,t2,t0,t1,none,unverifiable_or_excluded,burst_associated_degradation,t1,local_verification_collapse,none,unverifiable_or_excluded,False,False
dtest_case_0080,synthetic_reference,False,t2,unverifiable_or_excluded,not_identifiable,not_identifiable,t0,t2,t0,t0,t1,unverifiable_or_excluded,dependency_mediated_propagation,t1,dependency_mediated_propagation,,,True,False
dtest_case_0081,synthetic_reference,False,t1,boundary_case,not_identifiable,not_identifiable,t0,t2,t0,t1,t1,boundary_case,local_verification_collapse,t0,boundary_case,,,True,True
dtest_case_0082,synthetic_reference,False,t1,local_verification_collapse,not_identifiable,not_identifiable,t0,t2,t1,t0,t2,boundary_case,local_verification_collapse,t1,local_verification_collapse,,,True,True
dtest_case_0083,synthetic_reference,False,none,unverifiable_or_excluded,not_identifiable,not_identifiable,t0,t2,t0,t0,none,boundary_case,local_verification_collapse,t1,dependency_mediated_propagation,,,False,False
dtest_case_0084,synthetic_reference,False,t2,boundary_case,not_identifiable,not_identifiable,t0,t2,t0,t1,t1,local_verification_collapse,boundary_case,t0,local_verification_collapse,,,True,True
dtest_case_0085,synthetic_reference,False,t1,boundary_case,not_identifiable,not_identifiable,t0,t2,t0,t1,t1,local_verification_collapse,dependency_mediated_propagation,none,dependency_mediated_propagation,,,True,True
dtest_case_0086,synthetic_reference,False,t2,local_verification_collapse,not_identifiable,not_identifiable,t0,t2,t0,t1,t2,dependency_mediated_propagation,boundary_case,t2,burst_associated_degradation,,,True,True
dtest_case_0087,synthetic_reference,False,t2,unverifiable_or_excluded,not_identifiable,not_identifiable,t0,t2,t0,t0,t1,unverifiable_or_excluded,unverifiable_or_excluded,t1,boundary_case,,,True,True
dtest_case_0088,synthetic_reference,False,t1,local_verification_collapse,not_identifiable,not_identifiable,t0,t2,t0,t1,t2,dependency_mediated_propagation,local_verification_collapse,none,unverifiable_or_excluded,,,True,True
dtest_case_0089,synthetic_reference,False,t2,dependency_mediated_propagation,not_identifiable,not_identifiable,t0,t2,t0,t0,t1,dependency_mediated_propagation,burst_associated_degradation,t2,boundary_case,,,True,True
dtest_case_0090,synthetic_reference,False,t2,unverifiable_or_excluded,not_identifiable,not_identifiable,t0,t2,t0,t1,none,dependency_mediated_propagation,burst_associated_degradation,t2,burst_associated_degradation,,,False,False
dtest_case_0091,synthetic_reference,False,t1,local_verification_collapse,not_identifiable,not_identifiable,t0,t2,t1,t0,t0,dependency_mediated_propagation,dependency_mediated_propagation,t2,dependency_mediated_propagation,,,True,True
dtest_case_0092,synthetic_reference,False,none,unverifiable_or_excluded,not_identifiable,not_identifiable,t0,t2,t1,t2,t2,unverifiable_or_excluded,dependency_mediated_propagation,t0,boundary_case,,,True,False
dtest_case_0093,synthetic_reference,False,t0,local_verification_collapse,not_identifiable,not_identifiable,t0,t2,t1,t0,t1,boundary_case,local_verification_collapse,t2,local_verification_collapse,,,True,True
dtest_case_0094,synthetic_reference,False,t1,unverifiable_or_excluded,not_identifiable,not_identifiable,t0,t2,t0,t1,t0,boundary_case,dependency_mediated_propagation,t2,local_verification_collapse,,,True,False
dtest_case_0095,synthetic_reference,False,t1,unverifiable_or_excluded,not_identifiable,not_identifiable,t0,t2,t1,t1,t1,unverifiable_or_excluded,unverifiable_or_excluded,t1,dependency_mediated_propagation,,,True,False
dtest_case_0096,synthetic_reference,False,t1,local_verification_collapse,not_identifiable,not_identifiable,t0,t2,t0,t0,t2,local_verification_collapse,local_verification_collapse,t0,local_verification_collapse,,,True,True
dtest_case_0097,synthetic_reference,False,t1,local_verification_collapse,not_identifiable,not_identifiable,t0,t2,t1,t1,t2,local_verification_collapse,local_verification_collapse,t2,dependency_mediated_propagation,,,True,True
dtest_case_0098,synthetic_reference,False,none,unverifiable_or_excluded,not_identifiable,not_identifiable,t0,t2,t0,t0,none,unverifiable_or_excluded,burst_associated_degradation,t2,burst_associated_degradation,,,False,False
dtest_case_0099,human_annotated,True,t2,unverifiable_or_excluded,not_identifiable,not_identifiable,t0,t2,t1,t0,none,unverifiable_or_excluded,unverifiable_or_excluded,t0,burst_associated_degradation,none,unverifiable_or_excluded,False,False
dtest_case_0100,synthetic_reference,False,none,unverifiable_or_excluded,not_identifiable,not_identifiable,t0,t2,t0,t2,none,unverifiable_or_excluded,local_verification_collapse,t1,boundary_case,,,False,False
dtest_case_0101,synthetic_reference,False,t0,dependency_mediated_propagation,not_identifiable,not_identifiable,t0,t2,t0,t1,t1,burst_associated_degradation,dependency_mediated_propagation,t0,burst_associated_degradation,,,True,True
dtest_case_0102,synthetic_reference,False,t0,boundary_case,not_identifiable,not_identifiable,t0,t2,t0,t1,t0,dependency_mediated_propagation,boundary_case,t2,burst_associated_degradation,,,True,True
dtest_case_0103,synthetic_reference,False,t0,dependency_mediated_propagation,not_identifiable,not_identifiable,t0,t2,t0,t1,t1,dependency_mediated_propagation,dependency_mediated_propagation,t1,dependency_mediated_propagation,,,True,True
dtest_case_0104,human_annotated,True,t1,unverifiable_or_excluded,not_identifiable,not_identifiable,t0,t2,t0,t0,t1,unverifiable_or_excluded,boundary_case,t0,burst_associated_degradation,t1,local_verification_collapse,True,True
dtest_case_0105,synthetic_reference,False,t0,boundary_case,not_identifiable,not_identifiable,t0,t2,t1,t0,t1,burst_associated_degradation,boundary_case,t0,burst_associated_degradation,,,True,True
dtest_case_0106,human_annotated,True,t1,burst_associated_degradation,not_identifiable,not_identifiable,t0,t2,t0,t2,t0,unverifiable_or_excluded,burst_associated_degradation,none,boundary_case,t1,burst_associated_degradation,True,True
dtest_case_0107,human_annotated,True,t1,dependency_mediated_propagation,not_identifiable,not_identifiable,t0,t2,t0,t0,t0,unverifiable_or_excluded,boundary_case,t0,dependency_mediated_propagation,t1,dependency_mediated_propagation,True,True
dtest_case_0108,synthetic_reference,False,none,unverifiable_or_excluded,not_identifiable,not_identifiable,t0,t2,t1,t1,none,local_verification_collapse,unverifiable_or_excluded,t0,dependency_mediated_propagation,,,False,False
dtest_case_0109,synthetic_reference,False,t0,boundary_case,not_identifiable,not_identifiable,t0,t2,t1,t0,none,unverifiable_or_excluded,burst_associated_degradation,t0,burst_associated_degradation,,,False,False
dtest_case_0110,synthetic_reference,False,t1,boundary_case,not_identifiable,not_identifiable,t0,t2,t0,t0,none,boundary_case,unverifiable_or_excluded,none,unverifiable_or_excluded,,,True,False
dtest_case_0111,human_annotated,True,t1,dependency_mediated_propagation,not_identifiable,not_identifiable,t0,t2,t0,t0,t2,dependency_mediated_propagation,unverifiable_or_excluded,t1,local_verification_collapse,none,unverifiable_or_excluded,False,False
dtest_case_0112,synthetic_reference,False,t2,boundary_case,not_identifiable,not_identifiable,t0,t2,t0,t2,t2,boundary_case,local_verification_collapse,none,dependency_mediated_propagation,,,True,True
dtest_case_0113,synthetic_reference,False,t2,dependency_mediated_propagation,not_identifiable,not_identifiable,t0,t2,t0,t0,t1,burst_associated_degradation,burst_associated_degradation,t1,dependency_mediated_propagation,,,True,True
dtest_case_0114,synthetic_reference,False,t2,local_verification_collapse,not_identifiable,not_identifiable,t0,t2,t0,t1,t2,local_verification_collapse,local_verification_collapse,t1,unverifiable_or_excluded,,,True,True
dtest_case_0115,synthetic_reference,False,t2,local_verification_collapse,not_identifiable,not_identifiable,t0,t2,t0,t2,t0,boundary_case,local_verification_collapse,t0,dependency_mediated_propagation,,,True,True
dtest_case_0116,synthetic_reference,False,t1,burst_associated_degradation,not_identifiable,not_identifiable,t0,t2,t1,t1,t0,dependency_mediated_propagation,burst_associated_degradation,t1,local_verification_collapse,,,True,True
dtest_case_0117,synthetic_reference,False,none,burst_associated_degradation,not_identifiable,not_identifiable,t0,t2,t1,t2,t1,local_verification_collapse,unverifiable_or_excluded,t1,burst_associated_degradation,,,False,False
dtest_case_0118,synthetic_reference,False,t2,dependency_mediated_propagation,not_identifiable,not_identifiable,t0,t2,t1,t2,t1,burst_associated_degradation,boundary_case,none,dependency_mediated_propagation,,,True,True
dtest_case_0119,synthetic_reference,False,t0,burst_associated_degradation,not_identifiable,not_identifiable,t0,t2,t0,t1,t0,unverifiable_or_excluded,boundary_case,none,burst_associated_degradation,,,True,True
dtest_case_0120,synthetic_reference,False,t1,burst_associated_degradation,not_identifiable,not_identifiable,t0,t2,t0,t0,t1,local_verification_collapse,burst_associated_degradation,t1,local_verification_collapse,,,True,True
dtest_case_0121,synthetic_reference,False,t2,burst_associated_degradation,not_identifiable,not_identifiable,t0,t2,t1,t0,t0,unverifiable_or_excluded,boundary_case,t1,unverifiable_or_excluded,,,True,True
dtest_case_0122,synthetic_reference,False,t1,dependency_mediated_propagation,not_identifiable,not_identifiable,t0,t2,t0,t1,t1,boundary_case,boundary_case,t2,burst_associated_degradation,,,True,True
dtest_case_0123,synthetic_reference,False,none,burst_associated_degradation,not_identifiable,not_identifiable,t0,t2,t0,t0,t1,unverifiable_or_excluded,unverifiable_or_excluded,t2,burst_associated_degradation,,,False,False
dtest_case_0124,synthetic_reference,False,t1,burst_associated_degradation,not_identifiable,not_identifiable,t0,t2,t1,t1,t2,burst_associated_degradation,local_verification_collapse,t1,burst_associated_degradation,,,True,True
dtest_case_0125,synthetic_reference,False,t1,local_verification_collapse,not_identifiable,not_identifiable,t0,t2,t1,t1,t0,unverifiable_or_excluded,dependency_mediated_propagation,t2,burst_associated_degradation,,,True,True
dtest_case_0126,synthetic_reference,False,t2,dependency_mediated_propagation,not_identifiable,not_identifiable,t0,t2,t0,t1,none,boundary_case,dependency_mediated_propagation,none,boundary_case,,,True,False
dtest_case_0127,synthetic_reference,False,t2,local_verification_collapse,not_identifiable,not_identifiable,t0,t2,t0,t2,t2,local_verification_collapse,local_verification_collapse,none,unverifiable_or_excluded,,,True,True
dtest_case_0128,synthetic_reference,False,t0,unverifiable_or_excluded,not_identifiable,not_identifiable,t0,t2,t1,t2,t1,unverifiable_or_excluded,unverifiable_or_excluded,t2,boundary_case,,,False,False
dtest_case_0129,synthetic_reference,False,t0,burst_associated_degradation,not_identifiable,not_identifiable,t0,t2,t0,t0,t2,burst_associated_degradation,burst_associated_degradation,t1,burst_associated_degradation,,,True,True
dtest_case_0130,human_annotated,True,none,boundary_case,not_identifiable,not_identifiable,t0,t2,t0,t0,none,burst_associated_degradation,unverifiable_or_excluded,t0,boundary_case,none,unverifiable_or_excluded,True,False
dtest_case_0131,synthetic_reference,False,none,unverifiable_or_excluded,not_identifiable,not_identifiable,t0,t2,t0,t2,t1,unverifiable_or_excluded,dependency_mediated_propagation,t0,local_verification_collapse,,,False,False
dtest_case_0132,synthetic_reference,False,none,unverifiable_or_excluded,not_identifiable,not_identifiable,t0,t2,t0,t1,none,dependency_mediated_propagation,boundary_case,t2,unverifiable_or_excluded,,,False,False
dtest_case_0133,synthetic_reference,False,t1,unverifiable_or_excluded,not_identifiable,not_identifiable,t0,t2,t0,t1,none,burst_associated_degradation,unverifiable_or_excluded,t2,burst_associated_degradation,,,True,False
dtest_case_0134,human_annotated,True,none,unverifiable_or_excluded,not_identifiable,not_identifiable,t0,t2,t1,t0,none,burst_associated_degradation,unverifiable_or_excluded,t1,boundary_case,none,unverifiable_or_excluded,True,False
dtest_case_0135,synthetic_reference,False,t0,burst_associated_degradation,not_identifiable,not_identifiable,t0,t2,t0,t0,t0,local_verification_collapse,dependency_mediated_propagation,t1,boundary_case,,,True,True
dtest_case_0136,synthetic_reference,False,none,unverifiable_or_excluded,not_identifiable,not_identifiable,t0,t2,t0,t2,none,unverifiable_or_excluded,unverifiable_or_excluded,none,unverifiable_or_excluded,,,True,False
dtest_case_0137,synthetic_reference,False,t1,local_verification_collapse,not_identifiable,not_identifiable,t0,t2,t0,t1,t0,burst_associated_degradation,local_verification_collapse,t2,boundary_case,,,True,True
dtest_case_0138,synthetic_reference,False,t1,unverifiable_or_excluded,not_identifiable,not_identifiable,t0,t2,t1,t1,t1,boundary_case,local_verification_collapse,t1,boundary_case,,,True,True
dtest_case_0139,synthetic_reference,False,t1,burst_associated_degradation,not_identifiable,not_identifiable,t0,t2,t0,t2,t1,dependency_mediated_propagation,boundary_case,none,boundary_case,,,True,True
dtest_case_0140,synthetic_reference,False,t2,unverifiable_or_excluded,not_identifiable,not_identifiable,t0,t2,t0,t1,t0,unverifiable_or_excluded,unverifiable_or_excluded,t0,burst_associated_degradation,,,True,True
dtest_case_0141,human_annotated,True,t2,burst_associated_degradation,not_identifiable,not_identifiable,t0,t2,t1,t2,t2,burst_associated_degradation,local_verification_collapse,t2,burst_associated_degradation,t2,local_verification_collapse,True,True
dtest_case_0142,synthetic_reference,False,t1,local_verification_collapse,not_identifiable,not_identifiable,t0,t2,t1,t0,t1,dependency_mediated_propagation,boundary_case,none,dependency_mediated_propagation,,,True,True
dtest_case_0143,synthetic_reference,False,t0,local_verification_collapse,not_identifiable,not_identifiable,t0,t2,t1,t2,t1,boundary_case,unverifiable_or_excluded,t2,boundary_case,,,True,True
dtest_case_0144,synthetic_reference,False,t1,boundary_case,not_identifiable,not_identifiable,t0,t2,t1,t2,t1,boundary_case,boundary_case,none,unverifiable_or_excluded,,,True,True
dtest_case_0145,synthetic_reference,False,t1,unverifiable_or_excluded,not_identifiable,not_identifiable,t0,t2,t0,t0,none,unverifiable_or_excluded,burst_associated_degradation,t2,boundary_case,,,False,False
dtest_case_0146,synthetic_reference,False,t1,dependency_mediated_propagation,not_identifiable,not_identifiable,t0,t2,t0,t2,t1,dependency_mediated_propagation,burst_associated_degradation,t2,dependency_mediated_propagation,,,True,True
dtest_case_0147,synthetic_reference,False,t0,burst_associated_degradation,not_identifiable,not_identifiable,t0,t2,t1,t1,t1,unverifiable_or_excluded,burst_associated_degradation,none,dependency_mediated_propagation,,,True,True
dtest_case_0148,synthetic_reference,False,t1,local_verification_collapse,not_identifiable,not_identifiable,t0,t2,t1,t0,t2,local_verification_collapse,local_verification_collapse,t2,boundary_case,,,True,True
dtest_case_0149,synthetic_reference,False,t0,burst_associated_degradation,not_identifiable,not_identifiable,t0,t2,t1,t0,t1,boundary_case,unverifiable_or_excluded,t0,local_verification_collapse,,,True,True
dtest_case_0150,synthetic_reference,False,t2,boundary_case,not_identifiable,not_identifiable,t0,t2,t1,t2,t1,boundary_case,boundary_case,t0,unverifiable_or_excluded,,,True,True
dtest_case_0151,synthetic_reference,False,none,local_verification_collapse,not_identifiable,not_identifiable,t0,t2,t1,t2,t0,boundary_case,unverifiable_or_excluded,t2,boundary_case,,,False,False
dtest_case_0152,synthetic_reference,False,t0,local_verification_collapse,not_identifiable,not_identifiable,t0,t2,t0,t1,t0,dependency_mediated_propagation,boundary_case,t2,local_verification_collapse,,,True,True
dtest_case_0153,synthetic_reference,False,t1,burst_associated_degradation,not_identifiable,not_identifiable,t0,t2,t1,t2,t1,dependency_mediated_propagation,burst_associated_degradation,t1,burst_associated_degradation,,,True,True
dtest_case_0154,human_annotated,True,t1,local_verification_collapse,not_identifiable,not_identifiable,t0,t2,t0,t2,t0,burst_associated_degradation,local_verification_collapse,t2,boundary_case,t1,burst_associated_degradation,True,True
dtest_case_0155,synthetic_reference,False,none,dependency_mediated_propagation,not_identifiable,not_identifiable,t0,t2,t1,t1,t1,unverifiable_or_excluded,boundary_case,t0,unverifiable_or_excluded,,,False,False
dtest_case_0156,synthetic_reference,False,t2,local_verification_collapse,not_identifiable,not_identifiable,t0,t2,t0,t2,t2,unverifiable_or_excluded,boundary_case,t2,local_verification_collapse,,,True,True
dtest_case_0157,synthetic_reference,False,none,unverifiable_or_excluded,not_identifiable,not_identifiable,t0,t2,t0,t0,t2,unverifiable_or_excluded,dependency_mediated_propagation,t2,unverifiable_or_excluded,,,True,False
dtest_case_0158,synthetic_reference,False,none,unverifiable_or_excluded,not_identifiable,not_identifiable,t0,t2,t1,t2,none,burst_associated_degradation,unverifiable_or_excluded,t2,burst_associated_degradation,,,False,False
dtest_case_0159,synthetic_reference,False,t0,burst_associated_degradation,not_identifiable,not_identifiable,t0,t2,t0,t2,t1,local_verification_collapse,dependency_mediated_propagation,t0,local_verification_collapse,,,True,True
dtest_case_0160,synthetic_reference,False,t1,boundary_case,not_identifiable,not_identifiable,t0,t2,t1,t0,t0,burst_associated_degradation,boundary_case,t0,burst_associated_degradation,,,True,True
dtest_case_0161,synthetic_reference,False,t0,boundary_case,not_identifiable,not_identifiable,t0,t2,t0,t1,t1,boundary_case,unverifiable_or_excluded,t0,unverifiable_or_excluded,,,True,True
dtest_case_0162,synthetic_reference,False,t0,boundary_case,not_identifiable,not_identifiable,t0,t2,t0,t2,t0,local_verification_collapse,dependency_mediated_propagation,t1,boundary_case,,,True,True
dtest_case_0163,synthetic_reference,False,t0,burst_associated_degradation,not_identifiable,not_identifiable,t0,t2,t0,t1,t1,dependency_mediated_propagation,unverifiable_or_excluded,none,local_verification_collapse,,,True,True
dtest_case_0164,synthetic_reference,False,t1,boundary_case,not_identifiable,not_identifiable,t0,t2,t1,t1,t2,local_verification_collapse,dependency_mediated_propagation,none,local_verification_collapse,,,False,False
dtest_case_0165,synthetic_reference,False,t1,boundary_case,not_identifiable,not_identifiable,t0,t2,t0,t1,t0,boundary_case,local_verification_collapse,t1,burst_associated_degradation,,,True,True
dtest_case_0166,synthetic_reference,False,t1,unverifiable_or_excluded,not_identifiable,not_identifiable,t0,t2,t0,t2,t0,unverifiable_or_excluded,dependency_mediated_propagation,t2,boundary_case,,,True,True
dtest_case_0167,synthetic_reference,False,none,unverifiable_or_excluded,not_identifiable,not_identifiable,t0,t2,t1,t1,t2,burst_associated_degradation,unverifiable_or_excluded,t0,unverifiable_or_excluded,,,False,False
dtest_case_0168,synthetic_reference,False,t0,local_verification_collapse,not_identifiable,not_identifiable,t0,t2,t1,t0,t2,local_verification_collapse,local_verification_collapse,t2,dependency_mediated_propagation,,,True,True
dtest_case_0169,synthetic_reference,False,t2,burst_associated_degradation,not_identifiable,not_identifiable,t0,t2,t1,t2,t1,local_verification_collapse,burst_associated_degradation,t2,dependency_mediated_propagation,,,True,True
dtest_case_0170,synthetic_reference,False,t2,local_verification_collapse,not_identifiable,not_identifiable,t0,t2,t0,t1,t1,local_verification_collapse,dependency_mediated_propagation,none,unverifiable_or_excluded,,,True,True
dtest_case_0171,synthetic_reference,False,none,unverifiable_or_excluded,not_identifiable,not_identifiable,t0,t2,t0,t1,t0,dependency_mediated_propagation,boundary_case,none,burst_associated_degradation,,,False,False
dtest_case_0172,synthetic_reference,False,none,local_verification_collapse,not_identifiable,not_identifiable,t0,t2,t0,t0,t1,unverifiable_or_excluded,unverifiable_or_excluded,t0,boundary_case,,,True,False
dtest_case_0173,human_annotated,True,t2,local_verification_collapse,not_identifiable,not_identifiable,t0,t2,t1,t2,t2,burst_associated_degradation,burst_associated_degradation,t1,burst_associated_degradation,t1,local_verification_collapse,True,True
dtest_case_0174,synthetic_reference,False,t0,local_verification_collapse,not_identifiable,not_identifiable,t0,t2,t0,t0,t0,local_verification_collapse,local_verification_collapse,t2,local_verification_collapse,,,True,True
dtest_case_0175,synthetic_reference,False,t0,local_verification_collapse,not_identifiable,not_identifiable,t0,t2,t0,t0,t1,burst_associated_degradation,dependency_mediated_propagation,t2,dependency_mediated_propagation,,,False,False
dtest_case_0176,synthetic_reference,False,t2,unverifiable_or_excluded,not_identifiable,not_identifiable,t0,t2,t1,t2,t2,local_verification_collapse,local_verification_collapse,t2,unverifiable_or_excluded,,,True,False
dtest_case_0177,synthetic_reference,False,none,burst_associated_degradation,not_identifiable,not_identifiable,t0,t2,t0,t0,none,burst_associated_degradation,unverifiable_or_excluded,t2,burst_associated_degradation,,,True,False
dtest_case_0178,synthetic_reference,False,t0,burst_associated_degradation,not_identifiable,not_identifiable,t0,t2,t1,t0,t1,burst_associated_degradation,burst_associated_degradation,t0,boundary_case,,,True,True
dtest_case_0179,synthetic_reference,False,none,boundary_case,not_identifiable,not_identifiable,t0,t2,t1,t2,none,unverifiable_or_excluded,unverifiable_or_excluded,t0,local_verification_collapse,,,False,False
dtest_case_0180,synthetic_reference,False,t2,local_verification_collapse,not_identifiable,not_identifiable,t0,t2,t0,t0,t1,local_verification_collapse,local_verification_collapse,t2,unverifiable_or_excluded,,,True,True
dtest_case_0181,synthetic_reference,False,none,unverifiable_or_excluded,not_identifiable,not_identifiable,t0,t2,t1,t0,none,burst_associated_degradation,unverifiable_or_excluded,none,boundary_case,,,False,False
dtest_case_0182,synthetic_reference,False,t0,unverifiable_or_excluded,not_identifiable,not_identifiable,t0,t2,t1,t0,none,burst_associated_degradation,unverifiable_or_excluded,t1,boundary_case,,,True,False
dtest_case_0183,synthetic_reference,False,t2,burst_associated_degradation,not_identifiable,not_identifiable,t0,t2,t1,t2,t1,local_verification_collapse,local_verification_collapse,t0,burst_associated_degradation,,,True,True
dtest_case_0184,synthetic_reference,False,t1,local_verification_collapse,not_identifiable,not_identifiable,t0,t2,t1,t0,t0,local_verification_collapse,local_verification_collapse,t1,unverifiable_or_excluded,,,True,True
dtest_case_0185,synthetic_reference,False,t2,burst_associated_degradation,not_identifiable,not_identifiable,t0,t2,t1,t1,t1,boundary_case,burst_associated_degradation,t2,boundary_case,,,True,True
dtest_case_0186,synthetic_reference,False,t0,burst_associated_degradation,not_identifiable,not_identifiable,t0,t2,t0,t0,t0,burst_associated_degradation,unverifiable_or_excluded,t0,dependency_mediated_propagation,,,True,True
dtest_case_0187,human_annotated,True,t2,boundary_case,not_identifiable,not_identifiable,t0,t2,t1,t1,t0,local_verification_collapse,burst_associated_degradation,t0,unverifiable_or_excluded,t0,boundary_case,True,True
dtest_case_0188,synthetic_reference,False,none,local_verification_collapse,not_identifiable,not_identifiable,t0,t2,t0,t2,t0,boundary_case,burst_associated_degradation,none,unverifiable_or_excluded,,,True,False
dtest_case_0189,synthetic_reference,False,t1,unverifiable_or_excluded,not_identifiable,not_identifiable,t0,t2,t0,t1,t0,burst_associated_degradation,unverifiable_or_excluded,t1,burst_associated_degradation,,,False,False
dtest_case_0190,human_annotated,True,t1,unverifiable_or_excluded,not_identifiable,not_identifiable,t0,t2,t0,t2,none,dependency_mediated_propagation,unverifiable_or_excluded,t2,unverifiable_or_excluded,none,unverifiable_or_excluded,False,False
dtest_case_0191,synthetic_reference,False,t2,unverifiable_or_excluded,not_identifiable,not_identifiable,t0,t2,t1,t2,t1,boundary_case,burst_associated_degradation,t2,unverifiable_or_excluded,,,True,True
dtest_case_0192,synthetic_reference,False,t1,local_verification_collapse,not_identifiable,not_identifiable,t0,t2,t1,t0,t0,local_verification_collapse,local_verification_collapse,none,dependency_mediated_propagation,,,True,True
dtest_case_0193,synthetic_reference,False,t1,unverifiable_or_excluded,not_identifiable,not_identifiable,t0,t2,t0,t2,t0,unverifiable_or_excluded,unverifiable_or_excluded,t0,dependency_mediated_propagation,,,True,False
dtest_case_0194,synthetic_reference,False,t0,dependency_mediated_propagation,not_identifiable,not_identifiable,t0,t2,t0,t1,t2,burst_associated_degradation,dependency_mediated_propagation,none,dependency_mediated_propagation,,,True,True
dtest_case_0195,synthetic_reference,False,t1,boundary_case,not_identifiable,not_identifiable,t0,t2,t0,t2,none,unverifiable_or_excluded,unverifiable_or_excluded,t2,unverifiable_or_excluded,,,True,False
dtest_case_0196,synthetic_reference,False,t1,local_verification_collapse,not_identifiable,not_identifiable,t0,t2,t1,t2,t1,dependency_mediated_propagation,local_verification_collapse,t2,burst_associated_degradation,,,True,True
dtest_case_0197,synthetic_reference,False,t2,dependency_mediated_propagation,not_identifiable,not_identifiable,t0,t2,t0,t1,t1,local_verification_collapse,local_verification_collapse,t2,dependency_mediated_propagation,,,True,True
dtest_case_0198,synthetic_reference,False,t2,unverifiable_or_excluded,not_identifiable,not_identifiable,t0,t2,t1,t0,t0,boundary_case,boundary_case,none,unverifiable_or_excluded,,,True,True
dtest_case_0199,synthetic_reference,False,none,boundary_case,not_identifiable,not_identifiable,t0,t2,t0,t1,t1,burst_associated_degradation,unverifiable_or_excluded,t1,local_verification_collapse,,,True,False
dtest_case_0200,synthetic_reference,False,t0,burst_associated_degradation,not_identifiable,not_identifiable,t0,t2,t0,t0,t1,dependency_mediated_propagation,burst_associated_degradation,t0,dependency_mediated_propagation,,,True,True
dtest_case_0201,synthetic_reference,False,t1,burst_associated_degradation,not_identifiable,not_identifiable,t0,t2,t0,t0,t2,local_verification_collapse,boundary_case,none,local_verification_collapse,,,True,True
dtest_case_0202,synthetic_reference,False,t1,unverifiable_or_excluded,not_identifiable,not_identifiable,t0,t2,t0,t0,t1,local_verification_collapse,dependency_mediated_propagation,t0,local_verification_collapse,,,False,False
dtest_case_0203,synthetic_reference,False,t0,local_verification_collapse,not_identifiable,not_identifiable,t0,t2,t0,t0,t0,boundary_case,local_verification_collapse,none,unverifiable_or_excluded,,,True,True
dtest_case_0204,synthetic_reference,False,t2,burst_associated_degradation,not_identifiable,not_identifiable,t0,t2,t1,t0,t2,burst_associated_degradation,local_verification_collapse,none,burst_associated_degradation,,,True,True
dtest_case_0205,synthetic_reference,False,t0,local_verification_collapse,not_identifiable,not_identifiable,t0,t2,t1,t0,t1,unverifiable_or_excluded,unverifiable_or_excluded,t0,local_verification_collapse,,,False,False
dtest_case_0206,synthetic_reference,False,none,unverifiable_or_excluded,not_identifiable,not_identifiable,t0,t2,t0,t0,t1,local_verification_collapse,unverifiable_or_excluded,t1,dependency_mediated_propagation,,,False,False
dtest_case_0207,synthetic_reference,False,t0,boundary_case,not_identifiable,not_identifiable,t0,t2,t0,t2,t0,burst_associated_degradation,boundary_case,t1,local_verification_collapse,,,True,True
dtest_case_0208,synthetic_reference,False,none,unverifiable_or_excluded,not_identifiable,not_identifiable,t0,t2,t0,t1,t2,boundary_case,unverifiable_or_excluded,none,boundary_case,,,False,False
dtest_case_0209,synthetic_reference,False,t0,boundary_case,not_identifiable,not_identifiable,t0,t2,t1,t2,none,unverifiable_or_excluded,unverifiable_or_excluded,t1,local_verification_collapse,,,False,False
dtest_case_0210,synthetic_reference,False,t1,local_verification_collapse,not_identifiable,not_identifiable,t0,t2,t1,t1,t2,local_verification_collapse,local_verification_collapse,none,local_verification_collapse,,,True,True
dtest_case_0211,synthetic_reference,False,t2,burst_associated_degradation,not_identifiable,not_identifiable,t0,t2,t1,t2,t1,burst_associated_degradation,burst_associated_degradation,t0,boundary_case,,,True,True
dtest_case_0212,synthetic_reference,False,t1,boundary_case,not_identifiable,not_identifiable,t0,t2,t1,t1,t2,unverifiable_or_excluded,local_verification_collapse,none,burst_associated_degradation,,,True,False
dtest_case_0213,synthetic_reference,False,none,local_verification_collapse,not_identifiable,not_identifiable,t0,t2,t0,t0,none,boundary_case,local_verification_collapse,t1,local_verification_collapse,,,False,False
dtest_case_0214,synthetic_reference,False,t0,burst_associated_degradation,not_identifiable,not_identifiable,t0,t2,t1,t0,t0,local_verification_collapse,burst_associated_degradation,t2,local_verification_collapse,,,True,True
dtest_case_0215,synthetic_reference,False,t1,dependency_mediated_propagation,not_identifiable,not_identifiable,t0,t2,t1,t1,t0,burst_associated_degradation,burst_associated_degradation,none,dependency_mediated_propagation,,,True,True
dtest_case_0216,synthetic_reference,False,t1,burst_associated_degradation,not_identifiable,not_identifiable,t0,t2,t1,t0,t0,local_verification_collapse,unverifiable_or_excluded,t1,burst_associated_degradation,,,True,True
dtest_case_0217,synthetic_reference,False,t1,unverifiable_or_excluded,not_identifiable,not_identifiable,t0,t2,t0,t1,none,boundary_case,dependency_mediated_propagation,t1,dependency_mediated_propagation,,,True,False
dtest_case_0218,synthetic_reference,False,t1,local_verification_collapse,not_identifiable,not_identifiable,t0,t2,t1,t1,t0,local_verification_collapse,local_verification_collapse,none,dependency_mediated_propagation,,,True,True
dtest_case_0219,synthetic_reference,False,t0,boundary_case,not_identifiable,not_identifiable,t0,t2,t0,t2,t1,unverifiable_or_excluded,boundary_case,none,local_verification_collapse,,,True,True
dtest_case_0220,synthetic_reference,False,t0,dependency_mediated_propagation,not_identifiable,not_identifiable,t0,t2,t0,t0,t1,boundary_case,boundary_case,none,unverifiable_or_excluded,,,True,True
dtest_case_0221,synthetic_reference,False,t0,local_verification_collapse,not_identifiable,not_identifiable,t0,t2,t0,t2,t0,boundary_case,local_verification_collapse,t0,dependency_mediated_propagation,,,True,True
dtest_case_0222,synthetic_reference,False,none,burst_associated_degradation,not_identifiable,not_identifiable,t0,t2,t1,t0,none,dependency_mediated_propagation,unverifiable_or_excluded,t0,local_verification_collapse,,,False,False
dtest_case_0223,synthetic_reference,False,t1,local_verification_collapse,not_identifiable,not_identifiable,t0,t2,t1,t0,t1,burst_associated_degradation,local_verification_collapse,t0,burst_associated_degradation,,,True,True
dtest_case_0224,synthetic_reference,False,t1,burst_associated_degradation,not_identifiable,not_identifiable,t0,t2,t0,t1,t2,dependency_mediated_propagation,dependency_mediated_propagation,t2,dependency_mediated_propagation,,,True,True
dtest_case_0225,synthetic_reference,False,none,burst_associated_degradation,not_identifiable,not_identifiable,t0,t2,t0,t2,t2,local_verification_collapse,boundary_case,t2,burst_associated_degradation,,,False,False
dtest_case_0226,human_annotated,True,t0,burst_associated_degradation,not_identifiable,not_identifiable,t0,t2,t0,t0,t1,dependency_mediated_propagation,local_verification_collapse,none,unverifiable_or_excluded,t0,burst_associated_degradation,True,True
dtest_case_0227,synthetic_reference,False,t1,burst_associated_degradation,not_identifiable,not_identifiable,t0,t2,t0,t2,t2,local_verification_collapse,burst_associated_degradation,none,boundary_case,,,True,True
dtest_case_0228,synthetic_reference,False,none,burst_associated_degradation,not_identifiable,not_identifiable,t0,t2,t1,t0,none,unverifiable_or_excluded,local_verification_collapse,t0,dependency_mediated_propagation,,,True,False
dtest_case_0229,synthetic_reference,False,none,unverifiable_or_excluded,not_identifiable,not_identifiable,t0,t2,t0,t0,t0,local_verification_collapse,unverifiable_or_excluded,t1,boundary_case,,,True,False
dtest_case_0230,synthetic_reference,False,t1,local_verification_collapse,not_identifiable,not_identifiable,t0,t2,t1,t2,t2,local_verification_collapse,dependency_mediated_propagation,none,local_verification_collapse,,,True,False
dtest_case_0231,synthetic_reference,False,t1,unverifiable_or_excluded,not_identifiable,not_identifiable,t0,t2,t1,t0,t2,dependency_mediated_propagation,boundary_case,none,burst_associated_degradation,,,True,False
dtest_case_0232,synthetic_reference,False,t1,unverifiable_or_excluded,not_identifiable,not_identifiable,t0,t2,t1,t2,t1,local_verification_collapse,burst_associated_degradation,t1,burst_associated_degradation,,,True,False
dtest_case_0233,synthetic_reference,False,none,burst_associated_degradation,not_identifiable,not_identifiable,t0,t2,t0,t2,t1,dependency_mediated_propagation,burst_associated_degradation,t1,local_verification_collapse,,,True,False
dtest_case_0234,synthetic_reference,False,none,unverifiable_or_excluded,not_identifiable,not_identifiable,t0,t2,t1,t1,none,local_verification_collapse,unverifiable_or_excluded,none,local_verification_collapse,,,False,False
dtest_case_0235,synthetic_reference,False,t1,burst_associated_degradation,not_identifiable,not_identifiable,t0,t2,t0,t2,t0,unverifiable_or_excluded,burst_associated_degradation,t1,boundary_case,,,True,True
dtest_case_0236,synthetic_reference,False,t1,dependency_mediated_propagation,not_identifiable,not_identifiable,t0,t2,t1,t0,t0,local_verification_collapse,boundary_case,t0,unverifiable_or_excluded,,,True,True
dtest_case_0237,synthetic_reference,False,t1,unverifiable_or_excluded,not_identifiable,not_identifiable,t0,t2,t1,t1,none,burst_associated_degradation,unverifiable_or_excluded,t2,local_verification_collapse,,,False,False
dtest_case_0238,synthetic_reference,False,none,local_verification_collapse,not_identifiable,not_identifiable,t0,t2,t1,t2,none,unverifiable_or_excluded,burst_associated_degradation,t2,local_verification_collapse,,,True,False
dtest_case_0239,synthetic_reference,False,t0,burst_associated_degradation,not_identifiable,not_identifiable,t0,t2,t0,t2,t2,dependency_mediated_propagation,unverifiable_or_excluded,t0,dependency_mediated_propagation,,,False,False
dtest_case_0240,synthetic_reference,False,t1,unverifiable_or_excluded,not_identifiable,not_identifiable,t0,t2,t1,t2,t1,local_verification_collapse,burst_associated_degradation,t2,boundary_case,,,True,True
dtest_case_0241,synthetic_reference,False,t1,dependency_mediated_propagation,not_identifiable,not_identifiable,t0,t2,t0,t2,t0,local_verification_collapse,boundary_case,none,boundary_case,,,True,True
dtest_case_0242,synthetic_reference,False,t0,unverifiable_or_excluded,not_identifiable,not_identifiable,t0,t2,t1,t0,t0,burst_associated_degradation,unverifiable_or_excluded,none,burst_associated_degradation,,,True,False
dtest_case_0243,synthetic_reference,False,none,dependency_mediated_propagation,not_identifiable,not_identifiable,t0,t2,t1,t0,none,dependency_mediated_propagation,local_verification_collapse,t2,local_verification_collapse,,,True,False
dtest_case_0244,synthetic_reference,False,none,unverifiable_or_excluded,not_identifiable,not_identifiable,t0,t2,t0,t0,none,unverifiable_or_excluded,unverifiable_or_excluded,t2,unverifiable_or_excluded,,,False,False
dtest_case_0245,synthetic_reference,False,t1,boundary_case,not_identifiable,not_identifiable,t0,t2,t1,t1,t2,unverifiable_or_excluded,boundary_case,t1,local_verification_collapse,,,True,True
dtest_case_0246,synthetic_reference,False,t2,local_verification_collapse,not_identifiable,not_identifiable,t0,t2,t1,t2,none,unverifiable_or_excluded,unverifiable_or_excluded,t2,burst_associated_degradation,,,True,False
dtest_case_0247,synthetic_reference,False,t1,dependency_mediated_propagation,not_identifiable,not_identifiable,t0,t2,t0,t1,t0,local_verification_collapse,dependency_mediated_propagation,t2,unverifiable_or_excluded,,,True,True
dtest_case_0248,synthetic_reference,False,t2,local_verification_collapse,not_identifiable,not_identifiable,t0,t2,t1,t2,t2,local_verification_collapse,burst_associated_degradation,none,boundary_case,,,True,True
dtest_case_0249,synthetic_reference,False,t1,unverifiable_or_excluded,not_identifiable,not_identifiable,t0,t2,t1,t2,t2,dependency_mediated_propagation,boundary_case,t1,local_verification_collapse,,,True,True
dtest_case_0250,human_annotated,True,t1,local_verification_collapse,not_identifiable,not_identifiable,t0,t2,t0,t0,t0,local_verification_collapse,local_verification_collapse,t1,unverifiable_or_excluded,t0,local_verification_collapse,True,True
dtest_case_0251,synthetic_reference,False,t0,unverifiable_or_excluded,not_identifiable,not_identifiable,t0,t2,t1,t2,t1,burst_associated_degradation,burst_associated_degradation,t1,boundary_case,,,True,True
dtest_case_0252,synthetic_reference,False,t1,local_verification_collapse,not_identifiable,not_identifiable,t0,t2,t1,t0,t1,unverifiable_or_excluded,boundary_case,t2,burst_associated_degradation,,,True,True
dtest_case_0253,synthetic_reference,False,t0,local_verification_collapse,not_identifiable,not_identifiable,t0,t2,t0,t2,t0,boundary_case,local_verification_collapse,t1,unverifiable_or_excluded,,,True,True
dtest_case_0254,synthetic_reference,False,t2,unverifiable_or_excluded,not_identifiable,not_identifiable,t0,t2,t0,t0,none,boundary_case,dependency_mediated_propagation,none,local_verification_collapse,,,False,False
dtest_case_0255,synthetic_reference,False,none,unverifiable_or_excluded,not_identifiable,not_identifiable,t0,t2,t1,t2,none,burst_associated_degradation,unverifiable_or_excluded,t2,dependency_mediated_propagation,,,True,False
dtest_case_0256,human_annotated,True,t2,unverifiable_or_excluded,not_identifiable,not_identifiable,t0,t2,t1,t0,t2,boundary_case,burst_associated_degradation,t0,boundary_case,t2,burst_associated_degradation,True,True
dtest_case_0257,synthetic_reference,False,t2,boundary_case,not_identifiable,not_identifiable,t0,t2,t1,t2,t2,local_verification_collapse,local_verification_collapse,t0,boundary_case,,,True,True
dtest_case_0258,synthetic_reference,False,t1,burst_associated_degradation,not_identifiable,not_identifiable,t0,t2,t1,t0,t2,local_verification_collapse,burst_associated_degradation,t0,boundary_case,,,True,True
dtest_case_0259,synthetic_reference,False,t2,unverifiable_or_excluded,not_identifiable,not_identifiable,t0,t2,t1,t0,t1,local_verification_collapse,unverifiable_or_excluded,none,burst_associated_degradation,,,False,False
dtest_case_0260,synthetic_reference,False,t1,burst_associated_degradation,not_identifiable,not_identifiable,t0,t2,t1,t2,t2,burst_associated_degradation,burst_associated_degradation,t0,burst_associated_degradation,,,True,True
dtest_case_0261,synthetic_reference,False,t0,unverifiable_or_excluded,not_identifiable,not_identifiable,t0,t2,t0,t0,none,unverifiable_or_excluded,boundary_case,t0,boundary_case,,,True,False
dtest_case_0262,synthetic_reference,False,t0,unverifiable_or_excluded,not_identifiable,not_identifiable,t0,t2,t0,t0,t0,boundary_case,burst_associated_degradation,t0,dependency_mediated_propagation,,,False,False
dtest_case_0263,synthetic_reference,False,t1,dependency_mediated_propagation,not_identifiable,not_identifiable,t0,t2,t1,t2,t0,burst_associated_degradation,local_verification_collapse,none,local_verification_collapse,,,True,True
dtest_case_0264,synthetic_reference,False,t0,unverifiable_or_excluded,not_identifiable,not_identifiable,t0,t2,t0,t1,t0,unverifiable_or_excluded,burst_associated_degradation,t0,local_verification_collapse,,,True,False
dtest_case_0265,synthetic_reference,False,t2,boundary_case,not_identifiable,not_identifiable,t0,t2,t1,t1,t1,boundary_case,dependency_mediated_propagation,t0,unverifiable_or_excluded,,,True,True
dtest_case_0266,synthetic_reference,False,t2,dependency_mediated_propagation,not_identifiable,not_identifiable,t0,t2,t0,t2,t0,unverifiable_or_excluded,local_verification_collapse,t2,local_verification_collapse,,,True,True
dtest_case_0267,synthetic_reference,False,t1,unverifiable_or_excluded,not_identifiable,not_identifiable,t0,t2,t1,t1,t1,unverifiable_or_excluded,unverifiable_or_excluded,none,local_verification_collapse,,,True,True
dtest_case_0268,synthetic_reference,False,t2,unverifiable_or_excluded,not_identifiable,not_identifiable,t0,t2,t0,t0,none,local_verification_collapse,unverifiable_or_excluded,t2,boundary_case,,,True,False
dtest_case_0269,synthetic_reference,False,t1,local_verification_collapse,not_identifiable,not_identifiable,t0,t2,t1,t2,t2,local_verification_collapse,burst_associated_degradation,none,dependency_mediated_propagation,,,True,True
dtest_case_0270,synthetic_reference,False,t0,burst_associated_degradation,not_identifiable,not_identifiable,t0,t2,t1,t0,t2,boundary_case,dependency_mediated_propagation,t0,local_verification_collapse,,,True,True
dtest_case_0271,synthetic_reference,False,t1,dependency_mediated_propagation,not_identifiable,not_identifiable,t0,t2,t1,t1,t0,dependency_mediated_propagation,unverifiable_or_excluded,none,unverifiable_or_excluded,,,True,True
dtest_case_0272,synthetic_reference,False,t0,burst_associated_degradation,not_identifiable,not_identifiable,t0,t2,t0,t2,t0,unverifiable_or_excluded,local_verification_collapse,t1,unverifiable_or_excluded,,,True,True
dtest_case_0273,synthetic_reference,False,t0,unverifiable_or_excluded,not_identifiable,not_identifiable,t0,t2,t1,t1,t1,unverifiable_or_excluded,burst_associated_degradation,none,dependency_mediated_propagation,,,True,True
dtest_case_0274,synthetic_reference,False,t0,unverifiable_or_excluded,not_identifiable,not_identifiable,t0,t2,t1,t0,none,dependency_mediated_propagation,burst_associated_degradation,t1,unverifiable_or_excluded,,,True,False
dtest_case_0275,synthetic_reference,False,none,local_verification_collapse,not_identifiable,not_identifiable,t0,t2,t1,t0,t1,burst_associated_degradation,boundary_case,none,unverifiable_or_excluded,,,True,False
dtest_case_0276,synthetic_reference,False,t2,burst_associated_degradation,not_identifiable,not_identifiable,t0,t2,t0,t2,t1,local_verification_collapse,boundary_case,t0,dependency_mediated_propagation,,,True,True
dtest_case_0277,synthetic_reference,False,none,unverifiable_or_excluded,not_identifiable,not_identifiable,t0,t2,t1,t1,none,boundary_case,unverifiable_or_excluded,t2,burst_associated_degradation,,,True,False
dtest_case_0278,human_annotated,True,t0,burst_associated_degradation,not_identifiable,not_identifiable,t0,t2,t1,t2,t2,local_verification_collapse,burst_associated_degradation,t2,boundary_case,t0,burst_associated_degradation,True,True
dtest_case_0279,synthetic_reference,False,t0,unverifiable_or_excluded,not_identifiable,not_identifiable,t0,t2,t1,t1,t2,dependency_mediated_propagation,unverifiable_or_excluded,none,local_verification_collapse,,,True,False
dtest_case_0280,human_annotated,True,t2,unverifiable_or_excluded,not_identifiable,not_identifiable,t0,t2,t0,t1,t2,burst_associated_degradation,dependency_mediated_propagation,t2,burst_associated_degradation,t2,burst_associated_degradation,True,True
dtest_case_0281,synthetic_reference,False,t0,boundary_case,not_identifiable,not_identifiable,t0,t2,t0,t0,t0,dependency_mediated_propagation,boundary_case,t1,boundary_case,,,True,True
dtest_case_0282,synthetic_reference,False,t1,local_verification_collapse,not_identifiable,not_identifiable,t0,t2,t1,t2,t2,local_verification_collapse,burst_associated_degradation,t0,unverifiable_or_excluded,,,True,True
dtest_case_0283,synthetic_reference,False,none,local_verification_collapse,not_identifiable,not_identifiable,t0,t2,t1,t1,none,burst_associated_degradation,burst_associated_degradation,t0,burst_associated_degradation,,,False,False
dtest_case_0284,synthetic_reference,False,t2,unverifiable_or_excluded,not_identifiable,not_identifiable,t0,t2,t1,t1,t2,unverifiable_or_excluded,local_verification_collapse,t2,dependency_mediated_propagation,,,True,True
dtest_case_0285,synthetic_reference,False,t1,burst_associated_degradation,not_identifiable,not_identifiable,t0,t2,t1,t0,t2,burst_associated_degradation,local_verification_collapse,t0,local_verification_collapse,,,True,True
dtest_case_0286,synthetic_reference,False,t1,local_verification_collapse,not_identifiable,not_identifiable,t0,t2,t0,t1,t0,local_verification_collapse,unverifiable_or_excluded,t0,local_verification_collapse,,,True,True
dtest_case_0287,synthetic_reference,False,t1,unverifiable_or_excluded,not_identifiable,not_identifiable,t0,t2,t1,t2,t0,dependency_mediated_propagation,local_verification_collapse,t0,dependency_mediated_propagation,,,True,True
dtest_case_0288,synthetic_reference,False,t2,local_verification_collapse,not_identifiable,not_identifiable,t0,t2,t1,t0,t1,dependency_mediated_propagation,local_verification_collapse,t1,unverifiable_or_excluded,,,True,True
dtest_case_0289,synthetic_reference,False,t0,unverifiable_or_excluded,not_identifiable,not_identifiable,t0,t2,t0,t2,t0,local_verification_collapse,burst_associated_degradation,t1,burst_associated_degradation,,,True,True
dtest_case_0290,synthetic_reference,False,t2,boundary_case,not_identifiable,not_identifiable,t0,t2,t0,t2,none,unverifiable_or_excluded,unverifiable_or_excluded,none,burst_associated_degradation,,,False,False
dtest_case_0291,synthetic_reference,False,t0,burst_associated_degradation,not_identifiable,not_identifiable,t0,t2,t0,t0,t2,dependency_mediated_propagation,local_verification_collapse,none,local_verification_collapse,,,True,True
dtest_case_0292,synthetic_reference,False,t2,local_verification_collapse,not_identifiable,not_identifiable,t0,t2,t0,t1,t1,burst_associated_degradation,boundary_case,none,unverifiable_or_excluded,,,True,True
dtest_case_0293,synthetic_reference,False,t0,local_verification_collapse,not_identifiable,not_identifiable,t0,t2,t0,t2,t2,local_verification_collapse,unverifiable_or_excluded,t1,dependency_mediated_propagation,,,True,True
dtest_case_0294,human_annotated,True,t1,burst_associated_degradation,not_identifiable,not_identifiable,t0,t2,t1,t0,t2,burst_associated_degradation,unverifiable_or_excluded,t2,unverifiable_or_excluded,none,unverifiable_or_excluded,False,False
dtest_case_0295,synthetic_reference,False,t2,unverifiable_or_excluded,not_identifiable,not_identifiable,t0,t2,t0,t2,none,dependency_mediated_propagation,unverifiable_or_excluded,t0,burst_associated_degradation,,,True,False
dtest_case_0296,synthetic_reference,False,t0,burst_associated_degradation,not_identifiable,not_identifiable,t0,t2,t0,t1,t1,local_verification_collapse,local_verification_collapse,none,burst_associated_degradation,,,True,True
dtest_case_0297,synthetic_reference,False,t1,unverifiable_or_excluded,not_identifiable,not_identifiable,t0,t2,t1,t1,none,local_verification_collapse,unverifiable_or_excluded,t1,local_verification_collapse,,,False,False
dtest_case_0298,synthetic_reference,False,t1,unverifiable_or_excluded,not_identifiable,not_identifiable,t0,t2,t1,t2,t0,burst_associated_degradation,local_verification_collapse,t2,local_verification_collapse,,,True,True
dtest_case_0299,synthetic_reference,False,none,unverifiable_or_excluded,not_identifiable,not_identifiable,t0,t2,t1,t0,t1,burst_associated_degradation,unverifiable_or_excluded,t0,boundary_case,,,False,False
dtest_case_0300,synthetic_reference,False,t1,unverifiable_or_excluded,not_identifiable,not_identifiable,t0,t2,t0,t0,none,local_verification_collapse,unverifiable_or_excluded,none,burst_associated_degradation,,,False,False
dtest_case_0301,synthetic_reference,False,t0,local_verification_collapse,not_identifiable,not_identifiable,t0,t2,t1,t2,t0,unverifiable_or_excluded,unverifiable_or_excluded,none,unverifiable_or_excluded,,,True,True
dtest_case_0302,synthetic_reference,False,t0,dependency_mediated_propagation,not_identifiable,not_identifiable,t0,t2,t1,t0,t0,dependency_mediated_propagation,local_verification_collapse,none,boundary_case,,,True,True
dtest_case_0303,synthetic_reference,False,t2,dependency_mediated_propagation,not_identifiable,not_identifiable,t0,t2,t1,t2,t2,burst_associated_degradation,burst_associated_degradation,t1,dependency_mediated_propagation,,,True,True
dtest_case_0304,synthetic_reference,False,none,unverifiable_or_excluded,not_identifiable,not_identifiable,t0,t2,t1,t1,none,unverifiable_or_excluded,unverifiable_or_excluded,t2,dependency_mediated_propagation,,,True,False
dtest_case_0305,synthetic_reference,False,t0,local_verification_collapse,not_identifiable,not_identifiable,t0,t2,t0,t1,t1,boundary_case,boundary_case,t0,dependency_mediated_propagation,,,True,True
dtest_case_0306,synthetic_reference,False,t1,local_verification_collapse,not_identifiable,not_identifiable,t0,t2,t1,t1,t0,boundary_case,boundary_case,t2,unverifiable_or_excluded,,,True,True
dtest_case_0307,synthetic_reference,False,t1,dependency_mediated_propagation,not_identifiable,not_identifiable,t0,t2,t0,t1,t0,burst_associated_degradation,dependency_mediated_propagation,t0,local_verification_collapse,,,True,True
dtest_case_0308,synthetic_reference,False,none,unverifiable_or_excluded,not_identifiable,not_identifiable,t0,t2,t0,t0,t2,unverifiable_or_excluded,local_verification_collapse,t1,boundary_case,,,True,False
dtest_case_0309,synthetic_reference,False,t1,unverifiable_or_excluded,not_identifiable,not_identifiable,t0,t2,t0,t0,t2,unverifiable_or_excluded,boundary_case,t0,local_verification_collapse,,,True,False
dtest_case_0310,synthetic_reference,False,t0,burst_associated_degradation,not_identifiable,not_identifiable,t0,t2,t1,t2,t1,unverifiable_or_excluded,boundary_case,t0,unverifiable_or_excluded,,,True,True
dtest_case_0311,synthetic_reference,False,t0,boundary_case,not_identifiable,not_identifiable,t0,t2,t1,t1,t1,boundary_case,boundary_case,t0,dependency_mediated_propagation,,,True,True
dtest_case_0312,synthetic_reference,False,t0,dependency_mediated_propagation,not_identifiable,not_identifiable,t0,t2,t1,t0,t2,boundary_case,burst_associated_degradation,none,burst_associated_degradation,,,False,False
dtest_case_0313,synthetic_reference,False,t0,burst_associated_degradation,not_identifiable,not_identifiable,t0,t2,t0,t1,t2,boundary_case,local_verification_collapse,t0,burst_associated_degradation,,,True,True
dtest_case_0314,synthetic_reference,False,t1,boundary_case,not_identifiable,not_identifiable,t0,t2,t1,t0,t1,boundary_case,dependency_mediated_propagation,t2,unverifiable_or_excluded,,,True,True
dtest_case_0315,synthetic_reference,False,t1,unverifiable_or_excluded,not_identifiable,not_identifiable,t0,t2,t1,t2,t0,dependency_mediated_propagation,dependency_mediated_propagation,t0,dependency_mediated_propagation,,,True,True
dtest_case_0316,synthetic_reference,False,t2,boundary_case,not_identifiable,not_identifiable,t0,t2,t0,t2,t0,local_verification_collapse,dependency_mediated_propagation,none,local_verification_collapse,,,True,True
dtest_case_0317,human_annotated,True,none,unverifiable_or_excluded,not_identifiable,not_identifiable,t0,t2,t1,t0,t1,burst_associated_degradation,boundary_case,none,unverifiable_or_excluded,none,unverifiable_or_excluded,False,False
dtest_case_0318,synthetic_reference,False,t2,unverifiable_or_excluded,not_identifiable,not_identifiable,t0,t2,t0,t1,t0,boundary_case,unverifiable_or_excluded,t1,unverifiable_or_excluded,,,False,False
dtest_case_0319,synthetic_reference,False,t0,unverifiable_or_excluded,not_identifiable,not_identifiable,t0,t2,t1,t2,t1,boundary_case,dependency_mediated_propagation,t1,dependency_mediated_propagation,,,True,False
dtest_case_0320,synthetic_reference,False,none,burst_associated_degradation,not_identifiable,not_identifiable,t0,t2,t0,t1,none,boundary_case,unverifiable_or_excluded,t2,unverifiable_or_excluded,,,True,False
dtest_case_0321,human_annotated,True,t1,local_verification_collapse,not_identifiable,not_identifiable,t0,t2,t1,t1,t1,burst_associated_degradation,burst_associated_degradation,t0,burst_associated_degradation,t0,burst_associated_degradation,True,True
dtest_case_0322,synthetic_reference,False,t2,local_verification_collapse,not_identifiable,not_identifiable,t0,t2,t1,t0,t1,dependency_mediated_propagation,dependency_mediated_propagation,t2,unverifiable_or_excluded,,,True,True
dtest_case_0323,synthetic_reference,False,t0,boundary_case,not_identifiable,not_identifiable,t0,t2,t1,t0,t0,burst_associated_degradation,dependency_mediated_propagation,t2,unverifiable_or_excluded,,,True,True
dtest_case_0324,human_annotated,True,t2,burst_associated_degradation,not_identifiable,not_identifiable,t0,t2,t1,t0,t0,burst_associated_degradation,dependency_mediated_propagation,t0,unverifiable_or_excluded,t0,burst_associated_degradation,True,True
dtest_case_0325,synthetic_reference,False,t0,dependency_mediated_propagation,not_identifiable,not_identifiable,t0,t2,t0,t0,t1,boundary_case,boundary_case,t1,dependency_mediated_propagation,,,True,True
dtest_case_0326,synthetic_reference,False,t2,burst_associated_degradation,not_identifiable,not_identifiable,t0,t2,t1,t2,t1,boundary_case,dependency_mediated_propagation,t2,burst_associated_degradation,,,True,True
dtest_case_0327,synthetic_reference,False,t1,burst_associated_degradation,not_identifiable,not_identifiable,t0,t2,t0,t0,t2,local_verification_collapse,unverifiable_or_excluded,t0,unverifiable_or_excluded,,,True,True
dtest_case_0328,human_annotated,True,none,unverifiable_or_excluded,not_identifiable,not_identifiable,t0,t2,t1,t1,none,boundary_case,unverifiable_or_excluded,t2,local_verification_collapse,none,unverifiable_or_excluded,True,False
dtest_case_0329,synthetic_reference,False,none,unverifiable_or_excluded,not_identifiable,not_identifiable,t0,t2,t0,t0,none,burst_associated_degradation,unverifiable_or_excluded,t2,burst_associated_degradation,,,False,False
dtest_case_0330,synthetic_reference,False,none,unverifiable_or_excluded,not_identifiable,not_identifiable,t0,t2,t0,t1,none,local_verification_collapse,burst_associated_degradation,none,unverifiable_or_excluded,,,True,False
dtest_case_0331,human_annotated,True,t1,dependency_mediated_propagation,not_identifiable,not_identifiable,t0,t2,t1,t1,t2,unverifiable_or_excluded,boundary_case,none,burst_associated_degradation,t1,local_verification_collapse,True,True
dtest_case_0332,synthetic_reference,False,none,unverifiable_or_excluded,not_identifiable,not_identifiable,t0,t2,t1,t1,none,burst_associated_degradation,burst_associated_degradation,none,boundary_case,,,False,False
dtest_case_0333,synthetic_reference,False,none,boundary_case,not_identifiable,not_identifiable,t0,t2,t0,t0,t1,unverifiable_or_excluded,unverifiable_or_excluded,t1,dependency_mediated_propagation,,,False,False
dtest_case_0334,synthetic_reference,False,t0,unverifiable_or_excluded,not_identifiable,not_identifiable,t0,t2,t0,t0,none,boundary_case,dependency_mediated_propagation,t1,local_verification_collapse,,,False,False
dtest_case_0335,synthetic_reference,False,t0,local_verification_collapse,not_identifiable,not_identifiable,t0,t2,t1,t0,none,unverifiable_or_excluded,burst_associated_degradation,t2,local_verification_collapse,,,False,False
dtest_case_0336,synthetic_reference,False,t2,local_verification_collapse,not_identifiable,not_identifiable,t0,t2,t0,t1,t1,local_verification_collapse,burst_associated_degradation,t0,unverifiable_or_excluded,,,True,True
dtest_case_0337,synthetic_reference,False,t1,burst_associated_degradation,not_identifiable,not_identifiable,t0,t2,t1,t2,t1,unverifiable_or_excluded,burst_associated_degradation,t0,unverifiable_or_excluded,,,True,True
dtest_case_0338,human_annotated,True,t0,boundary_case,not_identifiable,not_identifiable,t0,t2,t0,t2,t2,burst_associated_degradation,local_verification_collapse,t2,unverifiable_or_excluded,t1,local_verification_collapse,True,True
dtest_case_0339,synthetic_reference,False,t1,unverifiable_or_excluded,not_identifiable,not_identifiable,t0,t2,t1,t0,t2,unverifiable_or_excluded,dependency_mediated_propagation,t2,boundary_case,,,False,False
dtest_case_0340,synthetic_reference,False,none,unverifiable_or_excluded,not_identifiable,not_identifiable,t0,t2,t0,t0,t1,burst_associated_degradation,unverifiable_or_excluded,t0,dependency_mediated_propagation,,,True,False
dtest_case_0341,synthetic_reference,False,t0,unverifiable_or_excluded,not_identifiable,not_identifiable,t0,t2,t0,t2,none,burst_associated_degradation,dependency_mediated_propagation,t2,dependency_mediated_propagation,,,True,False
dtest_case_0342,synthetic_reference,False,none,unverifiable_or_excluded,not_identifiable,not_identifiable,t0,t2,t0,t0,none,local_verification_collapse,unverifiable_or_excluded,t2,boundary_case,,,False,False
dtest_case_0343,synthetic_reference,False,t2,local_verification_collapse,not_identifiable,not_identifiable,t0,t2,t0,t1,t1,unverifiable_or_excluded,dependency_mediated_propagation,t1,unverifiable_or_excluded,,,True,True
dtest_case_0344,human_annotated,True,t2,dependency_mediated_propagation,not_identifiable,not_identifiable,t0,t2,t0,t1,t2,local_verification_collapse,local_verification_collapse,t2,boundary_case,t1,burst_associated_degradation,True,True
dtest_case_0345,synthetic_reference,False,t1,local_verification_collapse,not_identifiable,not_identifiable,t0,t2,t0,t1,t1,boundary_case,unverifiable_or_excluded,t0,burst_associated_degradation,,,True,True
dtest_case_0346,human_annotated,True,none,unverifiable_or_excluded,not_identifiable,not_identifiable,t0,t2,t1,t1,none,unverifiable_or_excluded,boundary_case,t2,unverifiable_or_excluded,none,unverifiable_or_excluded,True,False
dtest_case_0347,synthetic_reference,False,none,unverifiable_or_excluded,not_identifiable,not_identifiable,t0,t2,t0,t1,none,unverifiable_or_excluded,burst_associated_degradation,t1,unverifiable_or_excluded,,,False,False
dtest_case_0348,synthetic_reference,False,t1,local_verification_collapse,not_identifiable,not_identifiable,t0,t2,t0,t0,t0,dependency_mediated_propagation,local_verification_collapse,t1,boundary_case,,,True,True
dtest_case_0349,synthetic_reference,False,t1,local_verification_collapse,not_identifiable,not_identifiable,t0,t2,t0,t2,t0,dependency_mediated_propagation,local_verification_collapse,t2,local_verification_collapse,,,True,True
dtest_case_0350,synthetic_reference,False,t1,burst_associated_degradation,not_identifiable,not_identifiable,t0,t2,t0,t0,t2,local_verification_collapse,local_verification_collapse,none,dependency_mediated_propagation,,,True,True
dtest_case_0351,synthetic_reference,False,t1,burst_associated_degradation,not_identifiable,not_identifiable,t0,t2,t0,t1,t1,burst_associated_degradation,unverifiable_or_excluded,t2,unverifiable_or_excluded,,,True,True
dtest_case_0352,synthetic_reference,False,none,local_verification_collapse,not_identifiable,not_identifiable,t0,t2,t1,t2,none,boundary_case,unverifiable_or_excluded,none,unverifiable_or_excluded,,,True,False
dtest_case_0353,human_annotated,True,none,boundary_case,not_identifiable,not_identifiable,t0,t2,t1,t2,t1,unverifiable_or_excluded,burst_associated_degradation,t0,boundary_case,none,unverifiable_or_excluded,False,False
dtest_case_0354,synthetic_reference,False,t0,unverifiable_or_excluded,not_identifiable,not_identifiable,t0,t2,t0,t2,t1,unverifiable_or_excluded,boundary_case,none,burst_associated_degradation,,,False,False
dtest_case_0355,synthetic_reference,False,none,dependency_mediated_propagation,not_identifiable,not_identifiable,t0,t2,t1,t2,t1,burst_associated_degradation,unverifiable_or_excluded,t0,burst_associated_degradation,,,True,False
dtest_case_0356,synthetic_reference,False,t2,local_verification_collapse,not_identifiable,not_identifiable,t0,t2,t0,t2,t2,local_verification_collapse,local_verification_collapse,t0,boundary_case,,,True,True
dtest_case_0357,synthetic_reference,False,t0,burst_associated_degradation,not_identifiable,not_identifiable,t0,t2,t1,t0,t1,local_verification_collapse,burst_associated_degradation,t2,unverifiable_or_excluded,,,True,True
dtest_case_0358,synthetic_reference,False,t1,local_verification_collapse,not_identifiable,not_identifiable,t0,t2,t1,t2,t0,unverifiable_or_excluded,local_verification_collapse,none,dependency_mediated_propagation,,,True,False
dtest_case_0359,synthetic_reference,False,t1,local_verification_collapse,not_identifiable,not_identifiable,t0,t2,t1,t1,t1,dependency_mediated_propagation,local_verification_collapse,t1,burst_associated_degradation,,,True,True
dtest_case_0360,synthetic_reference,False,none,unverifiable_or_excluded,not_identifiable,not_identifiable,t0,t2,t1,t2,t2,local_verification_collapse,dependency_mediated_propagation,none,dependency_mediated_propagation,,,True,False
dtest_case_0361,synthetic_reference,False,t2,dependency_mediated_propagation,not_identifiable,not_identifiable,t0,t2,t0,t2,t0,burst_associated_degradation,dependency_mediated_propagation,none,unverifiable_or_excluded,,,True,True
dtest_case_0362,synthetic_reference,False,none,unverifiable_or_excluded,not_identifiable,not_identifiable,t0,t2,t1,t2,none,local_verification_collapse,unverifiable_or_excluded,t1,burst_associated_degradation,,,True,False
dtest_case_0363,synthetic_reference,False,t1,burst_associated_degradation,not_identifiable,not_identifiable,t0,t2,t1,t0,t1,burst_associated_degradation,local_verification_collapse,t0,dependency_mediated_propagation,,,True,True
dtest_case_0364,synthetic_reference,False,t1,unverifiable_or_excluded,not_identifiable,not_identifiable,t0,t2,t0,t1,none,dependency_mediated_propagation,boundary_case,t0,unverifiable_or_excluded,,,True,False
dtest_case_0365,synthetic_reference,False,t1,local_verification_collapse,not_identifiable,not_identifiable,t0,t2,t0,t1,t1,burst_associated_degradation,local_verification_collapse,t1,local_verification_collapse,,,True,True
dtest_case_0366,synthetic_reference,False,none,unverifiable_or_excluded,not_identifiable,not_identifiable,t0,t2,t1,t1,t0,unverifiable_or_excluded,local_verification_collapse,t2,unverifiable_or_excluded,,,True,False
dtest_case_0367,synthetic_reference,False,t1,burst_associated_degradation,not_identifiable,not_identifiable,t0,t2,t0,t2,t2,boundary_case,local_verification_collapse,t2,dependency_mediated_propagation,,,True,True
dtest_case_0368,synthetic_reference,False,none,burst_associated_degradation,not_identifiable,not_identifiable,t0,t2,t1,t1,none,burst_associated_degradation,boundary_case,t1,dependency_mediated_propagation,,,False,False
