case_id,checkpoint_id,step_position,verification_status,verifier_pass,verifier_rule_triggered,verifier_error_code,confidence_score
dtest_case_0000,chk_00000,t0,unverifiable,False,rule_hc1,ERR_TYPE_MISMATCH,0.471
dtest_case_0000,chk_00001,t1,verified,True,rule_hc1,,0.906
dtest_case_0000,chk_00002,t2,constraint_violation,False,rule_hc1,ERR_SCHEMA_UNKNOWN,0.268
dtest_case_0001,chk_00003,t0,constraint_violation,False,rule_consistency,ERR_UNVERIFIABLE,0.278
dtest_case_0001,chk_00004,t1,unverifiable,False,rule_hc1,ERR_TYPE_MISMATCH,0.142
dtest_case_0001,chk_00005,t2,verified,True,rule_hc3,,0.911
dtest_case_0002,chk_00006,t0,verified,True,none,,0.551
dtest_case_0002,chk_00007,t1,constraint_violation,False,rule_hc1,ERR_UNVERIFIABLE,0.049
dtest_case_0003,chk_00008,t0,verified,True,none,,0.601
dtest_case_0003,chk_00009,t1,constraint_violation,False,rule_hc3,ERR_SCHEMA_UNKNOWN,0.31
dtest_case_0004,chk_00010,t0,verified,True,none,,0.689
dtest_case_0004,chk_00011,t1,verified,True,rule_consistency,,0.859
dtest_case_0005,chk_00012,t0,verified,True,rule_hc2,,0.508
dtest_case_0005,chk_00013,t1,constraint_violation,False,rule_consistency,ERR_SCHEMA_UNKNOWN,0.431
dtest_case_0005,chk_00014,t2,verified,True,rule_consistency,,0.802
dtest_case_0006,chk_00015,t0,unverifiable,False,none,ERR_SCHEMA_UNKNOWN,0.057
dtest_case_0006,chk_00016,t1,constraint_violation,False,none,ERR_SCHEMA_UNKNOWN,0.292
dtest_case_0007,chk_00017,t0,constraint_violation,False,rule_hc3,ERR_UNVERIFIABLE,0.477
dtest_case_0007,chk_00018,t1,constraint_violation,False,none,ERR_UNVERIFIABLE,0.484
dtest_case_0007,chk_00019,t2,verified,True,rule_hc3,,0.804
dtest_case_0008,chk_00020,t0,verified,True,rule_hc3,,0.929
dtest_case_0008,chk_00021,t1,verified,True,rule_hc2,,0.935
dtest_case_0008,chk_00022,t2,unverifiable,False,none,ERR_CONSTRAINT,0.377
dtest_case_0009,chk_00023,t0,verified,True,none,,0.666
dtest_case_0009,chk_00024,t1,verified,True,rule_hc1,,0.768
dtest_case_0009,chk_00025,t2,verified,True,rule_hc3,,0.676
dtest_case_0010,chk_00026,t0,verified,True,rule_hc3,,0.52
dtest_case_0010,chk_00027,t1,pending,False,rule_hc2,ERR_SCHEMA_UNKNOWN,0.191
dtest_case_0010,chk_00028,t2,verified,True,rule_hc1,,0.508
dtest_case_0011,chk_00029,t0,verified,True,rule_hc1,,0.821
dtest_case_0011,chk_00030,t1,constraint_violation,False,rule_hc2,ERR_TYPE_MISMATCH,0.082
dtest_case_0011,chk_00031,t2,unverifiable,False,rule_consistency,ERR_TYPE_MISMATCH,0.377
dtest_case_0012,chk_00032,t0,verified,True,rule_hc2,,0.729
dtest_case_0013,chk_00033,t0,unverifiable,False,rule_hc3,ERR_CONSTRAINT,0.261
dtest_case_0014,chk_00034,t0,constraint_violation,False,none,ERR_TYPE_MISMATCH,0.058
dtest_case_0014,chk_00035,t1,constraint_violation,False,rule_hc1,ERR_CONSTRAINT,0.497
dtest_case_0015,chk_00036,t0,verified,True,rule_hc2,,0.938
dtest_case_0015,chk_00037,t1,verified,True,none,,0.819
dtest_case_0015,chk_00038,t2,verified,True,none,,0.708
dtest_case_0016,chk_00039,t0,verified,True,none,,0.619
dtest_case_0016,chk_00040,t1,verified,True,rule_hc3,,0.673
dtest_case_0016,chk_00041,t2,verified,True,rule_hc3,,0.759
dtest_case_0017,chk_00042,t0,unverifiable,False,rule_hc1,ERR_SCHEMA_UNKNOWN,0.254
dtest_case_0017,chk_00043,t1,verified,True,none,,0.639
dtest_case_0017,chk_00044,t2,verified,True,rule_hc2,,0.758
dtest_case_0018,chk_00045,t0,verified,True,rule_hc2,,0.716
dtest_case_0018,chk_00046,t1,verified,True,rule_hc1,,0.658
dtest_case_0018,chk_00047,t2,verified,True,rule_consistency,,0.993
dtest_case_0019,chk_00048,t0,pending,False,rule_hc1,ERR_UNVERIFIABLE,0.139
dtest_case_0019,chk_00049,t1,verified,True,rule_consistency,,0.912
dtest_case_0019,chk_00050,t2,constraint_violation,False,none,ERR_CONSTRAINT,0.371
dtest_case_0020,chk_00051,t0,verified,True,rule_hc1,,0.922
dtest_case_0020,chk_00052,t1,verified,True,rule_consistency,,0.828
dtest_case_0021,chk_00053,t0,verified,True,rule_hc1,,0.518
dtest_case_0021,chk_00054,t1,verified,True,rule_hc2,,0.719
dtest_case_0021,chk_00055,t2,unverifiable,False,rule_consistency,ERR_SCHEMA_UNKNOWN,0.433
dtest_case_0022,chk_00056,t0,verified,True,rule_hc2,,0.903
dtest_case_0022,chk_00057,t1,verified,True,rule_hc3,,0.639
dtest_case_0022,chk_00058,t2,verified,True,rule_consistency,,0.506
dtest_case_0023,chk_00059,t0,verified,True,none,,0.929
dtest_case_0023,chk_00060,t1,unverifiable,False,rule_consistency,ERR_TYPE_MISMATCH,0.224
dtest_case_0024,chk_00061,t0,constraint_violation,False,rule_consistency,ERR_SCHEMA_UNKNOWN,0.033
dtest_case_0024,chk_00062,t1,verified,True,rule_hc2,,0.69
dtest_case_0025,chk_00063,t0,verified,True,none,,0.699
dtest_case_0025,chk_00064,t1,pending,False,rule_hc2,ERR_CONSTRAINT,0.213
dtest_case_0025,chk_00065,t2,constraint_violation,False,rule_hc3,ERR_CONSTRAINT,0.075
dtest_case_0026,chk_00066,t0,verified,True,rule_hc2,,0.576
dtest_case_0026,chk_00067,t1,verified,True,rule_hc1,,0.647
dtest_case_0027,chk_00068,t0,constraint_violation,False,rule_hc3,ERR_CONSTRAINT,0.036
dtest_case_0027,chk_00069,t1,verified,True,rule_consistency,,0.933
dtest_case_0027,chk_00070,t2,unverifiable,False,rule_hc2,ERR_TYPE_MISMATCH,0.372
dtest_case_0028,chk_00071,t0,verified,True,rule_consistency,,0.633
dtest_case_0028,chk_00072,t1,verified,True,rule_consistency,,0.695
dtest_case_0028,chk_00073,t2,verified,True,rule_hc3,,0.814
dtest_case_0029,chk_00074,t0,unverifiable,False,rule_consistency,ERR_SCHEMA_UNKNOWN,0.195
dtest_case_0029,chk_00075,t1,verified,True,rule_hc2,,0.894
dtest_case_0029,chk_00076,t2,verified,True,none,,0.72
dtest_case_0030,chk_00077,t0,unverifiable,False,rule_hc3,ERR_CONSTRAINT,0.218
dtest_case_0030,chk_00078,t1,constraint_violation,False,rule_hc3,ERR_TYPE_MISMATCH,0.431
dtest_case_0031,chk_00079,t0,constraint_violation,False,rule_hc2,ERR_UNVERIFIABLE,0.206
dtest_case_0031,chk_00080,t1,constraint_violation,False,rule_consistency,ERR_SCHEMA_UNKNOWN,0.355
dtest_case_0031,chk_00081,t2,pending,False,rule_hc2,ERR_CONSTRAINT,0.34
dtest_case_0032,chk_00082,t0,verified,True,rule_hc3,,0.917
dtest_case_0032,chk_00083,t1,verified,True,rule_consistency,,0.708
dtest_case_0032,chk_00084,t2,constraint_violation,False,rule_hc1,ERR_TYPE_MISMATCH,0.42
dtest_case_0033,chk_00085,t0,verified,True,none,,0.787
dtest_case_0033,chk_00086,t1,verified,True,rule_consistency,,0.718
dtest_case_0033,chk_00087,t2,constraint_violation,False,rule_hc3,ERR_TYPE_MISMATCH,0.036
dtest_case_0034,chk_00088,t0,verified,True,rule_hc3,,0.896
dtest_case_0034,chk_00089,t1,pending,False,none,ERR_UNVERIFIABLE,0.068
dtest_case_0035,chk_00090,t0,verified,True,rule_consistency,,0.884
dtest_case_0035,chk_00091,t1,verified,True,rule_hc2,,0.538
dtest_case_0035,chk_00092,t2,constraint_violation,False,rule_hc2,ERR_TYPE_MISMATCH,0.157
dtest_case_0036,chk_00093,t0,unverifiable,False,none,ERR_SCHEMA_UNKNOWN,0.082
dtest_case_0036,chk_00094,t1,verified,True,rule_hc2,,0.941
dtest_case_0036,chk_00095,t2,verified,True,rule_hc3,,0.505
dtest_case_0037,chk_00096,t0,verified,True,rule_hc3,,0.702
dtest_case_0037,chk_00097,t1,constraint_violation,False,rule_hc2,ERR_TYPE_MISMATCH,0.343
dtest_case_0037,chk_00098,t2,constraint_violation,False,rule_hc2,ERR_CONSTRAINT,0.058
dtest_case_0038,chk_00099,t0,verified,True,none,,0.511
dtest_case_0039,chk_00100,t0,verified,True,rule_hc3,,0.9
dtest_case_0039,chk_00101,t1,verified,True,rule_hc1,,0.696
dtest_case_0039,chk_00102,t2,verified,True,rule_hc1,,0.914
dtest_case_0040,chk_00103,t0,verified,True,rule_hc3,,0.654
dtest_case_0041,chk_00104,t0,verified,True,rule_consistency,,0.936
dtest_case_0041,chk_00105,t1,constraint_violation,False,rule_hc2,ERR_UNVERIFIABLE,0.235
dtest_case_0041,chk_00106,t2,unverifiable,False,rule_hc3,ERR_UNVERIFIABLE,0.024
dtest_case_0042,chk_00107,t0,verified,True,rule_hc1,,0.554
dtest_case_0042,chk_00108,t1,verified,True,none,,0.604
dtest_case_0042,chk_00109,t2,verified,True,rule_hc3,,0.55
dtest_case_0043,chk_00110,t0,verified,True,none,,0.545
dtest_case_0043,chk_00111,t1,constraint_violation,False,rule_hc1,ERR_SCHEMA_UNKNOWN,0.243
dtest_case_0044,chk_00112,t0,verified,True,none,,0.55
dtest_case_0044,chk_00113,t1,verified,True,rule_consistency,,0.637
dtest_case_0045,chk_00114,t0,constraint_violation,False,rule_hc3,ERR_CONSTRAINT,0.047
dtest_case_0045,chk_00115,t1,verified,True,rule_hc1,,0.855
dtest_case_0045,chk_00116,t2,unverifiable,False,none,ERR_SCHEMA_UNKNOWN,0.17
dtest_case_0046,chk_00117,t0,constraint_violation,False,rule_consistency,ERR_SCHEMA_UNKNOWN,0.239
dtest_case_0046,chk_00118,t1,verified,True,rule_hc2,,0.91
dtest_case_0046,chk_00119,t2,verified,True,rule_hc2,,0.994
dtest_case_0047,chk_00120,t0,verified,True,none,,0.615
dtest_case_0047,chk_00121,t1,unverifiable,False,none,ERR_UNVERIFIABLE,0.423
dtest_case_0048,chk_00122,t0,pending,False,rule_consistency,ERR_TYPE_MISMATCH,0.477
dtest_case_0048,chk_00123,t1,verified,True,rule_hc1,,0.525
dtest_case_0048,chk_00124,t2,verified,True,rule_hc1,,0.876
dtest_case_0049,chk_00125,t0,unverifiable,False,rule_hc3,ERR_SCHEMA_UNKNOWN,0.116
dtest_case_0049,chk_00126,t1,verified,True,rule_hc3,,0.862
dtest_case_0049,chk_00127,t2,verified,True,rule_hc3,,0.859
dtest_case_0050,chk_00128,t0,constraint_violation,False,rule_hc3,ERR_TYPE_MISMATCH,0.467
dtest_case_0050,chk_00129,t1,verified,True,rule_consistency,,0.855
dtest_case_0051,chk_00130,t0,pending,False,rule_hc3,ERR_CONSTRAINT,0.486
dtest_case_0051,chk_00131,t1,verified,True,rule_hc3,,0.608
dtest_case_0051,chk_00132,t2,verified,True,rule_consistency,,0.913
dtest_case_0052,chk_00133,t0,unverifiable,False,rule_hc2,ERR_UNVERIFIABLE,0.107
dtest_case_0052,chk_00134,t1,verified,True,rule_hc3,,0.855
dtest_case_0053,chk_00135,t0,verified,True,rule_hc2,,0.71
dtest_case_0053,chk_00136,t1,verified,True,none,,0.558
dtest_case_0054,chk_00137,t0,constraint_violation,False,rule_hc3,ERR_UNVERIFIABLE,0.062
dtest_case_0054,chk_00138,t1,verified,True,none,,0.602
dtest_case_0054,chk_00139,t2,verified,True,rule_hc3,,0.707
dtest_case_0055,chk_00140,t0,verified,True,rule_consistency,,0.742
dtest_case_0055,chk_00141,t1,pending,False,rule_hc3,ERR_SCHEMA_UNKNOWN,0.121
dtest_case_0055,chk_00142,t2,constraint_violation,False,rule_hc1,ERR_UNVERIFIABLE,0.364
dtest_case_0056,chk_00143,t0,verified,True,rule_hc1,,0.904
dtest_case_0056,chk_00144,t1,constraint_violation,False,none,ERR_CONSTRAINT,0.051
dtest_case_0056,chk_00145,t2,verified,True,rule_hc3,,0.576
dtest_case_0057,chk_00146,t0,verified,True,rule_hc2,,0.541
dtest_case_0057,chk_00147,t1,verified,True,rule_hc3,,0.929
dtest_case_0057,chk_00148,t2,constraint_violation,False,rule_hc1,ERR_SCHEMA_UNKNOWN,0.197
dtest_case_0058,chk_00149,t0,verified,True,rule_hc3,,0.785
dtest_case_0058,chk_00150,t1,verified,True,rule_hc3,,0.59
dtest_case_0058,chk_00151,t2,unverifiable,False,rule_hc1,ERR_SCHEMA_UNKNOWN,0.09
dtest_case_0059,chk_00152,t0,verified,True,rule_consistency,,0.646
dtest_case_0059,chk_00153,t1,verified,True,rule_hc3,,0.654
dtest_case_0059,chk_00154,t2,verified,True,none,,0.746
dtest_case_0060,chk_00155,t0,unverifiable,False,none,ERR_UNVERIFIABLE,0.369
dtest_case_0061,chk_00156,t0,verified,True,rule_consistency,,0.817
dtest_case_0061,chk_00157,t1,verified,True,none,,0.97
dtest_case_0061,chk_00158,t2,verified,True,rule_hc1,,0.883
dtest_case_0062,chk_00159,t0,constraint_violation,False,rule_consistency,ERR_UNVERIFIABLE,0.058
dtest_case_0062,chk_00160,t1,verified,True,rule_consistency,,0.698
dtest_case_0062,chk_00161,t2,constraint_violation,False,rule_hc2,ERR_CONSTRAINT,0.445
dtest_case_0063,chk_00162,t0,unverifiable,False,rule_hc1,ERR_UNVERIFIABLE,0.358
dtest_case_0063,chk_00163,t1,unverifiable,False,rule_hc1,ERR_SCHEMA_UNKNOWN,0.479
dtest_case_0063,chk_00164,t2,verified,True,rule_consistency,,0.803
dtest_case_0064,chk_00165,t0,verified,True,rule_consistency,,0.528
dtest_case_0064,chk_00166,t1,verified,True,rule_hc2,,0.914
dtest_case_0064,chk_00167,t2,constraint_violation,False,rule_consistency,ERR_SCHEMA_UNKNOWN,0.287
dtest_case_0065,chk_00168,t0,pending,False,rule_hc3,ERR_TYPE_MISMATCH,0.384
dtest_case_0065,chk_00169,t1,verified,True,rule_hc2,,0.824
dtest_case_0065,chk_00170,t2,verified,True,rule_consistency,,0.606
dtest_case_0066,chk_00171,t0,verified,True,none,,0.976
dtest_case_0066,chk_00172,t1,verified,True,rule_hc3,,0.814
dtest_case_0067,chk_00173,t0,verified,True,rule_hc2,,0.804
dtest_case_0067,chk_00174,t1,verified,True,none,,0.991
dtest_case_0068,chk_00175,t0,verified,True,none,,0.979
dtest_case_0068,chk_00176,t1,unverifiable,False,rule_hc3,ERR_TYPE_MISMATCH,0.31
dtest_case_0069,chk_00177,t0,verified,True,rule_hc3,,0.836
dtest_case_0069,chk_00178,t1,constraint_violation,False,rule_hc3,ERR_UNVERIFIABLE,0.272
dtest_case_0070,chk_00179,t0,verified,True,none,,0.783
dtest_case_0070,chk_00180,t1,verified,True,rule_hc1,,0.997
dtest_case_0071,chk_00181,t0,constraint_violation,False,rule_hc1,ERR_CONSTRAINT,0.092
dtest_case_0071,chk_00182,t1,unverifiable,False,rule_consistency,ERR_CONSTRAINT,0.416
dtest_case_0071,chk_00183,t2,constraint_violation,False,rule_hc3,ERR_TYPE_MISMATCH,0.11
dtest_case_0072,chk_00184,t0,constraint_violation,False,none,ERR_SCHEMA_UNKNOWN,0.054
dtest_case_0072,chk_00185,t1,constraint_violation,False,rule_hc3,ERR_CONSTRAINT,0.405
dtest_case_0072,chk_00186,t2,verified,True,rule_hc1,,0.957
dtest_case_0073,chk_00187,t0,constraint_violation,False,none,ERR_TYPE_MISMATCH,0.354
dtest_case_0073,chk_00188,t1,verified,True,rule_hc2,,0.882
dtest_case_0073,chk_00189,t2,constraint_violation,False,rule_hc1,ERR_SCHEMA_UNKNOWN,0.304
dtest_case_0074,chk_00190,t0,verified,True,rule_hc2,,0.869
dtest_case_0074,chk_00191,t1,verified,True,none,,0.756
dtest_case_0074,chk_00192,t2,verified,True,rule_consistency,,0.519
dtest_case_0075,chk_00193,t0,pending,False,none,ERR_CONSTRAINT,0.164
dtest_case_0075,chk_00194,t1,constraint_violation,False,rule_hc1,ERR_SCHEMA_UNKNOWN,0.045
dtest_case_0075,chk_00195,t2,constraint_violation,False,rule_hc2,ERR_CONSTRAINT,0.016
dtest_case_0076,chk_00196,t0,verified,True,none,,0.601
dtest_case_0076,chk_00197,t1,verified,True,none,,0.813
dtest_case_0076,chk_00198,t2,unverifiable,False,rule_consistency,ERR_TYPE_MISMATCH,0.026
dtest_case_0077,chk_00199,t0,verified,True,rule_hc2,,0.704
dtest_case_0078,chk_00200,t0,unverifiable,False,rule_consistency,ERR_TYPE_MISMATCH,0.368
dtest_case_0079,chk_00201,t0,constraint_violation,False,rule_consistency,ERR_CONSTRAINT,0.02
dtest_case_0079,chk_00202,t1,verified,True,rule_hc1,,0.517
dtest_case_0079,chk_00203,t2,verified,True,rule_hc2,,0.503
dtest_case_0080,chk_00204,t0,verified,True,rule_consistency,,0.587
dtest_case_0081,chk_00205,t0,constraint_violation,False,rule_consistency,ERR_TYPE_MISMATCH,0.241
dtest_case_0081,chk_00206,t1,constraint_violation,False,none,ERR_TYPE_MISMATCH,0.128
dtest_case_0082,chk_00207,t0,verified,True,rule_consistency,,0.782
dtest_case_0082,chk_00208,t1,verified,True,none,,0.852
dtest_case_0082,chk_00209,t2,verified,True,rule_hc2,,0.864
dtest_case_0083,chk_00210,t0,verified,True,none,,0.515
dtest_case_0084,chk_00211,t0,verified,True,rule_hc1,,0.968
dtest_case_0084,chk_00212,t1,verified,True,rule_consistency,,0.801
dtest_case_0084,chk_00213,t2,verified,True,rule_hc1,,0.593
dtest_case_0085,chk_00214,t0,verified,True,none,,0.922
dtest_case_0085,chk_00215,t1,verified,True,rule_hc2,,0.73
dtest_case_0085,chk_00216,t2,verified,True,rule_hc1,,0.957
dtest_case_0086,chk_00217,t0,verified,True,rule_hc2,,0.716
dtest_case_0086,chk_00218,t1,verified,True,rule_hc2,,0.928
dtest_case_0086,chk_00219,t2,unverifiable,False,rule_consistency,ERR_CONSTRAINT,0.095
dtest_case_0087,chk_00220,t0,verified,True,rule_consistency,,0.711
dtest_case_0087,chk_00221,t1,constraint_violation,False,none,ERR_TYPE_MISMATCH,0.37
dtest_case_0087,chk_00222,t2,unverifiable,False,rule_hc3,ERR_CONSTRAINT,0.196
dtest_case_0088,chk_00223,t0,verified,True,rule_hc3,,0.809
dtest_case_0088,chk_00224,t1,constraint_violation,False,rule_hc2,ERR_UNVERIFIABLE,0.443
dtest_case_0088,chk_00225,t2,verified,True,none,,0.688
dtest_case_0089,chk_00226,t0,constraint_violation,False,rule_consistency,ERR_UNVERIFIABLE,0.304
dtest_case_0089,chk_00227,t1,verified,True,rule_hc2,,0.508
dtest_case_0089,chk_00228,t2,constraint_violation,False,rule_consistency,ERR_UNVERIFIABLE,0.065
dtest_case_0090,chk_00229,t0,verified,True,rule_hc3,,0.639
dtest_case_0090,chk_00230,t1,constraint_violation,False,rule_hc3,ERR_TYPE_MISMATCH,0.235
dtest_case_0090,chk_00231,t2,constraint_violation,False,rule_hc3,ERR_TYPE_MISMATCH,0.006
dtest_case_0091,chk_00232,t0,verified,True,rule_consistency,,0.54
dtest_case_0091,chk_00233,t1,verified,True,none,,0.714
dtest_case_0092,chk_00234,t0,constraint_violation,False,rule_hc3,ERR_SCHEMA_UNKNOWN,0.154
dtest_case_0093,chk_00235,t0,verified,True,rule_hc3,,0.619
dtest_case_0093,chk_00236,t1,verified,True,rule_hc1,,0.641
dtest_case_0093,chk_00237,t2,constraint_violation,False,rule_hc1,ERR_SCHEMA_UNKNOWN,0.309
dtest_case_0094,chk_00238,t0,unverifiable,False,rule_hc1,ERR_TYPE_MISMATCH,0.383
dtest_case_0094,chk_00239,t1,verified,True,rule_hc3,,0.771
dtest_case_0095,chk_00240,t0,constraint_violation,False,rule_hc1,ERR_TYPE_MISMATCH,0.211
dtest_case_0095,chk_00241,t1,constraint_violation,False,rule_consistency,ERR_TYPE_MISMATCH,0.176
dtest_case_0095,chk_00242,t2,verified,True,rule_hc2,,0.646
dtest_case_0096,chk_00243,t0,verified,True,rule_hc1,,0.562
dtest_case_0096,chk_00244,t1,unverifiable,False,rule_hc2,ERR_SCHEMA_UNKNOWN,0.5
dtest_case_0096,chk_00245,t2,unverifiable,False,rule_consistency,ERR_SCHEMA_UNKNOWN,0.437
dtest_case_0097,chk_00246,t0,verified,True,none,,0.975
dtest_case_0097,chk_00247,t1,unverifiable,False,rule_consistency,ERR_TYPE_MISMATCH,0.316
dtest_case_0097,chk_00248,t2,verified,True,rule_hc1,,0.885
dtest_case_0098,chk_00249,t0,unverifiable,False,rule_hc3,ERR_TYPE_MISMATCH,0.462
dtest_case_0098,chk_00250,t1,verified,True,rule_hc3,,0.741
dtest_case_0099,chk_00251,t0,verified,True,rule_hc2,,0.826
dtest_case_0099,chk_00252,t1,verified,True,rule_hc3,,0.623
dtest_case_0099,chk_00253,t2,verified,True,rule_hc1,,0.896
dtest_case_0100,chk_00254,t0,constraint_violation,False,rule_hc3,ERR_UNVERIFIABLE,0.319
dtest_case_0100,chk_00255,t1,constraint_violation,False,rule_consistency,ERR_UNVERIFIABLE,0.196
dtest_case_0100,chk_00256,t2,verified,True,rule_consistency,,0.879
dtest_case_0101,chk_00257,t0,unverifiable,False,none,ERR_UNVERIFIABLE,0.028
dtest_case_0102,chk_00258,t0,unverifiable,False,rule_hc1,ERR_CONSTRAINT,0.46
dtest_case_0102,chk_00259,t1,verified,True,rule_consistency,,0.641
dtest_case_0102,chk_00260,t2,verified,True,rule_hc1,,0.951
dtest_case_0103,chk_00261,t0,verified,True,rule_hc3,,0.922
dtest_case_0103,chk_00262,t1,verified,True,none,,0.773
dtest_case_0103,chk_00263,t2,unverifiable,False,rule_hc1,ERR_CONSTRAINT,0.452
dtest_case_0104,chk_00264,t0,verified,True,none,,0.655
dtest_case_0104,chk_00265,t1,constraint_violation,False,none,ERR_TYPE_MISMATCH,0.36
dtest_case_0104,chk_00266,t2,verified,True,rule_hc3,,0.71
dtest_case_0105,chk_00267,t0,unverifiable,False,rule_hc3,ERR_SCHEMA_UNKNOWN,0.473
dtest_case_0105,chk_00268,t1,verified,True,rule_hc3,,0.581
dtest_case_0105,chk_00269,t2,constraint_violation,False,rule_hc3,ERR_CONSTRAINT,0.031
dtest_case_0106,chk_00270,t0,verified,True,rule_hc2,,0.56
dtest_case_0106,chk_00271,t1,constraint_violation,False,rule_hc3,ERR_SCHEMA_UNKNOWN,0.281
dtest_case_0107,chk_00272,t0,pending,False,rule_hc2,ERR_UNVERIFIABLE,0.399
dtest_case_0107,chk_00273,t1,unverifiable,False,rule_hc2,ERR_UNVERIFIABLE,0.297
dtest_case_0108,chk_00274,t0,verified,True,rule_hc3,,0.551
dtest_case_0108,chk_00275,t1,verified,True,none,,0.707
dtest_case_0108,chk_00276,t2,verified,True,rule_hc3,,0.627
dtest_case_0109,chk_00277,t0,verified,True,rule_consistency,,0.702
dtest_case_0109,chk_00278,t1,verified,True,none,,0.514
dtest_case_0109,chk_00279,t2,constraint_violation,False,rule_consistency,ERR_CONSTRAINT,0.466
dtest_case_0110,chk_00280,t0,verified,True,rule_hc1,,0.797
dtest_case_0110,chk_00281,t1,constraint_violation,False,none,ERR_CONSTRAINT,0.405
dtest_case_0110,chk_00282,t2,unverifiable,False,rule_consistency,ERR_UNVERIFIABLE,0.496
dtest_case_0111,chk_00283,t0,verified,True,none,,0.768
dtest_case_0111,chk_00284,t1,unverifiable,False,rule_consistency,ERR_UNVERIFIABLE,0.353
dtest_case_0111,chk_00285,t2,verified,True,rule_hc1,,0.826
dtest_case_0112,chk_00286,t0,unverifiable,False,none,ERR_UNVERIFIABLE,0.493
dtest_case_0113,chk_00287,t0,verified,True,rule_consistency,,0.642
dtest_case_0114,chk_00288,t0,unverifiable,False,none,ERR_UNVERIFIABLE,0.203
dtest_case_0114,chk_00289,t1,verified,True,rule_hc3,,0.948
dtest_case_0114,chk_00290,t2,verified,True,rule_hc2,,0.765
dtest_case_0115,chk_00291,t0,unverifiable,False,none,ERR_TYPE_MISMATCH,0.126
dtest_case_0115,chk_00292,t1,verified,True,rule_hc2,,0.836
dtest_case_0115,chk_00293,t2,verified,True,rule_hc3,,0.907
dtest_case_0116,chk_00294,t0,constraint_violation,False,rule_consistency,ERR_SCHEMA_UNKNOWN,0.058
dtest_case_0117,chk_00295,t0,verified,True,none,,0.903
dtest_case_0117,chk_00296,t1,verified,True,rule_consistency,,0.695
dtest_case_0117,chk_00297,t2,constraint_violation,False,rule_hc3,ERR_UNVERIFIABLE,0.446
dtest_case_0118,chk_00298,t0,unverifiable,False,rule_hc3,ERR_SCHEMA_UNKNOWN,0.433
dtest_case_0119,chk_00299,t0,verified,True,rule_hc2,,0.819
dtest_case_0119,chk_00300,t1,constraint_violation,False,rule_hc1,ERR_TYPE_MISMATCH,0.306
dtest_case_0120,chk_00301,t0,constraint_violation,False,rule_hc3,ERR_UNVERIFIABLE,0.147
dtest_case_0120,chk_00302,t1,verified,True,rule_hc1,,0.562
dtest_case_0120,chk_00303,t2,verified,True,rule_hc3,,0.743
dtest_case_0121,chk_00304,t0,verified,True,rule_consistency,,0.923
dtest_case_0121,chk_00305,t1,verified,True,rule_consistency,,0.68
dtest_case_0121,chk_00306,t2,constraint_violation,False,none,ERR_CONSTRAINT,0.486
dtest_case_0122,chk_00307,t0,verified,True,none,,0.762
dtest_case_0122,chk_00308,t1,constraint_violation,False,rule_hc1,ERR_UNVERIFIABLE,0.074
dtest_case_0122,chk_00309,t2,verified,True,rule_hc2,,0.64
dtest_case_0123,chk_00310,t0,verified,True,rule_hc3,,0.806
dtest_case_0123,chk_00311,t1,verified,True,rule_hc1,,0.875
dtest_case_0123,chk_00312,t2,verified,True,none,,0.582
dtest_case_0124,chk_00313,t0,verified,True,rule_consistency,,0.936
dtest_case_0124,chk_00314,t1,pending,False,none,ERR_TYPE_MISMATCH,0.113
dtest_case_0124,chk_00315,t2,unverifiable,False,none,ERR_TYPE_MISMATCH,0.487
dtest_case_0125,chk_00316,t0,verified,True,rule_hc1,,0.669
dtest_case_0125,chk_00317,t1,verified,True,rule_hc3,,0.998
dtest_case_0125,chk_00318,t2,verified,True,rule_hc3,,0.64
dtest_case_0126,chk_00319,t0,constraint_violation,False,rule_hc2,ERR_TYPE_MISMATCH,0.114
dtest_case_0126,chk_00320,t1,verified,True,rule_hc3,,0.963
dtest_case_0126,chk_00321,t2,pending,False,rule_hc3,ERR_TYPE_MISMATCH,0.427
dtest_case_0127,chk_00322,t0,verified,True,rule_hc3,,0.805
dtest_case_0127,chk_00323,t1,verified,True,rule_hc2,,0.582
dtest_case_0127,chk_00324,t2,verified,True,none,,0.759
dtest_case_0128,chk_00325,t0,verified,True,none,,0.866
dtest_case_0128,chk_00326,t1,pending,False,rule_hc3,ERR_UNVERIFIABLE,0.268
dtest_case_0128,chk_00327,t2,constraint_violation,False,rule_consistency,ERR_SCHEMA_UNKNOWN,0.136
dtest_case_0129,chk_00328,t0,verified,True,rule_hc2,,0.848
dtest_case_0129,chk_00329,t1,verified,True,rule_hc3,,0.563
dtest_case_0130,chk_00330,t0,constraint_violation,False,none,ERR_TYPE_MISMATCH,0.321
dtest_case_0131,chk_00331,t0,unverifiable,False,rule_hc1,ERR_CONSTRAINT,0.465
dtest_case_0131,chk_00332,t1,verified,True,rule_hc2,,0.844
dtest_case_0132,chk_00333,t0,verified,True,rule_hc3,,0.892
dtest_case_0132,chk_00334,t1,constraint_violation,False,none,ERR_TYPE_MISMATCH,0.404
dtest_case_0132,chk_00335,t2,verified,True,rule_consistency,,0.765
dtest_case_0133,chk_00336,t0,verified,True,rule_hc2,,0.934
dtest_case_0133,chk_00337,t1,verified,True,rule_hc1,,0.734
dtest_case_0133,chk_00338,t2,constraint_violation,False,rule_consistency,ERR_CONSTRAINT,0.162
dtest_case_0134,chk_00339,t0,constraint_violation,False,rule_hc3,ERR_UNVERIFIABLE,0.007
dtest_case_0134,chk_00340,t1,constraint_violation,False,rule_hc1,ERR_SCHEMA_UNKNOWN,0.045
dtest_case_0134,chk_00341,t2,verified,True,none,,0.747
dtest_case_0135,chk_00342,t0,verified,True,none,,0.648
dtest_case_0136,chk_00343,t0,verified,True,none,,0.737
dtest_case_0136,chk_00344,t1,verified,True,rule_hc3,,0.645
dtest_case_0137,chk_00345,t0,verified,True,rule_consistency,,0.665
dtest_case_0137,chk_00346,t1,constraint_violation,False,none,ERR_CONSTRAINT,0.01
dtest_case_0137,chk_00347,t2,verified,True,rule_hc2,,0.675
dtest_case_0138,chk_00348,t0,verified,True,rule_consistency,,0.732
dtest_case_0138,chk_00349,t1,verified,True,rule_consistency,,0.614
dtest_case_0138,chk_00350,t2,verified,True,rule_consistency,,0.968
dtest_case_0139,chk_00351,t0,pending,False,rule_hc2,ERR_CONSTRAINT,0.489
dtest_case_0139,chk_00352,t1,verified,True,rule_hc2,,0.994
dtest_case_0140,chk_00353,t0,unverifiable,False,none,ERR_SCHEMA_UNKNOWN,0.006
dtest_case_0140,chk_00354,t1,verified,True,rule_hc3,,0.723
dtest_case_0140,chk_00355,t2,unverifiable,False,rule_hc1,ERR_SCHEMA_UNKNOWN,0.297
dtest_case_0141,chk_00356,t0,pending,False,none,ERR_SCHEMA_UNKNOWN,0.452
dtest_case_0141,chk_00357,t1,pending,False,rule_consistency,ERR_CONSTRAINT,0.216
dtest_case_0141,chk_00358,t2,unverifiable,False,none,ERR_UNVERIFIABLE,0.318
dtest_case_0142,chk_00359,t0,verified,True,rule_hc2,,0.917
dtest_case_0142,chk_00360,t1,verified,True,rule_hc3,,0.954
dtest_case_0143,chk_00361,t0,unverifiable,False,none,ERR_TYPE_MISMATCH,0.379
dtest_case_0143,chk_00362,t1,verified,True,none,,0.571
dtest_case_0143,chk_00363,t2,unverifiable,False,rule_hc2,ERR_CONSTRAINT,0.025
dtest_case_0144,chk_00364,t0,unverifiable,False,rule_consistency,ERR_UNVERIFIABLE,0.138
dtest_case_0144,chk_00365,t1,verified,True,rule_hc3,,0.601
dtest_case_0144,chk_00366,t2,unverifiable,False,rule_hc1,ERR_TYPE_MISMATCH,0.298
dtest_case_0145,chk_00367,t0,verified,True,none,,0.707
dtest_case_0145,chk_00368,t1,verified,True,rule_consistency,,0.612
dtest_case_0145,chk_00369,t2,verified,True,rule_hc2,,0.657
dtest_case_0146,chk_00370,t0,unverifiable,False,rule_consistency,ERR_TYPE_MISMATCH,0.266
dtest_case_0146,chk_00371,t1,unverifiable,False,rule_hc2,ERR_TYPE_MISMATCH,0.059
dtest_case_0147,chk_00372,t0,constraint_violation,False,rule_hc1,ERR_CONSTRAINT,0.353
dtest_case_0147,chk_00373,t1,verified,True,rule_consistency,,0.727
dtest_case_0147,chk_00374,t2,pending,False,rule_hc3,ERR_UNVERIFIABLE,0.013
dtest_case_0148,chk_00375,t0,verified,True,rule_hc1,,0.518
dtest_case_0149,chk_00376,t0,constraint_violation,False,rule_consistency,ERR_SCHEMA_UNKNOWN,0.165
dtest_case_0149,chk_00377,t1,verified,True,none,,0.717
dtest_case_0149,chk_00378,t2,unverifiable,False,rule_hc1,ERR_TYPE_MISMATCH,0.397
dtest_case_0150,chk_00379,t0,verified,True,none,,0.725
dtest_case_0150,chk_00380,t1,pending,False,rule_hc1,ERR_SCHEMA_UNKNOWN,0.049
dtest_case_0150,chk_00381,t2,verified,True,rule_hc2,,0.906
dtest_case_0151,chk_00382,t0,constraint_violation,False,rule_hc1,ERR_CONSTRAINT,0.165
dtest_case_0151,chk_00383,t1,verified,True,rule_hc3,,0.795
dtest_case_0151,chk_00384,t2,constraint_violation,False,rule_hc2,ERR_SCHEMA_UNKNOWN,0.322
dtest_case_0152,chk_00385,t0,verified,True,none,,0.766
dtest_case_0152,chk_00386,t1,unverifiable,False,rule_hc2,ERR_CONSTRAINT,0.467
dtest_case_0152,chk_00387,t2,constraint_violation,False,rule_hc3,ERR_TYPE_MISMATCH,0.087
dtest_case_0153,chk_00388,t0,verified,True,none,,0.919
dtest_case_0153,chk_00389,t1,unverifiable,False,rule_consistency,ERR_SCHEMA_UNKNOWN,0.238
dtest_case_0154,chk_00390,t0,verified,True,rule_hc3,,0.652
dtest_case_0154,chk_00391,t1,verified,True,rule_hc2,,0.816
dtest_case_0154,chk_00392,t2,verified,True,rule_hc1,,0.847
dtest_case_0155,chk_00393,t0,pending,False,rule_hc1,ERR_TYPE_MISMATCH,0.339
dtest_case_0155,chk_00394,t1,verified,True,rule_consistency,,0.926
dtest_case_0155,chk_00395,t2,verified,True,rule_hc1,,0.768
dtest_case_0156,chk_00396,t0,verified,True,rule_hc1,,0.621
dtest_case_0156,chk_00397,t1,verified,True,none,,0.729
dtest_case_0157,chk_00398,t0,constraint_violation,False,rule_hc2,ERR_UNVERIFIABLE,0.466
dtest_case_0157,chk_00399,t1,verified,True,rule_consistency,,0.597
dtest_case_0157,chk_00400,t2,verified,True,rule_hc3,,0.936
dtest_case_0158,chk_00401,t0,unverifiable,False,rule_hc1,ERR_SCHEMA_UNKNOWN,0.065
dtest_case_0159,chk_00402,t0,pending,False,rule_hc3,ERR_CONSTRAINT,0.129
dtest_case_0159,chk_00403,t1,constraint_violation,False,none,ERR_SCHEMA_UNKNOWN,0.325
dtest_case_0159,chk_00404,t2,verified,True,rule_hc2,,0.905
dtest_case_0160,chk_00405,t0,verified,True,rule_consistency,,0.6
dtest_case_0160,chk_00406,t1,unverifiable,False,rule_hc2,ERR_TYPE_MISMATCH,0.398
dtest_case_0161,chk_00407,t0,verified,True,rule_hc3,,0.515
dtest_case_0161,chk_00408,t1,verified,True,rule_consistency,,0.643
dtest_case_0161,chk_00409,t2,verified,True,none,,0.816
dtest_case_0162,chk_00410,t0,unverifiable,False,rule_hc3,ERR_CONSTRAINT,0.027
dtest_case_0162,chk_00411,t1,verified,True,rule_hc3,,0.667
dtest_case_0162,chk_00412,t2,constraint_violation,False,rule_hc3,ERR_UNVERIFIABLE,0.426
dtest_case_0163,chk_00413,t0,verified,True,rule_hc1,,0.698
dtest_case_0163,chk_00414,t1,unverifiable,False,none,ERR_UNVERIFIABLE,0.161
dtest_case_0163,chk_00415,t2,verified,True,rule_hc1,,0.503
dtest_case_0164,chk_00416,t0,verified,True,none,,0.9
dtest_case_0164,chk_00417,t1,verified,True,none,,0.709
dtest_case_0164,chk_00418,t2,verified,True,rule_hc1,,0.58
dtest_case_0165,chk_00419,t0,verified,True,rule_consistency,,0.95
dtest_case_0165,chk_00420,t1,verified,True,rule_hc1,,0.569
dtest_case_0165,chk_00421,t2,constraint_violation,False,rule_consistency,ERR_UNVERIFIABLE,0.026
dtest_case_0166,chk_00422,t0,verified,True,rule_hc1,,0.749
dtest_case_0166,chk_00423,t1,verified,True,rule_hc1,,0.806
dtest_case_0166,chk_00424,t2,verified,True,rule_consistency,,0.658
dtest_case_0167,chk_00425,t0,pending,False,rule_hc2,ERR_CONSTRAINT,0.087
dtest_case_0167,chk_00426,t1,verified,True,rule_consistency,,0.885
dtest_case_0167,chk_00427,t2,verified,True,none,,0.842
dtest_case_0168,chk_00428,t0,constraint_violation,False,rule_hc2,ERR_CONSTRAINT,0.2
dtest_case_0168,chk_00429,t1,verified,True,rule_hc1,,0.988
dtest_case_0168,chk_00430,t2,constraint_violation,False,rule_hc3,ERR_CONSTRAINT,0.285
dtest_case_0169,chk_00431,t0,unverifiable,False,none,ERR_SCHEMA_UNKNOWN,0.022
dtest_case_0169,chk_00432,t1,verified,True,rule_consistency,,0.943
dtest_case_0169,chk_00433,t2,constraint_violation,False,none,ERR_UNVERIFIABLE,0.251
dtest_case_0170,chk_00434,t0,constraint_violation,False,none,ERR_CONSTRAINT,0.318
dtest_case_0170,chk_00435,t1,constraint_violation,False,rule_hc1,ERR_UNVERIFIABLE,0.211
dtest_case_0170,chk_00436,t2,verified,True,rule_consistency,,0.995
dtest_case_0171,chk_00437,t0,verified,True,rule_consistency,,0.825
dtest_case_0171,chk_00438,t1,verified,True,rule_consistency,,0.664
dtest_case_0171,chk_00439,t2,verified,True,rule_consistency,,0.902
dtest_case_0172,chk_00440,t0,unverifiable,False,rule_hc2,ERR_SCHEMA_UNKNOWN,0.437
dtest_case_0173,chk_00441,t0,verified,True,rule_hc2,,0.988
dtest_case_0173,chk_00442,t1,verified,True,rule_hc1,,0.67
dtest_case_0173,chk_00443,t2,verified,True,rule_hc2,,0.751
dtest_case_0174,chk_00444,t0,verified,True,rule_consistency,,0.995
dtest_case_0174,chk_00445,t1,unverifiable,False,rule_hc2,ERR_UNVERIFIABLE,0.115
dtest_case_0174,chk_00446,t2,verified,True,rule_hc2,,0.931
dtest_case_0175,chk_00447,t0,verified,True,rule_hc3,,0.828
dtest_case_0175,chk_00448,t1,verified,True,none,,0.862
dtest_case_0175,chk_00449,t2,verified,True,rule_hc2,,0.869
dtest_case_0176,chk_00450,t0,verified,True,none,,0.592
dtest_case_0176,chk_00451,t1,verified,True,rule_consistency,,0.527
dtest_case_0177,chk_00452,t0,verified,True,rule_consistency,,0.793
dtest_case_0177,chk_00453,t1,verified,True,rule_hc1,,0.723
dtest_case_0177,chk_00454,t2,unverifiable,False,none,ERR_TYPE_MISMATCH,0.368
dtest_case_0178,chk_00455,t0,verified,True,none,,0.655
dtest_case_0178,chk_00456,t1,constraint_violation,False,rule_hc2,ERR_UNVERIFIABLE,0.382
dtest_case_0178,chk_00457,t2,constraint_violation,False,rule_consistency,ERR_TYPE_MISMATCH,0.322
dtest_case_0179,chk_00458,t0,verified,True,rule_hc2,,0.505
dtest_case_0179,chk_00459,t1,unverifiable,False,none,ERR_UNVERIFIABLE,0.47
dtest_case_0179,chk_00460,t2,verified,True,rule_consistency,,0.537
dtest_case_0180,chk_00461,t0,verified,True,rule_consistency,,0.625
dtest_case_0180,chk_00462,t1,verified,True,none,,0.642
dtest_case_0180,chk_00463,t2,verified,True,rule_consistency,,0.785
dtest_case_0181,chk_00464,t0,verified,True,rule_hc3,,0.555
dtest_case_0181,chk_00465,t1,verified,True,rule_consistency,,0.613
dtest_case_0181,chk_00466,t2,constraint_violation,False,rule_consistency,ERR_SCHEMA_UNKNOWN,0.232
dtest_case_0182,chk_00467,t0,constraint_violation,False,rule_consistency,ERR_SCHEMA_UNKNOWN,0.218
dtest_case_0182,chk_00468,t1,constraint_violation,False,none,ERR_SCHEMA_UNKNOWN,0.208
dtest_case_0182,chk_00469,t2,unverifiable,False,rule_hc2,ERR_TYPE_MISMATCH,0.162
dtest_case_0183,chk_00470,t0,verified,True,rule_hc1,,0.628
dtest_case_0183,chk_00471,t1,unverifiable,False,rule_hc2,ERR_SCHEMA_UNKNOWN,0.057
dtest_case_0183,chk_00472,t2,pending,False,rule_consistency,ERR_SCHEMA_UNKNOWN,0.031
dtest_case_0184,chk_00473,t0,constraint_violation,False,rule_hc3,ERR_TYPE_MISMATCH,0.155
dtest_case_0184,chk_00474,t1,verified,True,rule_hc3,,0.829
dtest_case_0184,chk_00475,t2,verified,True,rule_hc1,,0.671
dtest_case_0185,chk_00476,t0,pending,False,rule_hc3,ERR_CONSTRAINT,0.047
dtest_case_0185,chk_00477,t1,constraint_violation,False,rule_hc3,ERR_SCHEMA_UNKNOWN,0.343
dtest_case_0185,chk_00478,t2,verified,True,rule_hc3,,0.913
dtest_case_0186,chk_00479,t0,unverifiable,False,none,ERR_CONSTRAINT,0.232
dtest_case_0186,chk_00480,t1,verified,True,none,,0.609
dtest_case_0186,chk_00481,t2,unverifiable,False,none,ERR_TYPE_MISMATCH,0.417
dtest_case_0187,chk_00482,t0,verified,True,rule_hc1,,0.725
dtest_case_0187,chk_00483,t1,verified,True,rule_hc2,,0.546
dtest_case_0187,chk_00484,t2,verified,True,rule_hc1,,0.719
dtest_case_0188,chk_00485,t0,verified,True,rule_consistency,,0.501
dtest_case_0188,chk_00486,t1,verified,True,rule_hc3,,0.999
dtest_case_0189,chk_00487,t0,verified,True,rule_hc3,,0.693
dtest_case_0189,chk_00488,t1,constraint_violation,False,rule_hc3,ERR_SCHEMA_UNKNOWN,0.457
dtest_case_0189,chk_00489,t2,verified,True,rule_hc1,,0.511
dtest_case_0190,chk_00490,t0,pending,False,rule_hc3,ERR_UNVERIFIABLE,0.094
dtest_case_0190,chk_00491,t1,unverifiable,False,rule_hc3,ERR_SCHEMA_UNKNOWN,0.255
dtest_case_0190,chk_00492,t2,constraint_violation,False,rule_consistency,ERR_CONSTRAINT,0.489
dtest_case_0191,chk_00493,t0,verified,True,rule_consistency,,0.986
dtest_case_0191,chk_00494,t1,constraint_violation,False,none,ERR_UNVERIFIABLE,0.194
dtest_case_0191,chk_00495,t2,verified,True,rule_consistency,,0.85
dtest_case_0192,chk_00496,t0,constraint_violation,False,rule_consistency,ERR_CONSTRAINT,0.14
dtest_case_0192,chk_00497,t1,verified,True,none,,0.599
dtest_case_0192,chk_00498,t2,constraint_violation,False,rule_hc2,ERR_SCHEMA_UNKNOWN,0.285
dtest_case_0193,chk_00499,t0,unverifiable,False,none,ERR_TYPE_MISMATCH,0.258
dtest_case_0193,chk_00500,t1,verified,True,rule_hc1,,0.89
dtest_case_0193,chk_00501,t2,verified,True,rule_hc3,,0.62
dtest_case_0194,chk_00502,t0,constraint_violation,False,rule_hc3,ERR_SCHEMA_UNKNOWN,0.248
dtest_case_0194,chk_00503,t1,verified,True,rule_consistency,,0.582
dtest_case_0195,chk_00504,t0,verified,True,rule_hc2,,0.598
dtest_case_0195,chk_00505,t1,verified,True,rule_hc2,,0.83
dtest_case_0195,chk_00506,t2,verified,True,rule_consistency,,0.946
dtest_case_0196,chk_00507,t0,constraint_violation,False,rule_hc3,ERR_UNVERIFIABLE,0.281
dtest_case_0196,chk_00508,t1,unverifiable,False,rule_hc3,ERR_CONSTRAINT,0.401
dtest_case_0196,chk_00509,t2,constraint_violation,False,rule_hc2,ERR_TYPE_MISMATCH,0.48
dtest_case_0197,chk_00510,t0,verified,True,rule_hc1,,0.825
dtest_case_0197,chk_00511,t1,unverifiable,False,rule_hc2,ERR_CONSTRAINT,0.016
dtest_case_0197,chk_00512,t2,unverifiable,False,rule_hc3,ERR_TYPE_MISMATCH,0.235
dtest_case_0198,chk_00513,t0,unverifiable,False,rule_hc3,ERR_SCHEMA_UNKNOWN,0.014
dtest_case_0198,chk_00514,t1,verified,True,rule_consistency,,0.833
dtest_case_0199,chk_00515,t0,unverifiable,False,rule_hc3,ERR_TYPE_MISMATCH,0.162
dtest_case_0199,chk_00516,t1,verified,True,rule_hc2,,0.996
dtest_case_0199,chk_00517,t2,verified,True,rule_consistency,,0.538
dtest_case_0200,chk_00518,t0,constraint_violation,False,rule_hc2,ERR_UNVERIFIABLE,0.407
dtest_case_0201,chk_00519,t0,verified,True,rule_hc1,,0.983
dtest_case_0201,chk_00520,t1,unverifiable,False,rule_consistency,ERR_SCHEMA_UNKNOWN,0.069
dtest_case_0202,chk_00521,t0,verified,True,rule_hc1,,0.862
dtest_case_0202,chk_00522,t1,pending,False,rule_hc3,ERR_UNVERIFIABLE,0.199
dtest_case_0202,chk_00523,t2,verified,True,rule_hc3,,0.856
dtest_case_0203,chk_00524,t0,verified,True,rule_consistency,,0.972
dtest_case_0203,chk_00525,t1,verified,True,rule_hc1,,0.769
dtest_case_0203,chk_00526,t2,unverifiable,False,rule_consistency,ERR_CONSTRAINT,0.422
dtest_case_0204,chk_00527,t0,verified,True,rule_hc3,,0.89
dtest_case_0204,chk_00528,t1,verified,True,rule_hc3,,0.968
dtest_case_0204,chk_00529,t2,unverifiable,False,rule_hc1,ERR_CONSTRAINT,0.1
dtest_case_0205,chk_00530,t0,pending,False,none,ERR_CONSTRAINT,0.336
dtest_case_0205,chk_00531,t1,verified,True,rule_hc1,,0.816
dtest_case_0205,chk_00532,t2,constraint_violation,False,rule_hc2,ERR_TYPE_MISMATCH,0.126
dtest_case_0206,chk_00533,t0,constraint_violation,False,none,ERR_CONSTRAINT,0.248
dtest_case_0206,chk_00534,t1,unverifiable,False,rule_consistency,ERR_CONSTRAINT,0.228
dtest_case_0207,chk_00535,t0,unverifiable,False,rule_hc3,ERR_UNVERIFIABLE,0.036
dtest_case_0207,chk_00536,t1,unverifiable,False,rule_hc2,ERR_CONSTRAINT,0.053
dtest_case_0208,chk_00537,t0,unverifiable,False,rule_hc1,ERR_TYPE_MISMATCH,0.393
dtest_case_0208,chk_00538,t1,verified,True,rule_hc2,,0.789
dtest_case_0209,chk_00539,t0,verified,True,rule_hc1,,0.57
dtest_case_0209,chk_00540,t1,verified,True,rule_consistency,,0.802
dtest_case_0209,chk_00541,t2,verified,True,rule_consistency,,0.841
dtest_case_0210,chk_00542,t0,verified,True,rule_hc2,,0.731
dtest_case_0210,chk_00543,t1,constraint_violation,False,none,ERR_SCHEMA_UNKNOWN,0.496
dtest_case_0210,chk_00544,t2,verified,True,rule_hc3,,0.606
dtest_case_0211,chk_00545,t0,verified,True,rule_consistency,,0.667
dtest_case_0211,chk_00546,t1,unverifiable,False,none,ERR_UNVERIFIABLE,0.417
dtest_case_0211,chk_00547,t2,constraint_violation,False,rule_hc3,ERR_UNVERIFIABLE,0.036
dtest_case_0212,chk_00548,t0,constraint_violation,False,rule_hc3,ERR_UNVERIFIABLE,0.2
dtest_case_0212,chk_00549,t1,unverifiable,False,rule_hc3,ERR_SCHEMA_UNKNOWN,0.49
dtest_case_0212,chk_00550,t2,unverifiable,False,rule_consistency,ERR_UNVERIFIABLE,0.009
dtest_case_0213,chk_00551,t0,verified,True,none,,0.839
dtest_case_0213,chk_00552,t1,verified,True,rule_hc3,,0.842
dtest_case_0213,chk_00553,t2,verified,True,rule_hc1,,0.847
dtest_case_0214,chk_00554,t0,constraint_violation,False,rule_consistency,ERR_SCHEMA_UNKNOWN,0.317
dtest_case_0214,chk_00555,t1,unverifiable,False,rule_hc3,ERR_UNVERIFIABLE,0.087
dtest_case_0214,chk_00556,t2,verified,True,rule_hc3,,0.744
dtest_case_0215,chk_00557,t0,constraint_violation,False,rule_hc3,ERR_SCHEMA_UNKNOWN,0.469
dtest_case_0215,chk_00558,t1,constraint_violation,False,rule_hc1,ERR_CONSTRAINT,0.345
dtest_case_0215,chk_00559,t2,verified,True,rule_consistency,,0.875
dtest_case_0216,chk_00560,t0,constraint_violation,False,rule_hc2,ERR_TYPE_MISMATCH,0.222
dtest_case_0216,chk_00561,t1,verified,True,rule_hc2,,0.812
dtest_case_0216,chk_00562,t2,verified,True,rule_consistency,,0.635
dtest_case_0217,chk_00563,t0,verified,True,rule_consistency,,0.547
dtest_case_0217,chk_00564,t1,constraint_violation,False,rule_hc1,ERR_SCHEMA_UNKNOWN,0.497
dtest_case_0217,chk_00565,t2,verified,True,rule_consistency,,0.947
dtest_case_0218,chk_00566,t0,unverifiable,False,none,ERR_TYPE_MISMATCH,0.167
dtest_case_0218,chk_00567,t1,constraint_violation,False,rule_hc3,ERR_CONSTRAINT,0.308
dtest_case_0219,chk_00568,t0,verified,True,rule_hc2,,0.633
dtest_case_0219,chk_00569,t1,verified,True,rule_hc1,,0.788
dtest_case_0219,chk_00570,t2,unverifiable,False,rule_hc1,ERR_CONSTRAINT,0.022
dtest_case_0220,chk_00571,t0,verified,True,rule_consistency,,0.953
dtest_case_0220,chk_00572,t1,unverifiable,False,rule_hc3,ERR_UNVERIFIABLE,0.214
dtest_case_0220,chk_00573,t2,constraint_violation,False,rule_consistency,ERR_UNVERIFIABLE,0.255
dtest_case_0221,chk_00574,t0,verified,True,rule_hc1,,0.925
dtest_case_0221,chk_00575,t1,verified,True,rule_hc1,,0.609
dtest_case_0221,chk_00576,t2,constraint_violation,False,rule_consistency,ERR_SCHEMA_UNKNOWN,0.277
dtest_case_0222,chk_00577,t0,verified,True,rule_hc2,,0.844
dtest_case_0222,chk_00578,t1,unverifiable,False,rule_hc2,ERR_CONSTRAINT,0.287
dtest_case_0222,chk_00579,t2,unverifiable,False,none,ERR_UNVERIFIABLE,0.031
dtest_case_0223,chk_00580,t0,verified,True,rule_hc3,,0.683
dtest_case_0223,chk_00581,t1,verified,True,rule_consistency,,0.706
dtest_case_0223,chk_00582,t2,verified,True,rule_hc2,,0.884
dtest_case_0224,chk_00583,t0,constraint_violation,False,none,ERR_CONSTRAINT,0.209
dtest_case_0224,chk_00584,t1,constraint_violation,False,rule_hc2,ERR_UNVERIFIABLE,0.125
dtest_case_0225,chk_00585,t0,constraint_violation,False,rule_hc3,ERR_UNVERIFIABLE,0.133
dtest_case_0225,chk_00586,t1,constraint_violation,False,rule_hc3,ERR_UNVERIFIABLE,0.273
dtest_case_0225,chk_00587,t2,verified,True,rule_hc2,,0.923
dtest_case_0226,chk_00588,t0,unverifiable,False,rule_hc3,ERR_CONSTRAINT,0.025
dtest_case_0226,chk_00589,t1,verified,True,rule_consistency,,0.575
dtest_case_0226,chk_00590,t2,constraint_violation,False,rule_consistency,ERR_CONSTRAINT,0.05
dtest_case_0227,chk_00591,t0,constraint_violation,False,rule_hc1,ERR_UNVERIFIABLE,0.088
dtest_case_0227,chk_00592,t1,unverifiable,False,rule_hc3,ERR_TYPE_MISMATCH,0.443
dtest_case_0227,chk_00593,t2,unverifiable,False,rule_consistency,ERR_TYPE_MISMATCH,0.322
dtest_case_0228,chk_00594,t0,verified,True,none,,0.62
dtest_case_0228,chk_00595,t1,constraint_violation,False,rule_hc1,ERR_SCHEMA_UNKNOWN,0.394
dtest_case_0228,chk_00596,t2,verified,True,rule_hc3,,0.881
dtest_case_0229,chk_00597,t0,verified,True,rule_hc1,,0.676
dtest_case_0229,chk_00598,t1,verified,True,rule_hc2,,0.759
dtest_case_0229,chk_00599,t2,verified,True,rule_consistency,,0.748
dtest_case_0230,chk_00600,t0,verified,True,rule_hc2,,0.918
dtest_case_0230,chk_00601,t1,verified,True,none,,0.892
dtest_case_0230,chk_00602,t2,verified,True,rule_consistency,,0.87
dtest_case_0231,chk_00603,t0,pending,False,none,ERR_UNVERIFIABLE,0.061
dtest_case_0231,chk_00604,t1,verified,True,rule_hc1,,0.866
dtest_case_0231,chk_00605,t2,verified,True,rule_hc3,,0.907
dtest_case_0232,chk_00606,t0,verified,True,rule_hc3,,0.826
dtest_case_0232,chk_00607,t1,verified,True,none,,0.749
dtest_case_0232,chk_00608,t2,unverifiable,False,rule_hc2,ERR_CONSTRAINT,0.358
dtest_case_0233,chk_00609,t0,verified,True,rule_hc2,,0.672
dtest_case_0233,chk_00610,t1,verified,True,rule_hc3,,0.531
dtest_case_0233,chk_00611,t2,verified,True,rule_consistency,,0.796
dtest_case_0234,chk_00612,t0,verified,True,rule_consistency,,0.919
dtest_case_0234,chk_00613,t1,pending,False,rule_hc1,ERR_CONSTRAINT,0.381
dtest_case_0234,chk_00614,t2,constraint_violation,False,rule_hc3,ERR_UNVERIFIABLE,0.194
dtest_case_0235,chk_00615,t0,verified,True,rule_hc1,,0.829
dtest_case_0235,chk_00616,t1,constraint_violation,False,none,ERR_UNVERIFIABLE,0.239
dtest_case_0235,chk_00617,t2,verified,True,rule_hc1,,0.664
dtest_case_0236,chk_00618,t0,verified,True,rule_hc1,,0.845
dtest_case_0236,chk_00619,t1,verified,True,rule_hc1,,0.53
dtest_case_0236,chk_00620,t2,constraint_violation,False,rule_hc2,ERR_UNVERIFIABLE,0.024
dtest_case_0237,chk_00621,t0,unverifiable,False,rule_consistency,ERR_UNVERIFIABLE,0.448
dtest_case_0237,chk_00622,t1,verified,True,none,,0.592
dtest_case_0237,chk_00623,t2,verified,True,rule_hc1,,0.668
dtest_case_0238,chk_00624,t0,unverifiable,False,rule_consistency,ERR_UNVERIFIABLE,0.39
dtest_case_0238,chk_00625,t1,verified,True,rule_hc2,,0.556
dtest_case_0238,chk_00626,t2,constraint_violation,False,rule_hc1,ERR_CONSTRAINT,0.465
dtest_case_0239,chk_00627,t0,unverifiable,False,rule_hc2,ERR_TYPE_MISMATCH,0.413
dtest_case_0239,chk_00628,t1,constraint_violation,False,rule_hc1,ERR_TYPE_MISMATCH,0.161
dtest_case_0239,chk_00629,t2,verified,True,rule_hc3,,0.787
dtest_case_0240,chk_00630,t0,unverifiable,False,rule_hc1,ERR_UNVERIFIABLE,0.456
dtest_case_0240,chk_00631,t1,verified,True,rule_hc3,,0.884
dtest_case_0241,chk_00632,t0,verified,True,none,,0.81
dtest_case_0242,chk_00633,t0,verified,True,rule_consistency,,0.907
dtest_case_0242,chk_00634,t1,constraint_violation,False,rule_hc1,ERR_UNVERIFIABLE,0.373
dtest_case_0242,chk_00635,t2,pending,False,rule_hc1,ERR_TYPE_MISMATCH,0.222
dtest_case_0243,chk_00636,t0,constraint_violation,False,rule_consistency,ERR_TYPE_MISMATCH,0.282
dtest_case_0243,chk_00637,t1,verified,True,rule_hc3,,0.811
dtest_case_0243,chk_00638,t2,verified,True,rule_hc3,,0.82
dtest_case_0244,chk_00639,t0,constraint_violation,False,rule_hc3,ERR_CONSTRAINT,0.139
dtest_case_0244,chk_00640,t1,pending,False,rule_consistency,ERR_SCHEMA_UNKNOWN,0.039
dtest_case_0244,chk_00641,t2,constraint_violation,False,rule_hc1,ERR_CONSTRAINT,0.47
dtest_case_0245,chk_00642,t0,verified,True,rule_hc3,,0.891
dtest_case_0245,chk_00643,t1,verified,True,rule_consistency,,0.818
dtest_case_0246,chk_00644,t0,verified,True,none,,0.563
dtest_case_0246,chk_00645,t1,unverifiable,False,rule_hc3,ERR_UNVERIFIABLE,0.252
dtest_case_0246,chk_00646,t2,constraint_violation,False,rule_hc1,ERR_SCHEMA_UNKNOWN,0.386
dtest_case_0247,chk_00647,t0,verified,True,rule_consistency,,0.557
dtest_case_0248,chk_00648,t0,verified,True,rule_consistency,,0.807
dtest_case_0249,chk_00649,t0,verified,True,none,,0.721
dtest_case_0249,chk_00650,t1,verified,True,rule_hc1,,0.736
dtest_case_0249,chk_00651,t2,verified,True,rule_hc2,,0.609
dtest_case_0250,chk_00652,t0,verified,True,rule_hc1,,0.663
dtest_case_0250,chk_00653,t1,verified,True,none,,0.931
dtest_case_0250,chk_00654,t2,verified,True,rule_hc3,,0.795
dtest_case_0251,chk_00655,t0,verified,True,rule_hc3,,0.836
dtest_case_0251,chk_00656,t1,verified,True,none,,0.534
dtest_case_0251,chk_00657,t2,verified,True,rule_hc2,,0.643
dtest_case_0252,chk_00658,t0,verified,True,rule_hc1,,0.531
dtest_case_0252,chk_00659,t1,constraint_violation,False,rule_hc2,ERR_CONSTRAINT,0.393
dtest_case_0252,chk_00660,t2,constraint_violation,False,rule_hc3,ERR_CONSTRAINT,0.08
dtest_case_0253,chk_00661,t0,verified,True,rule_consistency,,0.856
dtest_case_0253,chk_00662,t1,verified,True,rule_consistency,,0.552
dtest_case_0253,chk_00663,t2,unverifiable,False,rule_consistency,ERR_CONSTRAINT,0.015
dtest_case_0254,chk_00664,t0,verified,True,none,,0.534
dtest_case_0254,chk_00665,t1,verified,True,rule_hc3,,0.996
dtest_case_0254,chk_00666,t2,verified,True,rule_hc2,,0.729
dtest_case_0255,chk_00667,t0,constraint_violation,False,rule_hc3,ERR_CONSTRAINT,0.481
dtest_case_0255,chk_00668,t1,verified,True,rule_consistency,,0.591
dtest_case_0255,chk_00669,t2,verified,True,rule_hc3,,0.831
dtest_case_0256,chk_00670,t0,constraint_violation,False,rule_consistency,ERR_CONSTRAINT,0.5
dtest_case_0256,chk_00671,t1,verified,True,rule_hc2,,0.713
dtest_case_0257,chk_00672,t0,verified,True,rule_hc2,,0.659
dtest_case_0257,chk_00673,t1,verified,True,rule_consistency,,0.575
dtest_case_0257,chk_00674,t2,verified,True,rule_consistency,,0.593
dtest_case_0258,chk_00675,t0,verified,True,rule_consistency,,0.871
dtest_case_0258,chk_00676,t1,verified,True,rule_hc1,,0.83
dtest_case_0258,chk_00677,t2,verified,True,rule_consistency,,0.872
dtest_case_0259,chk_00678,t0,verified,True,rule_hc2,,0.905
dtest_case_0259,chk_00679,t1,unverifiable,False,rule_hc2,ERR_SCHEMA_UNKNOWN,0.016
dtest_case_0259,chk_00680,t2,constraint_violation,False,rule_consistency,ERR_UNVERIFIABLE,0.306
dtest_case_0260,chk_00681,t0,constraint_violation,False,none,ERR_SCHEMA_UNKNOWN,0.145
dtest_case_0260,chk_00682,t1,verified,True,rule_hc1,,0.984
dtest_case_0260,chk_00683,t2,verified,True,rule_hc1,,0.812
dtest_case_0261,chk_00684,t0,verified,True,none,,0.648
dtest_case_0261,chk_00685,t1,verified,True,rule_hc2,,0.64
dtest_case_0261,chk_00686,t2,verified,True,rule_hc1,,0.685
dtest_case_0262,chk_00687,t0,unverifiable,False,rule_hc3,ERR_UNVERIFIABLE,0.315
dtest_case_0262,chk_00688,t1,verified,True,rule_consistency,,0.643
dtest_case_0263,chk_00689,t0,verified,True,rule_hc1,,0.558
dtest_case_0263,chk_00690,t1,verified,True,rule_hc3,,0.957
dtest_case_0263,chk_00691,t2,verified,True,rule_hc3,,0.666
dtest_case_0264,chk_00692,t0,verified,True,rule_hc2,,0.572
dtest_case_0264,chk_00693,t1,verified,True,rule_hc1,,0.571
dtest_case_0264,chk_00694,t2,verified,True,rule_hc2,,0.886
dtest_case_0265,chk_00695,t0,constraint_violation,False,rule_hc1,ERR_TYPE_MISMATCH,0.437
dtest_case_0266,chk_00696,t0,verified,True,rule_consistency,,0.718
dtest_case_0266,chk_00697,t1,verified,True,rule_hc2,,0.672
dtest_case_0267,chk_00698,t0,pending,False,none,ERR_UNVERIFIABLE,0.271
dtest_case_0267,chk_00699,t1,unverifiable,False,rule_hc2,ERR_CONSTRAINT,0.339
dtest_case_0267,chk_00700,t2,constraint_violation,False,rule_consistency,ERR_CONSTRAINT,0.252
dtest_case_0268,chk_00701,t0,verified,True,rule_hc3,,0.58
dtest_case_0268,chk_00702,t1,constraint_violation,False,rule_consistency,ERR_TYPE_MISMATCH,0.019
dtest_case_0268,chk_00703,t2,unverifiable,False,rule_hc1,ERR_UNVERIFIABLE,0.125
dtest_case_0269,chk_00704,t0,verified,True,rule_consistency,,0.506
dtest_case_0269,chk_00705,t1,pending,False,none,ERR_SCHEMA_UNKNOWN,0.246
dtest_case_0269,chk_00706,t2,unverifiable,False,none,ERR_SCHEMA_UNKNOWN,0.319
dtest_case_0270,chk_00707,t0,verified,True,rule_hc1,,0.974
dtest_case_0270,chk_00708,t1,verified,True,rule_hc1,,0.78
dtest_case_0270,chk_00709,t2,constraint_violation,False,rule_hc2,ERR_UNVERIFIABLE,0.366
dtest_case_0271,chk_00710,t0,verified,True,rule_consistency,,0.854
dtest_case_0271,chk_00711,t1,verified,True,rule_hc1,,0.688
dtest_case_0271,chk_00712,t2,verified,True,none,,0.598
dtest_case_0272,chk_00713,t0,constraint_violation,False,none,ERR_TYPE_MISMATCH,0.213
dtest_case_0272,chk_00714,t1,verified,True,rule_hc2,,0.985
dtest_case_0272,chk_00715,t2,unverifiable,False,none,ERR_UNVERIFIABLE,0.167
dtest_case_0273,chk_00716,t0,constraint_violation,False,rule_hc3,ERR_TYPE_MISMATCH,0.125
dtest_case_0273,chk_00717,t1,unverifiable,False,none,ERR_SCHEMA_UNKNOWN,0.385
dtest_case_0273,chk_00718,t2,verified,True,rule_hc3,,0.866
dtest_case_0274,chk_00719,t0,unverifiable,False,rule_hc1,ERR_SCHEMA_UNKNOWN,0.496
dtest_case_0274,chk_00720,t1,verified,True,rule_hc3,,0.76
dtest_case_0275,chk_00721,t0,unverifiable,False,rule_hc3,ERR_TYPE_MISMATCH,0.453
dtest_case_0275,chk_00722,t1,constraint_violation,False,none,ERR_TYPE_MISMATCH,0.031
dtest_case_0276,chk_00723,t0,verified,True,rule_hc3,,0.915
dtest_case_0276,chk_00724,t1,verified,True,rule_hc1,,0.752
dtest_case_0276,chk_00725,t2,pending,False,rule_consistency,ERR_TYPE_MISMATCH,0.307
dtest_case_0277,chk_00726,t0,verified,True,rule_hc3,,0.631
dtest_case_0278,chk_00727,t0,verified,True,rule_consistency,,0.668
dtest_case_0278,chk_00728,t1,constraint_violation,False,rule_hc2,ERR_CONSTRAINT,0.045
dtest_case_0278,chk_00729,t2,verified,True,rule_hc1,,0.949
dtest_case_0279,chk_00730,t0,verified,True,none,,0.997
dtest_case_0279,chk_00731,t1,verified,True,rule_hc2,,0.938
dtest_case_0279,chk_00732,t2,constraint_violation,False,rule_hc3,ERR_UNVERIFIABLE,0.257
dtest_case_0280,chk_00733,t0,verified,True,rule_hc3,,0.822
dtest_case_0280,chk_00734,t1,verified,True,none,,0.833
dtest_case_0280,chk_00735,t2,constraint_violation,False,rule_hc1,ERR_SCHEMA_UNKNOWN,0.302
dtest_case_0281,chk_00736,t0,unverifiable,False,rule_hc2,ERR_TYPE_MISMATCH,0.166
dtest_case_0281,chk_00737,t1,verified,True,rule_hc2,,0.598
dtest_case_0281,chk_00738,t2,verified,True,rule_consistency,,0.975
dtest_case_0282,chk_00739,t0,unverifiable,False,rule_hc3,ERR_SCHEMA_UNKNOWN,0.43
dtest_case_0282,chk_00740,t1,unverifiable,False,rule_hc2,ERR_CONSTRAINT,0.171
dtest_case_0282,chk_00741,t2,constraint_violation,False,rule_hc1,ERR_CONSTRAINT,0.159
dtest_case_0283,chk_00742,t0,constraint_violation,False,rule_hc2,ERR_SCHEMA_UNKNOWN,0.275
dtest_case_0284,chk_00743,t0,constraint_violation,False,rule_consistency,ERR_SCHEMA_UNKNOWN,0.278
dtest_case_0284,chk_00744,t1,constraint_violation,False,rule_consistency,ERR_SCHEMA_UNKNOWN,0.225
dtest_case_0284,chk_00745,t2,constraint_violation,False,rule_hc2,ERR_UNVERIFIABLE,0.4
dtest_case_0285,chk_00746,t0,verified,True,none,,0.544
dtest_case_0285,chk_00747,t1,unverifiable,False,rule_hc3,ERR_TYPE_MISMATCH,0.386
dtest_case_0285,chk_00748,t2,verified,True,none,,0.671
dtest_case_0286,chk_00749,t0,verified,True,rule_hc1,,0.929
dtest_case_0286,chk_00750,t1,verified,True,rule_hc1,,0.744
dtest_case_0286,chk_00751,t2,constraint_violation,False,none,ERR_SCHEMA_UNKNOWN,0.36
dtest_case_0287,chk_00752,t0,constraint_violation,False,none,ERR_SCHEMA_UNKNOWN,0.129
dtest_case_0287,chk_00753,t1,verified,True,none,,0.618
dtest_case_0288,chk_00754,t0,verified,True,none,,0.515
dtest_case_0289,chk_00755,t0,constraint_violation,False,rule_hc1,ERR_UNVERIFIABLE,0.155
dtest_case_0289,chk_00756,t1,verified,True,rule_hc3,,0.513
dtest_case_0290,chk_00757,t0,verified,True,rule_hc3,,0.758
dtest_case_0290,chk_00758,t1,verified,True,rule_consistency,,0.885
dtest_case_0290,chk_00759,t2,unverifiable,False,rule_hc1,ERR_UNVERIFIABLE,0.475
dtest_case_0291,chk_00760,t0,unverifiable,False,none,ERR_SCHEMA_UNKNOWN,0.292
dtest_case_0291,chk_00761,t1,constraint_violation,False,rule_hc1,ERR_UNVERIFIABLE,0.046
dtest_case_0291,chk_00762,t2,pending,False,rule_hc1,ERR_UNVERIFIABLE,0.477
dtest_case_0292,chk_00763,t0,verified,True,none,,0.542
dtest_case_0292,chk_00764,t1,verified,True,rule_consistency,,0.695
dtest_case_0293,chk_00765,t0,unverifiable,False,rule_hc3,ERR_CONSTRAINT,0.342
dtest_case_0293,chk_00766,t1,verified,True,rule_consistency,,0.577
dtest_case_0293,chk_00767,t2,verified,True,none,,0.605
dtest_case_0294,chk_00768,t0,verified,True,none,,0.638
dtest_case_0294,chk_00769,t1,unverifiable,False,rule_consistency,ERR_SCHEMA_UNKNOWN,0.321
dtest_case_0295,chk_00770,t0,verified,True,rule_hc1,,0.679
dtest_case_0295,chk_00771,t1,constraint_violation,False,none,ERR_CONSTRAINT,0.431
dtest_case_0295,chk_00772,t2,constraint_violation,False,rule_consistency,ERR_SCHEMA_UNKNOWN,0.226
dtest_case_0296,chk_00773,t0,verified,True,rule_hc3,,0.665
dtest_case_0296,chk_00774,t1,verified,True,rule_hc2,,0.572
dtest_case_0296,chk_00775,t2,verified,True,rule_hc1,,0.985
dtest_case_0297,chk_00776,t0,constraint_violation,False,rule_hc3,ERR_CONSTRAINT,0.186
dtest_case_0297,chk_00777,t1,verified,True,rule_hc2,,0.731
dtest_case_0297,chk_00778,t2,unverifiable,False,rule_hc3,ERR_SCHEMA_UNKNOWN,0.304
dtest_case_0298,chk_00779,t0,constraint_violation,False,rule_hc3,ERR_SCHEMA_UNKNOWN,0.369
dtest_case_0298,chk_00780,t1,constraint_violation,False,rule_hc3,ERR_UNVERIFIABLE,0.375
dtest_case_0298,chk_00781,t2,verified,True,rule_consistency,,0.641
dtest_case_0299,chk_00782,t0,verified,True,rule_hc3,,0.785
dtest_case_0299,chk_00783,t1,verified,True,rule_consistency,,0.732
dtest_case_0299,chk_00784,t2,unverifiable,False,rule_hc2,ERR_SCHEMA_UNKNOWN,0.358
dtest_case_0300,chk_00785,t0,constraint_violation,False,rule_consistency,ERR_TYPE_MISMATCH,0.285
dtest_case_0300,chk_00786,t1,verified,True,rule_hc2,,0.71
dtest_case_0300,chk_00787,t2,unverifiable,False,rule_hc3,ERR_UNVERIFIABLE,0.457
dtest_case_0301,chk_00788,t0,constraint_violation,False,rule_hc3,ERR_UNVERIFIABLE,0.447
dtest_case_0301,chk_00789,t1,unverifiable,False,rule_hc3,ERR_TYPE_MISMATCH,0.106
dtest_case_0301,chk_00790,t2,constraint_violation,False,rule_consistency,ERR_TYPE_MISMATCH,0.326
dtest_case_0302,chk_00791,t0,pending,False,rule_consistency,ERR_UNVERIFIABLE,0.399
dtest_case_0302,chk_00792,t1,verified,True,rule_hc1,,0.567
dtest_case_0302,chk_00793,t2,verified,True,rule_hc3,,0.526
dtest_case_0303,chk_00794,t0,verified,True,rule_hc3,,0.923
dtest_case_0303,chk_00795,t1,verified,True,rule_consistency,,0.666
dtest_case_0303,chk_00796,t2,verified,True,rule_hc1,,0.864
dtest_case_0304,chk_00797,t0,verified,True,rule_hc3,,0.985
dtest_case_0305,chk_00798,t0,verified,True,none,,0.549
dtest_case_0305,chk_00799,t1,constraint_violation,False,rule_hc2,ERR_TYPE_MISMATCH,0.442
dtest_case_0305,chk_00800,t2,constraint_violation,False,none,ERR_SCHEMA_UNKNOWN,0.2
dtest_case_0306,chk_00801,t0,constraint_violation,False,rule_hc2,ERR_TYPE_MISMATCH,0.241
dtest_case_0306,chk_00802,t1,unverifiable,False,rule_hc2,ERR_TYPE_MISMATCH,0.443
dtest_case_0307,chk_00803,t0,verified,True,none,,0.814
dtest_case_0307,chk_00804,t1,verified,True,none,,0.646
dtest_case_0307,chk_00805,t2,constraint_violation,False,rule_hc1,ERR_UNVERIFIABLE,0.202
dtest_case_0308,chk_00806,t0,verified,True,rule_hc3,,0.653
dtest_case_0308,chk_00807,t1,unverifiable,False,rule_hc2,ERR_CONSTRAINT,0.417
dtest_case_0308,chk_00808,t2,constraint_violation,False,rule_hc1,ERR_TYPE_MISMATCH,0.09
dtest_case_0309,chk_00809,t0,verified,True,rule_hc2,,0.754
dtest_case_0309,chk_00810,t1,constraint_violation,False,rule_hc1,ERR_TYPE_MISMATCH,0.389
dtest_case_0310,chk_00811,t0,constraint_violation,False,rule_consistency,ERR_UNVERIFIABLE,0.129
dtest_case_0310,chk_00812,t1,unverifiable,False,none,ERR_UNVERIFIABLE,0.092
dtest_case_0310,chk_00813,t2,unverifiable,False,rule_consistency,ERR_UNVERIFIABLE,0.453
dtest_case_0311,chk_00814,t0,verified,True,rule_consistency,,0.683
dtest_case_0311,chk_00815,t1,verified,True,rule_hc1,,0.725
dtest_case_0311,chk_00816,t2,pending,False,rule_consistency,ERR_SCHEMA_UNKNOWN,0.467
dtest_case_0312,chk_00817,t0,constraint_violation,False,rule_consistency,ERR_CONSTRAINT,0.359
dtest_case_0312,chk_00818,t1,unverifiable,False,rule_hc2,ERR_SCHEMA_UNKNOWN,0.268
dtest_case_0312,chk_00819,t2,verified,True,none,,0.77
dtest_case_0313,chk_00820,t0,verified,True,rule_hc2,,0.907
dtest_case_0313,chk_00821,t1,pending,False,rule_consistency,ERR_TYPE_MISMATCH,0.496
dtest_case_0313,chk_00822,t2,verified,True,rule_consistency,,0.531
dtest_case_0314,chk_00823,t0,verified,True,rule_consistency,,0.658
dtest_case_0315,chk_00824,t0,constraint_violation,False,rule_hc1,ERR_CONSTRAINT,0.088
dtest_case_0315,chk_00825,t1,verified,True,rule_hc1,,0.767
dtest_case_0315,chk_00826,t2,verified,True,rule_hc3,,0.699
dtest_case_0316,chk_00827,t0,verified,True,rule_hc1,,0.913
dtest_case_0316,chk_00828,t1,unverifiable,False,rule_consistency,ERR_TYPE_MISMATCH,0.342
dtest_case_0316,chk_00829,t2,constraint_violation,False,none,ERR_TYPE_MISMATCH,0.104
dtest_case_0317,chk_00830,t0,constraint_violation,False,rule_consistency,ERR_CONSTRAINT,0.139
dtest_case_0317,chk_00831,t1,constraint_violation,False,rule_consistency,ERR_SCHEMA_UNKNOWN,0.249
dtest_case_0317,chk_00832,t2,verified,True,none,,0.648
dtest_case_0318,chk_00833,t0,verified,True,rule_hc1,,0.92
dtest_case_0318,chk_00834,t1,constraint_violation,False,rule_hc2,ERR_SCHEMA_UNKNOWN,0.064
dtest_case_0319,chk_00835,t0,constraint_violation,False,rule_consistency,ERR_CONSTRAINT,0.415
dtest_case_0319,chk_00836,t1,verified,True,rule_hc2,,0.823
dtest_case_0320,chk_00837,t0,constraint_violation,False,rule_hc3,ERR_TYPE_MISMATCH,0.081
dtest_case_0320,chk_00838,t1,verified,True,rule_hc2,,0.669
dtest_case_0320,chk_00839,t2,verified,True,rule_hc1,,0.833
dtest_case_0321,chk_00840,t0,verified,True,none,,0.918
dtest_case_0321,chk_00841,t1,verified,True,rule_hc1,,0.812
dtest_case_0322,chk_00842,t0,verified,True,none,,0.596
dtest_case_0322,chk_00843,t1,constraint_violation,False,rule_consistency,ERR_TYPE_MISMATCH,0.211
dtest_case_0322,chk_00844,t2,unverifiable,False,rule_hc2,ERR_UNVERIFIABLE,0.383
dtest_case_0323,chk_00845,t0,constraint_violation,False,rule_hc3,ERR_CONSTRAINT,0.039
dtest_case_0323,chk_00846,t1,verified,True,rule_consistency,,0.787
dtest_case_0323,chk_00847,t2,pending,False,none,ERR_CONSTRAINT,0.219
dtest_case_0324,chk_00848,t0,constraint_violation,False,rule_hc1,ERR_CONSTRAINT,0.346
dtest_case_0324,chk_00849,t1,verified,True,rule_hc2,,0.704
dtest_case_0324,chk_00850,t2,constraint_violation,False,rule_hc1,ERR_UNVERIFIABLE,0.062
dtest_case_0325,chk_00851,t0,constraint_violation,False,rule_hc3,ERR_CONSTRAINT,0.187
dtest_case_0325,chk_00852,t1,verified,True,rule_consistency,,0.847
dtest_case_0325,chk_00853,t2,constraint_violation,False,none,ERR_SCHEMA_UNKNOWN,0.391
dtest_case_0326,chk_00854,t0,verified,True,rule_hc2,,0.834
dtest_case_0327,chk_00855,t0,verified,True,rule_consistency,,0.55
dtest_case_0327,chk_00856,t1,verified,True,rule_hc3,,0.811
dtest_case_0327,chk_00857,t2,verified,True,rule_hc1,,0.6
dtest_case_0328,chk_00858,t0,unverifiable,False,rule_hc1,ERR_SCHEMA_UNKNOWN,0.198
dtest_case_0328,chk_00859,t1,verified,True,rule_hc2,,0.825
dtest_case_0328,chk_00860,t2,verified,True,rule_consistency,,0.867
dtest_case_0329,chk_00861,t0,verified,True,rule_hc3,,0.83
dtest_case_0329,chk_00862,t1,verified,True,rule_consistency,,0.641
dtest_case_0329,chk_00863,t2,unverifiable,False,rule_hc2,ERR_CONSTRAINT,0.173
dtest_case_0330,chk_00864,t0,verified,True,rule_consistency,,0.729
dtest_case_0330,chk_00865,t1,constraint_violation,False,rule_hc2,ERR_UNVERIFIABLE,0.047
dtest_case_0330,chk_00866,t2,verified,True,rule_hc1,,0.524
dtest_case_0331,chk_00867,t0,verified,True,rule_hc2,,0.964
dtest_case_0331,chk_00868,t1,unverifiable,False,rule_hc1,ERR_CONSTRAINT,0.022
dtest_case_0331,chk_00869,t2,unverifiable,False,rule_hc2,ERR_SCHEMA_UNKNOWN,0.091
dtest_case_0332,chk_00870,t0,verified,True,rule_hc3,,0.695
dtest_case_0332,chk_00871,t1,verified,True,none,,0.98
dtest_case_0332,chk_00872,t2,verified,True,rule_consistency,,0.89
dtest_case_0333,chk_00873,t0,verified,True,rule_hc1,,0.827
dtest_case_0333,chk_00874,t1,pending,False,rule_hc2,ERR_UNVERIFIABLE,0.163
dtest_case_0333,chk_00875,t2,verified,True,rule_hc3,,0.572
dtest_case_0334,chk_00876,t0,verified,True,rule_hc3,,0.579
dtest_case_0334,chk_00877,t1,verified,True,rule_hc3,,0.946
dtest_case_0334,chk_00878,t2,constraint_violation,False,rule_hc2,ERR_CONSTRAINT,0.069
dtest_case_0335,chk_00879,t0,verified,True,none,,0.55
dtest_case_0335,chk_00880,t1,verified,True,rule_consistency,,0.891
dtest_case_0336,chk_00881,t0,verified,True,rule_hc2,,0.817
dtest_case_0336,chk_00882,t1,verified,True,rule_hc1,,0.749
dtest_case_0336,chk_00883,t2,verified,True,rule_hc3,,0.522
dtest_case_0337,chk_00884,t0,verified,True,rule_hc3,,0.786
dtest_case_0337,chk_00885,t1,verified,True,rule_hc2,,0.627
dtest_case_0337,chk_00886,t2,unverifiable,False,rule_hc1,ERR_TYPE_MISMATCH,0.412
dtest_case_0338,chk_00887,t0,constraint_violation,False,rule_hc2,ERR_TYPE_MISMATCH,0.303
dtest_case_0338,chk_00888,t1,verified,True,rule_consistency,,0.559
dtest_case_0338,chk_00889,t2,verified,True,none,,0.723
dtest_case_0339,chk_00890,t0,verified,True,rule_consistency,,0.818
dtest_case_0339,chk_00891,t1,constraint_violation,False,none,ERR_UNVERIFIABLE,0.284
dtest_case_0339,chk_00892,t2,verified,True,none,,0.672
dtest_case_0340,chk_00893,t0,verified,True,rule_hc1,,0.941
dtest_case_0340,chk_00894,t1,verified,True,rule_hc2,,0.878
dtest_case_0341,chk_00895,t0,verified,True,rule_hc1,,0.87
dtest_case_0341,chk_00896,t1,verified,True,rule_hc3,,0.922
dtest_case_0341,chk_00897,t2,unverifiable,False,rule_hc2,ERR_SCHEMA_UNKNOWN,0.433
dtest_case_0342,chk_00898,t0,verified,True,rule_hc2,,0.875
dtest_case_0342,chk_00899,t1,verified,True,rule_hc1,,0.714
dtest_case_0342,chk_00900,t2,verified,True,rule_consistency,,0.612
dtest_case_0343,chk_00901,t0,unverifiable,False,rule_consistency,ERR_TYPE_MISMATCH,0.47
dtest_case_0343,chk_00902,t1,verified,True,rule_consistency,,0.753
dtest_case_0343,chk_00903,t2,unverifiable,False,rule_hc2,ERR_UNVERIFIABLE,0.29
dtest_case_0344,chk_00904,t0,constraint_violation,False,rule_hc1,ERR_CONSTRAINT,0.467
dtest_case_0344,chk_00905,t1,verified,True,none,,0.513
dtest_case_0344,chk_00906,t2,verified,True,rule_hc2,,0.739
dtest_case_0345,chk_00907,t0,constraint_violation,False,rule_hc2,ERR_SCHEMA_UNKNOWN,0.108
dtest_case_0345,chk_00908,t1,verified,True,none,,0.787
dtest_case_0345,chk_00909,t2,verified,True,none,,0.862
dtest_case_0346,chk_00910,t0,verified,True,rule_hc2,,0.665
dtest_case_0346,chk_00911,t1,verified,True,rule_consistency,,0.993
dtest_case_0346,chk_00912,t2,unverifiable,False,none,ERR_CONSTRAINT,0.102
dtest_case_0347,chk_00913,t0,constraint_violation,False,rule_hc3,ERR_SCHEMA_UNKNOWN,0.419
dtest_case_0347,chk_00914,t1,verified,True,rule_hc3,,0.512
dtest_case_0347,chk_00915,t2,verified,True,rule_hc2,,0.887
dtest_case_0348,chk_00916,t0,constraint_violation,False,rule_hc2,ERR_UNVERIFIABLE,0.052
dtest_case_0348,chk_00917,t1,verified,True,rule_hc2,,0.86
dtest_case_0349,chk_00918,t0,unverifiable,False,rule_hc2,ERR_TYPE_MISMATCH,0.286
dtest_case_0349,chk_00919,t1,verified,True,rule_hc3,,0.792
dtest_case_0349,chk_00920,t2,pending,False,rule_hc3,ERR_CONSTRAINT,0.47
dtest_case_0350,chk_00921,t0,unverifiable,False,rule_hc2,ERR_CONSTRAINT,0.342
dtest_case_0350,chk_00922,t1,verified,True,rule_hc2,,0.925
dtest_case_0351,chk_00923,t0,constraint_violation,False,rule_hc3,ERR_CONSTRAINT,0.372
dtest_case_0351,chk_00924,t1,verified,True,none,,0.545
dtest_case_0351,chk_00925,t2,verified,True,rule_hc1,,0.952
dtest_case_0352,chk_00926,t0,verified,True,none,,0.732
dtest_case_0353,chk_00927,t0,verified,True,rule_hc1,,0.808
dtest_case_0353,chk_00928,t1,verified,True,rule_hc3,,0.688
dtest_case_0354,chk_00929,t0,unverifiable,False,rule_hc1,ERR_UNVERIFIABLE,0.014
dtest_case_0354,chk_00930,t1,pending,False,rule_consistency,ERR_UNVERIFIABLE,0.004
dtest_case_0354,chk_00931,t2,unverifiable,False,rule_consistency,ERR_SCHEMA_UNKNOWN,0.018
dtest_case_0355,chk_00932,t0,verified,True,none,,0.644
dtest_case_0355,chk_00933,t1,pending,False,rule_hc3,ERR_CONSTRAINT,0.198
dtest_case_0355,chk_00934,t2,verified,True,rule_hc3,,0.776
dtest_case_0356,chk_00935,t0,verified,True,none,,0.963
dtest_case_0356,chk_00936,t1,verified,True,rule_hc2,,0.772
dtest_case_0356,chk_00937,t2,verified,True,none,,0.674
dtest_case_0357,chk_00938,t0,constraint_violation,False,rule_hc3,ERR_UNVERIFIABLE,0.317
dtest_case_0358,chk_00939,t0,verified,True,none,,0.71
dtest_case_0359,chk_00940,t0,constraint_violation,False,none,ERR_CONSTRAINT,0.148
dtest_case_0359,chk_00941,t1,verified,True,none,,0.829
dtest_case_0359,chk_00942,t2,verified,True,rule_hc3,,0.76
dtest_case_0360,chk_00943,t0,verified,True,none,,0.796
dtest_case_0361,chk_00944,t0,verified,True,rule_hc3,,0.965
dtest_case_0361,chk_00945,t1,verified,True,rule_consistency,,0.657
dtest_case_0361,chk_00946,t2,verified,True,rule_hc3,,0.987
dtest_case_0362,chk_00947,t0,verified,True,rule_hc1,,0.664
dtest_case_0362,chk_00948,t1,verified,True,rule_consistency,,0.739
dtest_case_0362,chk_00949,t2,verified,True,none,,0.525
dtest_case_0363,chk_00950,t0,constraint_violation,False,rule_hc1,ERR_SCHEMA_UNKNOWN,0.293
dtest_case_0363,chk_00951,t1,constraint_violation,False,rule_consistency,ERR_UNVERIFIABLE,0.024
dtest_case_0363,chk_00952,t2,verified,True,rule_hc1,,0.897
dtest_case_0364,chk_00953,t0,constraint_violation,False,rule_consistency,ERR_TYPE_MISMATCH,0.405
dtest_case_0364,chk_00954,t1,verified,True,rule_hc3,,0.923
dtest_case_0365,chk_00955,t0,unverifiable,False,rule_hc2,ERR_SCHEMA_UNKNOWN,0.058
dtest_case_0365,chk_00956,t1,verified,True,none,,0.789
dtest_case_0366,chk_00957,t0,verified,True,none,,0.834
dtest_case_0366,chk_00958,t1,unverifiable,False,rule_consistency,ERR_SCHEMA_UNKNOWN,0.087
dtest_case_0366,chk_00959,t2,verified,True,rule_hc3,,0.629
dtest_case_0367,chk_00960,t0,constraint_violation,False,none,ERR_SCHEMA_UNKNOWN,0.025
dtest_case_0367,chk_00961,t1,unverifiable,False,none,ERR_CONSTRAINT,0.452
dtest_case_0368,chk_00962,t0,verified,True,none,,0.965
dtest_case_0368,chk_00963,t1,unverifiable,False,rule_hc1,ERR_UNVERIFIABLE,0.06
dtest_case_0368,chk_00964,t2,verified,True,rule_consistency,,0.693
